0.000000000000000000e+00 1.000000000000000000e+00
1.250000000000000000e-01 1.000000000000000000e+00
2.500000000000000000e-01 1.000000000000000000e+00
3.750000000000000000e-01 1.000000000000000000e+00
5.000000000000000000e-01 1.000000000000000000e+00
6.250000000000000000e-01 1.000000000000000000e+00
7.500000000000000000e-01 1.000000000000000000e+00
8.750000000000000000e-01 1.000000000000000000e+00
1.000000000000000000e+00 1.000000000000000000e+00
1.125000000000000000e+00 1.000000000000000000e+00
1.250000000000000000e+00 1.000000000000000000e+00
1.375000000000000000e+00 1.000000000000000000e+00
1.500000000000000000e+00 1.000000000000000000e+00
1.625000000000000000e+00 1.000000000000000000e+00
1.750000000000000000e+00 1.000000000000000000e+00
1.875000000000000000e+00 1.000000000000000000e+00
2.000000000000000000e+00 1.000000000000000000e+00
2.125000000000000000e+00 1.000000000000000000e+00
2.250000000000000000e+00 1.000000000000000000e+00
2.375000000000000000e+00 1.000000000000000000e+00
2.500000000000000000e+00 1.000000000000000000e+00
2.625000000000000000e+00 1.000000000000000000e+00
2.750000000000000000e+00 1.000000000000000000e+00
2.875000000000000000e+00 1.000000000000000000e+00
3.000000000000000000e+00 1.000000000000000000e+00
3.125000000000000000e+00 1.000000000000000000e+00
3.250000000000000000e+00 1.000000000000000000e+00
3.375000000000000000e+00 1.000000000000000000e+00
3.500000000000000000e+00 1.000000000000000000e+00
3.625000000000000000e+00 1.000000000000000000e+00
3.750000000000000000e+00 1.000000000000000000e+00
3.875000000000000000e+00 1.000000000000000000e+00
4.000000000000000000e+00 1.000000000000000000e+00
4.125000000000000000e+00 1.000000000000000000e+00
4.250000000000000000e+00 1.000000000000000000e+00
4.375000000000000000e+00 1.000000000000000000e+00
4.500000000000000000e+00 1.000000000000000000e+00
4.625000000000000000e+00 1.000000000000000000e+00
4.750000000000000000e+00 1.000000000000000000e+00
4.875000000000000000e+00 1.000000000000000000e+00
5.000000000000000000e+00 1.000000000000000000e+00
5.125000000000000000e+00 1.000000000000000000e+00
5.250000000000000000e+00 1.000000000000000000e+00
5.375000000000000000e+00 1.000000000000000000e+00
5.500000000000000000e+00 1.000000000000000000e+00
5.625000000000000000e+00 1.000000000000000000e+00
5.750000000000000000e+00 1.000000000000000000e+00
5.875000000000000000e+00 1.000000000000000000e+00
6.000000000000000000e+00 1.000000000000000000e+00
6.125000000000000000e+00 1.000000000000000000e+00
6.250000000000000000e+00 1.000000000000000000e+00
6.375000000000000000e+00 1.000000000000000000e+00
6.500000000000000000e+00 1.000000000000000000e+00
6.625000000000000000e+00 1.000000000000000000e+00
6.750000000000000000e+00 1.000000000000000000e+00
6.875000000000000000e+00 1.000000000000000000e+00
7.000000000000000000e+00 1.000000000000000000e+00
7.125000000000000000e+00 1.000000000000000000e+00
7.250000000000000000e+00 1.000000000000000000e+00
7.375000000000000000e+00 1.000000000000000000e+00
7.500000000000000000e+00 1.000000000000000000e+00
7.625000000000000000e+00 1.000000000000000000e+00
7.750000000000000000e+00 1.000000000000000000e+00
7.875000000000000000e+00 1.000000000000000000e+00
8.000000000000000000e+00 1.000000000000000000e+00
8.125000000000000000e+00 1.000000000000000000e+00
8.250000000000000000e+00 1.000000000000000000e+00
8.375000000000000000e+00 1.000000000000000000e+00
8.500000000000000000e+00 1.000000000000000000e+00
8.625000000000000000e+00 1.000000000000000000e+00
8.750000000000000000e+00 1.000000000000000000e+00
8.875000000000000000e+00 1.000000000000000000e+00
9.000000000000000000e+00 1.000000000000000000e+00
9.125000000000000000e+00 1.000000000000000000e+00
9.250000000000000000e+00 1.000000000000000000e+00
9.375000000000000000e+00 1.000000000000000000e+00
9.500000000000000000e+00 1.000000000000000000e+00
9.625000000000000000e+00 1.000000000000000000e+00
9.750000000000000000e+00 1.000000000000000000e+00
9.875000000000000000e+00 1.000000000000000000e+00
1.000000000000000000e+01 1.000000000000000000e+00
1.012500000000000000e+01 1.000000000000000000e+00
1.025000000000000000e+01 1.000000000000000000e+00
1.037500000000000000e+01 1.000000000000000000e+00
1.050000000000000000e+01 1.000000000000000000e+00
1.062500000000000000e+01 1.000000000000000000e+00
1.075000000000000000e+01 1.000000000000000000e+00
1.087500000000000000e+01 1.000000000000000000e+00
1.100000000000000000e+01 1.000000000000000000e+00
1.112500000000000000e+01 1.000000000000000000e+00
1.125000000000000000e+01 1.000000000000000000e+00
1.137500000000000000e+01 1.000000000000000000e+00
1.150000000000000000e+01 1.000000000000000000e+00
1.162500000000000000e+01 1.000000000000000000e+00
1.175000000000000000e+01 1.000000000000000000e+00
1.187500000000000000e+01 1.000000000000000000e+00
1.200000000000000000e+01 1.000000000000000000e+00
1.212500000000000000e+01 1.000000000000000000e+00
1.225000000000000000e+01 1.000000000000000000e+00
1.237500000000000000e+01 1.000000000000000000e+00
1.250000000000000000e+01 1.000000000000000000e+00
1.262500000000000000e+01 1.000000000000000000e+00
1.275000000000000000e+01 1.000000000000000000e+00
1.287500000000000000e+01 1.000000000000000000e+00
1.300000000000000000e+01 1.000000000000000000e+00
1.312500000000000000e+01 1.000000000000000000e+00
1.325000000000000000e+01 1.000000000000000000e+00
1.337500000000000000e+01 1.000000000000000000e+00
1.350000000000000000e+01 1.000000000000000000e+00
1.362500000000000000e+01 1.000000000000000000e+00
1.375000000000000000e+01 1.000000000000000000e+00
1.387500000000000000e+01 1.000000000000000000e+00
1.400000000000000000e+01 1.000000000000000000e+00
1.412500000000000000e+01 1.000000000000000000e+00
1.425000000000000000e+01 1.000000000000000000e+00
1.437500000000000000e+01 1.000000000000000000e+00
1.450000000000000000e+01 1.000000000000000000e+00
1.462500000000000000e+01 1.000000000000000000e+00
1.475000000000000000e+01 1.000000000000000000e+00
1.487500000000000000e+01 1.000000000000000000e+00
1.500000000000000000e+01 1.000000000000000000e+00
1.512500000000000000e+01 1.000000000000000000e+00
1.525000000000000000e+01 1.000000000000000000e+00
1.537500000000000000e+01 1.000000000000000000e+00
1.550000000000000000e+01 1.000000000000000000e+00
1.562500000000000000e+01 1.000000000000000000e+00
1.575000000000000000e+01 1.000000000000000000e+00
1.587500000000000000e+01 1.000000000000000000e+00
1.600000000000000000e+01 1.000000000000000000e+00
1.612500000000000000e+01 1.000000000000000000e+00
1.625000000000000000e+01 1.000000000000000000e+00
1.637500000000000000e+01 1.000000000000000000e+00
1.650000000000000000e+01 1.000000000000000000e+00
1.662500000000000000e+01 1.000000000000000000e+00
1.675000000000000000e+01 1.000000000000000000e+00
1.687500000000000000e+01 1.000000000000000000e+00
1.700000000000000000e+01 1.000000000000000000e+00
1.712500000000000000e+01 1.000000000000000000e+00
1.725000000000000000e+01 1.000000000000000000e+00
1.737500000000000000e+01 1.000000000000000000e+00
1.750000000000000000e+01 1.000000000000000000e+00
1.762500000000000000e+01 1.000000000000000000e+00
1.775000000000000000e+01 1.000000000000000000e+00
1.787500000000000000e+01 1.000000000000000000e+00
1.800000000000000000e+01 1.000000000000000000e+00
1.812500000000000000e+01 1.000000000000000000e+00
1.825000000000000000e+01 1.000000000000000000e+00
1.837500000000000000e+01 1.000000000000000000e+00
1.850000000000000000e+01 1.000000000000000000e+00
1.862500000000000000e+01 1.000000000000000000e+00
1.875000000000000000e+01 1.000000000000000000e+00
1.887500000000000000e+01 1.000000000000000000e+00
1.900000000000000000e+01 1.000000000000000000e+00
1.912500000000000000e+01 1.000000000000000000e+00
1.925000000000000000e+01 1.000000000000000000e+00
1.937500000000000000e+01 1.000000000000000000e+00
1.950000000000000000e+01 1.000000000000000000e+00
1.962500000000000000e+01 1.000000000000000000e+00
1.975000000000000000e+01 1.000000000000000000e+00
1.987500000000000000e+01 1.000000000000000000e+00
2.000000000000000000e+01 1.013900493661826549e-43
2.012500000000000000e+01 5.189251418493855636e-42
2.025000000000000000e+01 2.374613950904447937e-43
2.037500000000000000e+01 1.422580171574411819e-43
2.050000000000000000e+01 1.026051550734949272e-43
2.062500000000000000e+01 6.854062382041696497e-44
2.075000000000000000e+01 1.773237093888377663e-42
2.087500000000000000e+01 5.914642396456661310e-43
2.100000000000000000e+01 1.248752628949484261e-43
2.112500000000000000e+01 4.617605414443995516e-44
2.125000000000000000e+01 2.889362397742964157e-44
2.137500000000000000e+01 3.933225441059413526e-44
2.150000000000000000e+01 3.326833636072589766e-44
2.162500000000000000e+01 2.856055694517599802e-44
2.175000000000000000e+01 3.053110968803857847e-44
2.187500000000000000e+01 5.871934208615389917e-42
2.200000000000000000e+01 8.950193744506368471e-43
2.212500000000000000e+01 2.935050947574533736e-43
2.225000000000000000e+01 3.618929143956071267e-43
2.237500000000000000e+01 1.514530887231993547e-42
2.250000000000000000e+01 2.069111077920534659e-44
2.262500000000000000e+01 1.062957492581887585e-44
2.275000000000000000e+01 1.406900201894691672e-44
2.287500000000000000e+01 1.226169352521246340e-44
2.300000000000000000e+01 8.470203889528346720e-45
2.312500000000000000e+01 1.062821255598789613e-44
2.325000000000000000e+01 7.655299511101122372e-45
2.337500000000000000e+01 6.709709756926625120e-45
2.350000000000000000e+01 4.523981777169822058e-45
2.362500000000000000e+01 5.671811954223187126e-45
2.375000000000000000e+01 8.493791464948550691e-45
2.387500000000000000e+01 6.062715986232107351e-45
2.400000000000000000e+01 8.822864954398535464e-45
2.412500000000000000e+01 8.450420263450797564e-45
2.425000000000000000e+01 6.764430416092358258e-45
2.437500000000000000e+01 5.762530402472459394e-45
2.450000000000000000e+01 5.588200079046703758e-45
2.462500000000000000e+01 4.925313695201050109e-45
2.475000000000000000e+01 5.354966754659620645e-45
2.487500000000000000e+01 5.473763779719409898e-45
2.500000000000000000e+01 6.181762880262016828e-45
2.512500000000000000e+01 5.224097705869232315e-45
2.525000000000000000e+01 3.744258139029584487e-45
2.537500000000000000e+01 3.546784715132456749e-45
2.550000000000000000e+01 2.749985181406239132e-45
2.562500000000000000e+01 2.231420408334860677e-45
2.575000000000000000e+01 1.947093607090856634e-45
2.587500000000000000e+01 2.317948337155559571e-45
2.600000000000000000e+01 2.899792615387434260e-45
2.612500000000000000e+01 2.595930353456635060e-45
2.625000000000000000e+01 2.038691936895853101e-45
2.637500000000000000e+01 2.072407076395496191e-45
2.650000000000000000e+01 2.051440430113093008e-45
2.662500000000000000e+01 2.199990539308378490e-45
2.675000000000000000e+01 1.806307346549254990e-45
2.687500000000000000e+01 2.138742941961292800e-45
2.700000000000000000e+01 2.735266089947580258e-45
2.712500000000000000e+01 2.979115634336868697e-45
2.725000000000000000e+01 2.173061229408001852e-45
2.737500000000000000e+01 3.555796845180807229e-45
2.750000000000000000e+01 4.695496429495248222e-45
2.762500000000000000e+01 3.017778386897715855e-45
2.775000000000000000e+01 3.787220996358847542e-45
2.787500000000000000e+01 1.620755942985702610e-45
2.800000000000000000e+01 1.635566981277035816e-45
2.812500000000000000e+01 2.249937089637089128e-45
2.825000000000000000e+01 4.167557354994954101e-45
2.837500000000000000e+01 1.779441562329058555e-45
2.850000000000000000e+01 1.925607464291579366e-45
2.862500000000000000e+01 1.908399866361758122e-45
2.875000000000000000e+01 1.512869591315864377e-45
2.887500000000000000e+01 1.344631245135519259e-45
2.900000000000000000e+01 1.395167360161509575e-45
2.912500000000000000e+01 1.378227349189269533e-45
2.925000000000000000e+01 1.142424534610406955e-45
2.937500000000000000e+01 1.050283579062823076e-45
2.950000000000000000e+01 1.124233262134950436e-45
2.962500000000000000e+01 1.069686013370098371e-45
2.975000000000000000e+01 1.517734799752299253e-45
2.987500000000000000e+01 2.312831353107161654e-45
3.000000000000000000e+01 1.349018708205477039e-45
3.012500000000000000e+01 1.239955316977198208e-45
3.025000000000000000e+01 8.083800880645465434e-46
3.037500000000000000e+01 7.567217496277398020e-46
3.050000000000000000e+01 7.459829998420677489e-46
3.062500000000000000e+01 6.673485902213538170e-46
3.075000000000000000e+01 9.887184915937926014e-46
3.087500000000000000e+01 6.896637490420331791e-46
3.100000000000000000e+01 7.250941013427761182e-46
3.112500000000000000e+01 7.047487711323067485e-46
3.125000000000000000e+01 6.695432850012116274e-46
3.137500000000000000e+01 5.986691608682983139e-46
3.150000000000000000e+01 6.360364008213738621e-46
3.162500000000000000e+01 5.820709854512507111e-46
3.175000000000000000e+01 6.338078159817785664e-46
3.187500000000000000e+01 6.090823188275706337e-46
3.200000000000000000e+01 4.682081094575951820e-46
3.212500000000000000e+01 5.774162813830731443e-46
3.225000000000000000e+01 5.462749636397373119e-46
3.237500000000000000e+01 5.734719282442214663e-46
3.250000000000000000e+01 5.134681636760270384e-46
3.262500000000000000e+01 4.736834890170337567e-46
3.275000000000000000e+01 3.989801953849162428e-46
3.287500000000000000e+01 3.768035658398927144e-46
3.300000000000000000e+01 5.167607898904617667e-46
3.312500000000000000e+01 4.844396907726329902e-46
3.325000000000000000e+01 5.293847156744944528e-46
3.337500000000000000e+01 4.014805132994492420e-46
3.350000000000000000e+01 5.049372108770193804e-46
3.362500000000000000e+01 3.959832683854048820e-46
3.375000000000000000e+01 3.806369555226754623e-46
3.387500000000000000e+01 4.591374432692361113e-46
3.400000000000000000e+01 4.158376934887002907e-46
3.412500000000000000e+01 4.772650378034509315e-46
3.425000000000000000e+01 4.941945572892273347e-46
3.437500000000000000e+01 3.760551085205806689e-46
3.450000000000000000e+01 4.418587314251545191e-46
3.462500000000000000e+01 3.710781553586786052e-46
3.475000000000000000e+01 4.162644543103931605e-46
3.487500000000000000e+01 4.335218230436396580e-46
3.500000000000000000e+01 3.718508473616729225e-46
3.512500000000000000e+01 4.432896019821180510e-46
3.525000000000000000e+01 4.088711245597774302e-46
3.537500000000000000e+01 4.766814025801106288e-46
3.550000000000000000e+01 4.140379688434351159e-46
3.562500000000000000e+01 1.337469582371363120e-45
3.575000000000000000e+01 2.601707449199834596e-45
3.587500000000000000e+01 4.024676124889952056e-46
3.600000000000000000e+01 4.676018103504606418e-46
3.612500000000000000e+01 3.603525921870545887e-46
3.625000000000000000e+01 3.624339053194065726e-46
3.637500000000000000e+01 3.981143902122954184e-46
3.650000000000000000e+01 2.930342979879949739e-46
3.662500000000000000e+01 3.603084801557804225e-46
3.675000000000000000e+01 3.474435701266826853e-46
3.687500000000000000e+01 2.613534074888317592e-46
3.700000000000000000e+01 2.638147703734821791e-46
3.712500000000000000e+01 2.797044494901602784e-46
3.725000000000000000e+01 3.232432278570042818e-46
3.737500000000000000e+01 2.510521867183432618e-46
3.750000000000000000e+01 4.009732908935925920e-46
3.762500000000000000e+01 2.616163561195067427e-46
3.775000000000000000e+01 3.295665326597943797e-46
3.787500000000000000e+01 3.115836591490974121e-46
3.800000000000000000e+01 3.167994383616461405e-46
3.812500000000000000e+01 2.405025813384196940e-46
3.825000000000000000e+01 2.848456322151393263e-46
3.837500000000000000e+01 3.329456404156284817e-46
3.850000000000000000e+01 2.737556427680678915e-46
3.862500000000000000e+01 2.690765087578458475e-46
3.875000000000000000e+01 3.079758351073798484e-46
3.887500000000000000e+01 2.685518294511558267e-46
3.900000000000000000e+01 2.532758469408492678e-46
3.912500000000000000e+01 2.386122833434334566e-46
3.925000000000000000e+01 2.475286858429246261e-46
3.937500000000000000e+01 2.736894906070136942e-46
3.950000000000000000e+01 2.509154717660301067e-46
3.962500000000000000e+01 2.469596233764684717e-46
3.975000000000000000e+01 1.950309720630987188e-46
3.987500000000000000e+01 2.349238144063625947e-46
4.000000000000000000e+01 2.716215252966436342e-46
4.012500000000000000e+01 2.202762197165188132e-46
4.025000000000000000e+01 2.301280317997844680e-46
4.037500000000000000e+01 2.885002441095275231e-46
4.050000000000000000e+01 2.358412549426178878e-46
4.062500000000000000e+01 1.845129495855713451e-46
4.075000000000000000e+01 2.850394630000701981e-46
4.087500000000000000e+01 6.916359483640040326e-46
4.100000000000000000e+01 4.704488992799635030e-46
4.112500000000000000e+01 1.974608272782177055e-46
4.125000000000000000e+01 1.985726241205919099e-46
4.137500000000000000e+01 2.891561873056351539e-46
4.150000000000000000e+01 2.491593157605734193e-46
4.162500000000000000e+01 1.849971605341277765e-46
4.175000000000000000e+01 2.498247468930145915e-46
4.187500000000000000e+01 2.355657372000285733e-46
4.200000000000000000e+01 2.667505129633975942e-46
4.212500000000000000e+01 2.400853125140676636e-46
4.225000000000000000e+01 2.451000544925830659e-46
4.237500000000000000e+01 2.323643368903533915e-46
4.250000000000000000e+01 3.114932467927939546e-46
4.262500000000000000e+01 3.027284399263960689e-46
4.275000000000000000e+01 3.233643267499497301e-46
4.287500000000000000e+01 6.959190006070802636e-46
4.300000000000000000e+01 3.308364462320107440e-46
4.312500000000000000e+01 2.305425392927665040e-46
4.325000000000000000e+01 1.698891913887962653e-46
4.337500000000000000e+01 2.170411246737688611e-46
4.350000000000000000e+01 1.647683256125491060e-46
4.362500000000000000e+01 2.417905151630192815e-46
4.375000000000000000e+01 1.963966912878758002e-46
4.387500000000000000e+01 2.369149912629515844e-46
4.400000000000000000e+01 1.803470414675578152e-46
4.412500000000000000e+01 1.488804533043891332e-46
4.425000000000000000e+01 1.797930559305127273e-46
4.437500000000000000e+01 2.213335312924029760e-46
4.450000000000000000e+01 1.537035533982673802e-46
4.462500000000000000e+01 1.874702273009249006e-46
4.475000000000000000e+01 1.445545726160581771e-46
4.487500000000000000e+01 1.791306311981436190e-46
4.500000000000000000e+01 1.439503740577830403e-46
4.512500000000000000e+01 1.716502799487083456e-46
4.525000000000000000e+01 1.849287858647588471e-46
4.537500000000000000e+01 1.442193870418468938e-46
4.550000000000000000e+01 1.829785350616645111e-46
4.562500000000000000e+01 1.485420916354551977e-46
4.575000000000000000e+01 1.273392717844163105e-46
4.587500000000000000e+01 1.502206891330559147e-46
4.600000000000000000e+01 1.242477665652516784e-46
4.612500000000000000e+01 1.484247862780870450e-46
4.625000000000000000e+01 1.619691096118520925e-46
4.637500000000000000e+01 1.437387818616106347e-46
4.650000000000000000e+01 1.476556475396562866e-46
4.662500000000000000e+01 1.335317921971045757e-46
4.675000000000000000e+01 1.396004039299343799e-46
4.687500000000000000e+01 1.736702329671158971e-46
4.700000000000000000e+01 1.639018192793886607e-46
4.712500000000000000e+01 1.840464501664345182e-46
4.725000000000000000e+01 1.605559091701688918e-46
4.737500000000000000e+01 2.362974334228344557e-46
4.750000000000000000e+01 1.717519717075561359e-46
4.762500000000000000e+01 1.777871090019988382e-46
4.775000000000000000e+01 1.765415886157395206e-46
4.787500000000000000e+01 2.122792191041184265e-46
4.800000000000000000e+01 3.011099676214935229e-46
4.812500000000000000e+01 3.588704124202541769e-46
4.825000000000000000e+01 7.905825871004346251e-46
4.837500000000000000e+01 1.022319118695239839e-45
4.850000000000000000e+01 1.528525277702179921e-45
4.862500000000000000e+01 1.924562249767923593e-45
4.875000000000000000e+01 1.418666398260672580e-45
4.887500000000000000e+01 1.202548091585911970e-45
4.900000000000000000e+01 7.412562345220254450e-46
4.912500000000000000e+01 4.810863538793719745e-46
4.925000000000000000e+01 3.741486751359218903e-46
4.937500000000000000e+01 3.159390002545131160e-46
4.950000000000000000e+01 2.945018645975483115e-46
4.962500000000000000e+01 2.343866201927654372e-46
4.975000000000000000e+01 1.824526822875180601e-46
4.987500000000000000e+01 1.535286376212369553e-46
5.000000000000000000e+01 1.395058342388569411e-46
5.012500000000000000e+01 1.675723614228691565e-46
5.025000000000000000e+01 1.541461859597508302e-46
5.037500000000000000e+01 9.430036897446131576e-47
5.050000000000000000e+01 1.230439494272975848e-46
5.062500000000000000e+01 1.199585467690262483e-46
5.075000000000000000e+01 1.369093197257561428e-46
5.087500000000000000e+01 1.128291229392829375e-46
5.100000000000000000e+01 1.171452791954695100e-46
5.112500000000000000e+01 1.137354878893504432e-46
5.125000000000000000e+01 1.079198814002817119e-46
5.137500000000000000e+01 9.890038243076580164e-47
5.150000000000000000e+01 1.142752980907053737e-46
5.162500000000000000e+01 9.405360356529814353e-47
5.175000000000000000e+01 1.009901093962652567e-46
5.187500000000000000e+01 1.000498458338542207e-46
5.200000000000000000e+01 9.869222326647751822e-47
5.212500000000000000e+01 8.341678455455421068e-47
5.225000000000000000e+01 1.094933052564441028e-46
5.237500000000000000e+01 8.614346104975559774e-47
5.250000000000000000e+01 1.078152828357690848e-46
5.262500000000000000e+01 9.140010552259267299e-47
5.275000000000000000e+01 9.536861861526455042e-47
5.287500000000000000e+01 9.368006875122779978e-47
5.300000000000000000e+01 9.685721872549517596e-47
5.312500000000000000e+01 8.884854326653966663e-47
5.325000000000000000e+01 1.024076547000262574e-46
5.337500000000000000e+01 8.282973183479958340e-47
5.350000000000000000e+01 9.033856463451720918e-47
5.362500000000000000e+01 9.994730504801617132e-47
5.375000000000000000e+01 1.041524367641385754e-46
5.387500000000000000e+01 1.114997719273495756e-46
5.400000000000000000e+01 8.644422970603977678e-47
5.412500000000000000e+01 1.062529212876416918e-46
5.425000000000000000e+01 1.082090691702876160e-46
5.437500000000000000e+01 7.856791294626050169e-47
5.450000000000000000e+01 9.581759577253273647e-47
5.462500000000000000e+01 9.495121462053661402e-47
5.475000000000000000e+01 8.669738175099647150e-47
5.487500000000000000e+01 8.255132066784820032e-47
5.500000000000000000e+01 9.670840447844968451e-47
5.512500000000000000e+01 8.653657645402865255e-47
5.525000000000000000e+01 7.165283446790744599e-47
5.537500000000000000e+01 7.943104781472674798e-47
5.550000000000000000e+01 6.525384545923283187e-47
5.562500000000000000e+01 8.768998679488393201e-47
5.575000000000000000e+01 8.296801445085071281e-47
5.587500000000000000e+01 5.914654814480413460e-47
5.600000000000000000e+01 7.267702231139071911e-47
5.612500000000000000e+01 8.610523096625334448e-47
5.625000000000000000e+01 8.466214602622998823e-47
5.637500000000000000e+01 6.057497515745854721e-47
5.650000000000000000e+01 7.186670149960229934e-47
5.662500000000000000e+01 7.212643485644389700e-47
5.675000000000000000e+01 8.754324545939020976e-47
5.687500000000000000e+01 7.140756702521699915e-47
5.700000000000000000e+01 8.808112873470590410e-47
5.712500000000000000e+01 8.726555491164031610e-47
5.725000000000000000e+01 6.482639696694323625e-47
5.737500000000000000e+01 8.187356301107963499e-47
5.750000000000000000e+01 8.185664314913295231e-47
5.762500000000000000e+01 8.681437723664674694e-47
5.775000000000000000e+01 8.832395569778800422e-47
5.787500000000000000e+01 6.205989358554315034e-47
5.800000000000000000e+01 6.978765650975431912e-47
5.812500000000000000e+01 7.214860010153052752e-47
5.825000000000000000e+01 9.346062643886638722e-47
5.837500000000000000e+01 9.932710943304071828e-47
5.850000000000000000e+01 1.098644802226883758e-46
5.862500000000000000e+01 8.802585129778506757e-47
5.875000000000000000e+01 8.946968976259643082e-47
5.887500000000000000e+01 9.051556901372727121e-47
5.900000000000000000e+01 9.555333629751037331e-47
5.912500000000000000e+01 1.282745402848407928e-46
5.925000000000000000e+01 9.669933989839028064e-47
5.937500000000000000e+01 1.027062739216519959e-46
5.950000000000000000e+01 1.496677666546507176e-46
5.962500000000000000e+01 9.037439836833939390e-47
5.975000000000000000e+01 2.263054064242344168e-46
5.987500000000000000e+01 1.434563195593207338e-46
6.000000000000000000e+01 3.091068971294846368e-46
6.012500000000000000e+01 8.480911787846116242e-47
6.025000000000000000e+01 7.910628702483433514e-47
6.037500000000000000e+01 6.916799013832100840e-47
6.050000000000000000e+01 7.350109978089132612e-47
6.062500000000000000e+01 7.404201350362476686e-47
6.075000000000000000e+01 1.078611184688063924e-46
6.087500000000000000e+01 1.264754225807500052e-46
6.100000000000000000e+01 7.643371992405633146e-47
6.112500000000000000e+01 7.206016891107151297e-47
6.125000000000000000e+01 6.118949513627536216e-47
6.137500000000000000e+01 5.841861079331736499e-47
6.150000000000000000e+01 6.550762388560920613e-47
6.162500000000000000e+01 7.466881939228912877e-47
6.175000000000000000e+01 5.597671003216271647e-47
6.187500000000000000e+01 6.847837674319896498e-47
6.200000000000000000e+01 8.284213888326536214e-47
6.212500000000000000e+01 6.458341636533734889e-47
6.225000000000000000e+01 6.171227548752792925e-47
6.237500000000000000e+01 7.963503341783744091e-47
6.250000000000000000e+01 7.141411372319780162e-47
6.262500000000000000e+01 6.968577331849410889e-47
6.275000000000000000e+01 7.703704308486182837e-47
6.287500000000000000e+01 5.914582387950069469e-47
6.300000000000000000e+01 7.095321407718499252e-47
6.312500000000000000e+01 6.313598676941700841e-47
6.325000000000000000e+01 5.500133804597096226e-47
6.337500000000000000e+01 5.914256786309429701e-47
6.350000000000000000e+01 5.810386698919085573e-47
6.362500000000000000e+01 5.228866001803396918e-47
6.375000000000000000e+01 5.887243864286321329e-47
6.387500000000000000e+01 4.769793457164538209e-47
6.400000000000000000e+01 4.537071449978152590e-47
6.412500000000000000e+01 5.257503220758271409e-47
6.425000000000000000e+01 8.122476205880193357e-47
6.437500000000000000e+01 9.194002463646909522e-47
6.450000000000000000e+01 6.371704063384945433e-47
6.462500000000000000e+01 5.571182527416217487e-47
6.475000000000000000e+01 6.472212224831408916e-47
6.487500000000000000e+01 4.943574407583983634e-47
6.500000000000000000e+01 5.261232576625018430e-47
6.512500000000000000e+01 6.236835791024516658e-47
6.525000000000000000e+01 5.335017082957121630e-47
6.537500000000000000e+01 6.337994159430751416e-47
6.550000000000000000e+01 6.332610127600951861e-47
6.562500000000000000e+01 5.579353603157832830e-47
6.575000000000000000e+01 4.856143999502605817e-47
6.587500000000000000e+01 4.859366282032399494e-47
6.600000000000000000e+01 5.039028194504402638e-47
6.612500000000000000e+01 5.297695648181099597e-47
6.625000000000000000e+01 5.106459843360434185e-47
6.637500000000000000e+01 4.381034669819477378e-47
6.650000000000000000e+01 5.984792583619996417e-47
6.662500000000000000e+01 4.962536725451131291e-47
6.675000000000000000e+01 5.108315492813175721e-47
6.687500000000000000e+01 4.069582252544485169e-47
6.700000000000000000e+01 5.635782277683831829e-47
6.712500000000000000e+01 6.203886549302779327e-47
6.725000000000000000e+01 5.591800421327821044e-47
6.737500000000000000e+01 5.057282809703587229e-47
6.750000000000000000e+01 5.812450771866863017e-47
6.762500000000000000e+01 5.533175701740651778e-47
6.775000000000000000e+01 5.169593781515721224e-47
6.787500000000000000e+01 5.586794044329610202e-47
6.800000000000000000e+01 6.886826662953831531e-47
6.812500000000000000e+01 6.293537211404811091e-47
6.825000000000000000e+01 5.777851894167350313e-47
6.837500000000000000e+01 5.412253977814271663e-47
6.850000000000000000e+01 4.673070938185947655e-47
6.862500000000000000e+01 4.470228358215761320e-47
6.875000000000000000e+01 4.743804875290739417e-47
6.887500000000000000e+01 4.075496858109762734e-47
6.900000000000000000e+01 6.441274596973201868e-47
6.912500000000000000e+01 4.832286778536478942e-47
6.925000000000000000e+01 3.850381317217553142e-47
6.937500000000000000e+01 6.075495752027737748e-47
6.950000000000000000e+01 4.798082889372681807e-47
6.962500000000000000e+01 5.354923734108266794e-47
6.975000000000000000e+01 5.072816135775356596e-47
6.987500000000000000e+01 6.175406061839669436e-47
7.000000000000000000e+01 6.424992149035038194e-47
7.012500000000000000e+01 4.626807172325410449e-47
7.025000000000000000e+01 4.966486648452939945e-47
7.037500000000000000e+01 5.752783001686972138e-47
7.050000000000000000e+01 4.350362546195108510e-47
7.062500000000000000e+01 5.218464136406936847e-47
7.075000000000000000e+01 4.649678561157100431e-47
7.087500000000000000e+01 4.958639604236281309e-47
7.100000000000000000e+01 5.124559077022887796e-47
7.112500000000000000e+01 5.070007678696179326e-47
7.125000000000000000e+01 3.773859984586966884e-47
7.137500000000000000e+01 5.427717780262227164e-47
7.150000000000000000e+01 5.039602137779701903e-47
7.162500000000000000e+01 4.861296426750225411e-47
7.175000000000000000e+01 4.637474549377869365e-47
7.187500000000000000e+01 5.314146984596517942e-47
7.200000000000000000e+01 4.394765270828843071e-47
7.212500000000000000e+01 3.927145370880692601e-47
7.225000000000000000e+01 4.864985610318123736e-47
7.237500000000000000e+01 4.633777754333914365e-47
7.250000000000000000e+01 4.625372927473699526e-47
7.262500000000000000e+01 4.394016165991083462e-47
7.275000000000000000e+01 4.892018510453606295e-47
7.287500000000000000e+01 5.352657754508137523e-47
7.300000000000000000e+01 4.218944291592679194e-47
7.312500000000000000e+01 4.903833865882453301e-47
7.325000000000000000e+01 4.927457643379404894e-47
7.337500000000000000e+01 4.637233821783091469e-47
7.350000000000000000e+01 5.090175991053822354e-47
7.362500000000000000e+01 4.599272925965096885e-47
7.375000000000000000e+01 4.666235281705574659e-47
7.387500000000000000e+01 4.741312513166677650e-47
7.400000000000000000e+01 4.774466831146612501e-47
7.412500000000000000e+01 4.971052787466740640e-47
7.425000000000000000e+01 5.033528416197146429e-47
7.437500000000000000e+01 4.987782213766523781e-47
7.450000000000000000e+01 3.681734766415471767e-47
7.462500000000000000e+01 4.470638936362459288e-47
7.475000000000000000e+01 4.722857449424751032e-47
7.487500000000000000e+01 3.507311156547659239e-47
7.500000000000000000e+01 4.073408085281653043e-47
7.512500000000000000e+01 4.588041116985809157e-47
7.525000000000000000e+01 4.516925259440539316e-47
7.537500000000000000e+01 2.720383485301110344e-47
7.550000000000000000e+01 4.711531677865564220e-47
7.562500000000000000e+01 5.233628977975087765e-47
7.575000000000000000e+01 4.697153148277602022e-47
7.587500000000000000e+01 4.221539971052607334e-47
7.600000000000000000e+01 3.885900619759459980e-47
7.612500000000000000e+01 4.445444612122751557e-47
7.625000000000000000e+01 3.530889475329069761e-47
7.637500000000000000e+01 4.256602162882757466e-47
7.650000000000000000e+01 3.408905627748689434e-47
7.662500000000000000e+01 4.140133200471195414e-47
7.675000000000000000e+01 4.661978222752210601e-47
7.687500000000000000e+01 3.902393648006905630e-47
7.700000000000000000e+01 3.977276708199820737e-47
7.712500000000000000e+01 4.057700367998032183e-47
7.725000000000000000e+01 3.253803900443021214e-47
7.737500000000000000e+01 4.450815723679769485e-47
7.750000000000000000e+01 4.573499489748941929e-47
7.762500000000000000e+01 4.127050120387433825e-47
7.775000000000000000e+01 3.499974645040132694e-47
7.787500000000000000e+01 4.852882663828946884e-47
7.800000000000000000e+01 3.782832211053336291e-47
7.812500000000000000e+01 3.281903111755445896e-47
7.825000000000000000e+01 4.601697730975627365e-47
7.837500000000000000e+01 4.654484786196890832e-47
7.850000000000000000e+01 4.108711568365660028e-47
7.862500000000000000e+01 3.801567308395505593e-47
7.875000000000000000e+01 4.485267929614713088e-47
7.887500000000000000e+01 4.400836974058067330e-47
7.900000000000000000e+01 4.440089402355580384e-47
7.912500000000000000e+01 5.126768711257925804e-47
7.925000000000000000e+01 3.722315917162024387e-47
7.937500000000000000e+01 4.052358580872945184e-47
7.950000000000000000e+01 3.675977613761828421e-47
7.962500000000000000e+01 3.922830963809850933e-47
7.975000000000000000e+01 4.107088657389733080e-47
7.987500000000000000e+01 4.090149571035707587e-47
8.000000000000000000e+01 4.086964416454836433e-47
8.012500000000000000e+01 4.682218275516617241e-47
8.025000000000000000e+01 3.927109792666992053e-47
8.037500000000000000e+01 4.121684366585941991e-47
8.050000000000000000e+01 4.614791377160327321e-47
8.062500000000000000e+01 4.001631675807788193e-47
8.075000000000000000e+01 3.938712161870392836e-47
8.087500000000000000e+01 4.266597566108958447e-47
8.100000000000000000e+01 3.515057619818008838e-47
8.112500000000000000e+01 3.987510118905152115e-47
8.125000000000000000e+01 4.506919930566248858e-47
8.137500000000000000e+01 4.470228267597080177e-47
8.150000000000000000e+01 4.753668878708654487e-47
8.162500000000000000e+01 4.983474188304936539e-47
8.175000000000000000e+01 4.097072443438885947e-47
8.187500000000000000e+01 4.124794478179963066e-47
8.200000000000000000e+01 4.062523019463238022e-47
8.212500000000000000e+01 4.489960254560318448e-47
8.225000000000000000e+01 3.749903685653104319e-47
8.237500000000000000e+01 3.604023627259135591e-47
8.250000000000000000e+01 4.087181262040984480e-47
8.262500000000000000e+01 3.974408087099991488e-47
8.275000000000000000e+01 4.156717089761919970e-47
8.287500000000000000e+01 4.664327010608365262e-47
8.300000000000000000e+01 4.016534359429351915e-47
8.312500000000000000e+01 3.420760233482154704e-47
8.325000000000000000e+01 5.273289994542901647e-47
8.337500000000000000e+01 4.746575932915521869e-47
8.350000000000000000e+01 4.534764891460956384e-47
8.362500000000000000e+01 3.187695557147076395e-47
8.375000000000000000e+01 4.050829081605129838e-47
8.387500000000000000e+01 4.375447873151184294e-47
8.400000000000000000e+01 3.275824016665331625e-47
8.412500000000000000e+01 4.024639321272618957e-47
8.425000000000000000e+01 3.813996059123012335e-47
8.437500000000000000e+01 3.499128959099650209e-47
8.450000000000000000e+01 3.688623122107083637e-47
8.462500000000000000e+01 3.912380036300853036e-47
8.475000000000000000e+01 3.590385107562628409e-47
8.487500000000000000e+01 3.187955393804828135e-47
8.500000000000000000e+01 3.917725246729699685e-47
8.512500000000000000e+01 4.686684732276164791e-47
8.525000000000000000e+01 3.836467250244808370e-47
8.537500000000000000e+01 4.527701724348447155e-47
8.550000000000000000e+01 4.363850771563286266e-47
8.562500000000000000e+01 4.767504563031014400e-47
8.575000000000000000e+01 3.811460405756633519e-47
8.587500000000000000e+01 4.608062509731419285e-47
8.600000000000000000e+01 4.573770949370768796e-47
8.612500000000000000e+01 3.969428844570199675e-47
8.625000000000000000e+01 3.979755446962413064e-47
8.637500000000000000e+01 3.424792656395808636e-47
8.650000000000000000e+01 4.151289183775818636e-47
8.662500000000000000e+01 2.773467665333215257e-47
8.675000000000000000e+01 4.614091845032078766e-47
8.687500000000000000e+01 3.398378819005049641e-47
8.700000000000000000e+01 3.088955143451688748e-47
8.712500000000000000e+01 4.601590110306746390e-47
8.725000000000000000e+01 5.283180919497959900e-47
8.737500000000000000e+01 4.819320089657102097e-47
8.750000000000000000e+01 4.548629074308515852e-47
8.762500000000000000e+01 4.373434023454380119e-47
8.775000000000000000e+01 4.759673195237544767e-47
8.787500000000000000e+01 4.198227748941936647e-47
8.800000000000000000e+01 4.278218974678243578e-47
8.812500000000000000e+01 4.117931011676310586e-47
8.825000000000000000e+01 3.330338830820886414e-47
8.837500000000000000e+01 3.728839907007168800e-47
8.850000000000000000e+01 3.560724901428557543e-47
8.862500000000000000e+01 3.165876319844403687e-47
8.875000000000000000e+01 3.726455362832612333e-47
8.887500000000000000e+01 4.322835787763895585e-47
8.900000000000000000e+01 3.869838513362125005e-47
8.912500000000000000e+01 4.777929126973193727e-47
8.925000000000000000e+01 4.387446113824268065e-47
8.937500000000000000e+01 4.635965138045231428e-47
8.950000000000000000e+01 5.533966533327195467e-47
8.962500000000000000e+01 5.176342552582256201e-47
8.975000000000000000e+01 5.783001696286183979e-47
8.987500000000000000e+01 5.593560014912152884e-47
9.000000000000000000e+01 5.533855173552361230e-47
9.012500000000000000e+01 6.801973383308916507e-47
9.025000000000000000e+01 4.390101026200295491e-47
9.037500000000000000e+01 4.648057275826898800e-47
9.050000000000000000e+01 3.865055231781288653e-47
9.062500000000000000e+01 3.896797039216290208e-47
9.075000000000000000e+01 3.958024010719879625e-47
9.087500000000000000e+01 3.658867529809164085e-47
9.100000000000000000e+01 4.695226555351338879e-47
9.112500000000000000e+01 4.447326966258239847e-47
9.125000000000000000e+01 4.978988156327123997e-47
9.137500000000000000e+01 2.893480553609850965e-47
9.150000000000000000e+01 4.542498658099818064e-47
9.162500000000000000e+01 3.481822841795149562e-47
9.175000000000000000e+01 3.381445619858026826e-47
9.187500000000000000e+01 3.354982173838016697e-47
9.200000000000000000e+01 3.814652295140149061e-47
9.212500000000000000e+01 3.613308940158217584e-47
9.225000000000000000e+01 3.220823906431738858e-47
9.237500000000000000e+01 3.210215758409097923e-47
9.250000000000000000e+01 3.650595033382817437e-47
9.262500000000000000e+01 3.996948018310312432e-47
9.275000000000000000e+01 3.853906265658714199e-47
9.287500000000000000e+01 3.201899407430390583e-47
9.300000000000000000e+01 4.149045962467210212e-47
9.312500000000000000e+01 3.354147316467443618e-47
9.325000000000000000e+01 3.999351899998952118e-47
9.337500000000000000e+01 3.479127335515271064e-47
9.350000000000000000e+01 3.955924710589112444e-47
9.362500000000000000e+01 3.221989386262845057e-47
9.375000000000000000e+01 3.895634749238854512e-47
9.387500000000000000e+01 3.770076268289261458e-47
9.400000000000000000e+01 3.370019400896579229e-47
9.412500000000000000e+01 2.997972283643472637e-47
9.425000000000000000e+01 3.423746187132747295e-47
9.437500000000000000e+01 3.528262942369684258e-47
9.450000000000000000e+01 3.216358937812439784e-47
9.462500000000000000e+01 2.849824214455037601e-47
9.475000000000000000e+01 3.406103934017642490e-47
9.487500000000000000e+01 3.173192768824673215e-47
9.500000000000000000e+01 4.002640791948503120e-47
9.512500000000000000e+01 3.449912261523170085e-47
9.525000000000000000e+01 3.221020477841239768e-47
9.537500000000000000e+01 3.104721586122344763e-47
9.550000000000000000e+01 3.253303659540973734e-47
9.562500000000000000e+01 2.953579684453804864e-47
9.575000000000000000e+01 3.262742330980357321e-47
9.587500000000000000e+01 2.918019607725050664e-47
9.600000000000000000e+01 2.717474883250919279e-47
9.612500000000000000e+01 3.583215000736927702e-47
9.625000000000000000e+01 3.269255673592142185e-47
9.637500000000000000e+01 3.276181637389965528e-47
9.650000000000000000e+01 4.085724901209431822e-47
9.662500000000000000e+01 3.704771838497244162e-47
9.675000000000000000e+01 3.364383647764435844e-47
9.687500000000000000e+01 4.017447088271657774e-47
9.700000000000000000e+01 4.571470083839066140e-47
9.712500000000000000e+01 5.460220053192682302e-47
9.725000000000000000e+01 5.440591610440119311e-47
9.737500000000000000e+01 5.212795515073049405e-47
9.750000000000000000e+01 4.957652242290980264e-47
9.762500000000000000e+01 4.047842383051087332e-47
9.775000000000000000e+01 3.431248426559486625e-47
9.787500000000000000e+01 3.348532103443478982e-47
9.800000000000000000e+01 3.399080872378608360e-47
9.812500000000000000e+01 3.380320279833331086e-47
9.825000000000000000e+01 3.754489515675654299e-47
9.837500000000000000e+01 3.657828515343539933e-47
9.850000000000000000e+01 3.059324300936661672e-47
9.862500000000000000e+01 3.254529991956850535e-47
9.875000000000000000e+01 3.740899613542663948e-47
9.887500000000000000e+01 3.335797136075994838e-47
9.900000000000000000e+01 3.418289220770973075e-47
9.912500000000000000e+01 3.546668674221350936e-47
9.925000000000000000e+01 3.366552612805666851e-47
9.937500000000000000e+01 3.835469547591652648e-47
9.950000000000000000e+01 3.536908847125322126e-47
9.962500000000000000e+01 2.491601434673654911e-47
9.975000000000000000e+01 3.236624218146826770e-47
9.987500000000000000e+01 4.369748021325211640e-47
1.000000000000000000e+02 8.972263092227267823e-47
1.001250000000000000e+02 4.068077310167258679e-47
1.002500000000000000e+02 4.304398338990219184e-47
1.003750000000000000e+02 2.719104877846534875e-47
1.005000000000000000e+02 2.168550035890514417e-47
1.006250000000000000e+02 2.951421065309822853e-47
1.007500000000000000e+02 2.570820718493111807e-47
1.008750000000000000e+02 2.931022138302503637e-47
1.010000000000000000e+02 3.749200461370859490e-47
1.011250000000000000e+02 2.810865330788313746e-47
1.012500000000000000e+02 3.273415207046908505e-47
1.013750000000000000e+02 2.802161005416025326e-47
1.015000000000000000e+02 3.818406950964193420e-47
1.016250000000000000e+02 3.120061667877398495e-47
1.017500000000000000e+02 2.758857746566689710e-47
1.018750000000000000e+02 2.852780934573905241e-47
1.020000000000000000e+02 2.923963757240859695e-47
1.021250000000000000e+02 3.029374562545825260e-47
1.022500000000000000e+02 2.813366710217299516e-47
1.023750000000000000e+02 2.804252918044183465e-47
1.025000000000000000e+02 2.546439555671705520e-47
1.026250000000000000e+02 3.024350037813676923e-47
1.027500000000000000e+02 4.007153419545397534e-47
1.028750000000000000e+02 3.251736576628109918e-47
1.030000000000000000e+02 2.634216255508052186e-47
1.031250000000000000e+02 3.731401574214308097e-47
1.032500000000000000e+02 2.808462948861292720e-47
1.033750000000000000e+02 3.241816158586701661e-47
1.035000000000000000e+02 3.881689517432393640e-47
1.036250000000000000e+02 2.462670869161976582e-47
1.037500000000000000e+02 3.118903527813499785e-47
1.038750000000000000e+02 3.570417695671150343e-47
1.040000000000000000e+02 3.491250980128136522e-47
1.041250000000000000e+02 3.991837866045558182e-47
1.042500000000000000e+02 2.823128230591892645e-47
1.043750000000000000e+02 2.803497367111031165e-47
1.045000000000000000e+02 2.618800300781317083e-47
1.046250000000000000e+02 2.889942855320556425e-47
1.047500000000000000e+02 2.907164739150470502e-47
1.048750000000000000e+02 3.099945220023537173e-47
1.050000000000000000e+02 3.430009599656901462e-47
1.051250000000000000e+02 3.050520481254802377e-47
1.052500000000000000e+02 3.053910486279107582e-47
1.053750000000000000e+02 2.394770396624046590e-47
1.055000000000000000e+02 3.540051946247663856e-47
1.056250000000000000e+02 3.160783848139473448e-47
1.057500000000000000e+02 3.074060244542939953e-47
1.058750000000000000e+02 3.035955458034347797e-47
1.060000000000000000e+02 2.953485142216385565e-47
1.061250000000000000e+02 3.308935891317449204e-47
1.062500000000000000e+02 2.748618416288850884e-47
1.063750000000000000e+02 3.682078206042983953e-47
1.065000000000000000e+02 3.549159465893303713e-47
1.066250000000000000e+02 2.987912534389274767e-47
1.067500000000000000e+02 3.031757412588184039e-47
1.068750000000000000e+02 3.683525616671951712e-47
1.070000000000000000e+02 2.901897099016508113e-47
1.071250000000000000e+02 2.943861596603588299e-47
1.072500000000000000e+02 4.036632422021758568e-47
1.073750000000000000e+02 2.924120876005266941e-47
1.075000000000000000e+02 3.516554042823103281e-47
1.076250000000000000e+02 3.074946729625348179e-47
1.077500000000000000e+02 3.157612394602297671e-47
1.078750000000000000e+02 4.019134281233206566e-47
1.080000000000000000e+02 3.052852248500962013e-47
1.081250000000000000e+02 3.221471931167402869e-47
1.082500000000000000e+02 2.685477405666789917e-47
1.083750000000000000e+02 3.116797358507023968e-47
1.085000000000000000e+02 3.568771059342221908e-47
1.086250000000000000e+02 3.128707267905739335e-47
1.087500000000000000e+02 3.365146598950920669e-47
1.088750000000000000e+02 3.100982379032688223e-47
1.090000000000000000e+02 2.700608446230767290e-47
1.091250000000000000e+02 3.008798088607234574e-47
1.092500000000000000e+02 3.230152896874321675e-47
1.093750000000000000e+02 3.416282468569396876e-47
1.095000000000000000e+02 2.592409851793919700e-47
1.096250000000000000e+02 3.828241759664919613e-47
1.097500000000000000e+02 3.691445804445953232e-47
1.098750000000000000e+02 3.196044329813917404e-47
1.100000000000000000e+02 3.889902775897718359e-47
1.101250000000000000e+02 3.350384439595284253e-47
1.102500000000000000e+02 3.005648979472834232e-47
1.103750000000000000e+02 2.873660911941154808e-47
1.105000000000000000e+02 3.313055136186884393e-47
1.106250000000000000e+02 2.809093685609969985e-47
1.107500000000000000e+02 3.076375975297410160e-47
1.108750000000000000e+02 2.709306632907505427e-47
1.110000000000000000e+02 3.550978904413033795e-47
1.111250000000000000e+02 3.277219627872797957e-47
1.112500000000000000e+02 3.270211365414216808e-47
1.113750000000000000e+02 2.772674689818858360e-47
1.115000000000000000e+02 3.815686706418239093e-47
1.116250000000000000e+02 2.981424702082133931e-47
1.117500000000000000e+02 3.635526662791118888e-47
1.118750000000000000e+02 2.915405272181155443e-47
1.120000000000000000e+02 3.659144032364766783e-47
1.121250000000000000e+02 4.804650419294199047e-47
1.122500000000000000e+02 3.905085700477036405e-47
1.123750000000000000e+02 3.980247124840849270e-47
1.125000000000000000e+02 4.172922873149067286e-47
1.126250000000000000e+02 5.683382120514276840e-47
1.127500000000000000e+02 5.563715345190204183e-47
1.128750000000000000e+02 8.859339600195538681e-47
1.130000000000000000e+02 7.757424229576736484e-47
1.131250000000000000e+02 5.251127927721491191e-47
1.132500000000000000e+02 5.184988759755512170e-47
1.133750000000000000e+02 3.865698129959185767e-47
1.135000000000000000e+02 5.434794367476804995e-47
1.136250000000000000e+02 5.446325458742821431e-47
1.137500000000000000e+02 3.183624184345667951e-47
1.138750000000000000e+02 3.757876516505253384e-47
1.140000000000000000e+02 3.337033911409809450e-47
1.141250000000000000e+02 3.114262207257282097e-47
1.142500000000000000e+02 2.633187603788379561e-47
1.143750000000000000e+02 3.653477565871375542e-47
1.145000000000000000e+02 2.667136599123491099e-47
1.146250000000000000e+02 2.434278526561520199e-47
1.147500000000000000e+02 2.742657158242244083e-47
1.148750000000000000e+02 2.847743863509762048e-47
1.150000000000000000e+02 2.545214495632816972e-47
1.151250000000000000e+02 2.578805939123419851e-47
1.152500000000000000e+02 2.714412251682476735e-47
1.153750000000000000e+02 2.476504234822954839e-47
1.155000000000000000e+02 2.588271389257383862e-47
1.156250000000000000e+02 2.862687931139905157e-47
1.157500000000000000e+02 2.986263005900853229e-47
1.158750000000000000e+02 3.203076929581105947e-47
1.160000000000000000e+02 3.017798865873036637e-47
1.161250000000000000e+02 3.458965919471058898e-47
1.162500000000000000e+02 2.499590104898200750e-47
1.163750000000000000e+02 2.708068663479271047e-47
1.165000000000000000e+02 3.200011716772001927e-47
1.166250000000000000e+02 3.250258816651702308e-47
1.167500000000000000e+02 3.278200056498935077e-47
1.168750000000000000e+02 2.987901414693520786e-47
1.170000000000000000e+02 3.189163067168067863e-47
1.171250000000000000e+02 3.350859233710361440e-47
1.172500000000000000e+02 2.796608880350985215e-47
1.173750000000000000e+02 2.766358108890463231e-47
1.175000000000000000e+02 2.841070159138700154e-47
1.176250000000000000e+02 2.865978568621436621e-47
1.177500000000000000e+02 2.554152615622943879e-47
1.178750000000000000e+02 2.503798470886773973e-47
1.180000000000000000e+02 3.021430595041339796e-47
1.181250000000000000e+02 3.104439818929127142e-47
1.182500000000000000e+02 2.788916009931974759e-47
1.183750000000000000e+02 2.888644932406736929e-47
1.185000000000000000e+02 4.222633510288860417e-47
1.186250000000000000e+02 2.744738354325088300e-47
1.187500000000000000e+02 2.335018172934089331e-47
1.188750000000000000e+02 2.756202354766775131e-47
1.190000000000000000e+02 2.885876955704228344e-47
1.191250000000000000e+02 2.395246663043010886e-47
1.192500000000000000e+02 3.117739634410450066e-47
1.193750000000000000e+02 3.388118751381074289e-47
1.195000000000000000e+02 2.693525494611218227e-47
1.196250000000000000e+02 2.980506695829441231e-47
1.197500000000000000e+02 3.360278324770175826e-47
1.198750000000000000e+02 4.075115231678782136e-47
1.200000000000000000e+02 3.844736586964641860e-47
1.201250000000000000e+02 3.382640273806550088e-47
1.202500000000000000e+02 3.036601887027714094e-47
1.203750000000000000e+02 2.343568555965963709e-47
1.205000000000000000e+02 3.220603833524123014e-47
1.206250000000000000e+02 3.198767927331995602e-47
1.207500000000000000e+02 2.546436436672036047e-47
1.208750000000000000e+02 2.777455603539154756e-47
1.210000000000000000e+02 2.439738670456601353e-47
1.211250000000000000e+02 2.620132521842944494e-47
1.212500000000000000e+02 2.887556626150277240e-47
1.213750000000000000e+02 3.765490472011877697e-47
1.215000000000000000e+02 2.978287965493871258e-47
1.216250000000000000e+02 3.069502156566551861e-47
1.217500000000000000e+02 3.092243599512625763e-47
1.218750000000000000e+02 3.764860136974886163e-47
1.220000000000000000e+02 2.495409525128740791e-47
1.221250000000000000e+02 4.105927819455494085e-47
1.222500000000000000e+02 2.337448953261936468e-47
1.223750000000000000e+02 3.268898306061163046e-47
1.225000000000000000e+02 2.791623322748321578e-47
1.226250000000000000e+02 2.707445818886753557e-47
1.227500000000000000e+02 2.852119929221164865e-47
1.228750000000000000e+02 2.640494831247621702e-47
1.230000000000000000e+02 2.860940021059170351e-47
1.231250000000000000e+02 2.298566973754283441e-47
1.232500000000000000e+02 2.750307185009211199e-47
1.233750000000000000e+02 2.589316419178705150e-47
1.235000000000000000e+02 2.507531469008983450e-47
1.236250000000000000e+02 2.567527897455851850e-47
1.237500000000000000e+02 2.902214285607804875e-47
1.238750000000000000e+02 2.382811296028583295e-47
1.240000000000000000e+02 3.188173339441092207e-47
1.241250000000000000e+02 3.004036108376423689e-47
1.242500000000000000e+02 2.819932087269223877e-47
1.243750000000000000e+02 2.828592636311103060e-47
1.245000000000000000e+02 2.694055506441840558e-47
1.246250000000000000e+02 3.475800649377457926e-47
1.247500000000000000e+02 2.993992358377998199e-47
1.248750000000000000e+02 2.598615117284303895e-47
1.250000000000000000e+02 2.250154178766050103e-47
1.251250000000000000e+02 3.157905878429600697e-47
1.252500000000000000e+02 2.981276359782807226e-47
1.253750000000000000e+02 2.690321033526289425e-47
1.255000000000000000e+02 2.775619077971645861e-47
1.256250000000000000e+02 2.726833892178646867e-47
1.257500000000000000e+02 2.879148712633574577e-47
1.258750000000000000e+02 2.786545532762626277e-47
1.260000000000000000e+02 3.298628434145676217e-47
1.261250000000000000e+02 2.545191405157235515e-47
1.262500000000000000e+02 1.910826064419686638e-47
1.263750000000000000e+02 3.184154716191634264e-47
1.265000000000000000e+02 3.353591614018342041e-47
1.266250000000000000e+02 3.410373285528570611e-47
1.267500000000000000e+02 2.695970389473767481e-47
1.268750000000000000e+02 3.038321251669949922e-47
1.270000000000000000e+02 2.750835448978324666e-47
1.271250000000000000e+02 2.502119777848307964e-47
1.272500000000000000e+02 3.021351187715879503e-47
1.273750000000000000e+02 2.775970188432405540e-47
1.275000000000000000e+02 2.706099232588686277e-47
1.276250000000000000e+02 3.157344663454067005e-47
1.277500000000000000e+02 2.566064176244133903e-47
1.278750000000000000e+02 2.273385945217417650e-47
1.280000000000000000e+02 2.763100084942414388e-47
1.281250000000000000e+02 3.522770517431392823e-47
1.282500000000000000e+02 3.135688391372274481e-47
1.283750000000000000e+02 2.905727285871002081e-47
1.285000000000000000e+02 2.728704662001284251e-47
1.286250000000000000e+02 3.247761980778061393e-47
1.287500000000000000e+02 2.843680172777195868e-47
1.288750000000000000e+02 3.004369165862153046e-47
1.290000000000000000e+02 2.874967807247395043e-47
1.291250000000000000e+02 2.546871703031036103e-47
1.292500000000000000e+02 3.560893107604959625e-47
1.293750000000000000e+02 2.406676014239656902e-47
1.295000000000000000e+02 2.625729627095070135e-47
1.296250000000000000e+02 2.415864209918771206e-47
1.297500000000000000e+02 3.444929715603899212e-47
1.298750000000000000e+02 2.666350679429103065e-47
1.300000000000000000e+02 2.419862842661141432e-47
1.301250000000000000e+02 3.102883450639012656e-47
1.302500000000000000e+02 2.953119147880139165e-47
1.303750000000000000e+02 2.648612620274602876e-47
1.305000000000000000e+02 2.463187972283247308e-47
1.306250000000000000e+02 2.240731131598028641e-47
1.307500000000000000e+02 2.857576081798772251e-47
1.308750000000000000e+02 3.135003918606764575e-47
1.310000000000000000e+02 2.252308774909668277e-47
1.311250000000000000e+02 3.176102673515244134e-47
1.312500000000000000e+02 2.729186430384352456e-47
1.313750000000000000e+02 2.262367028847755200e-47
1.315000000000000000e+02 2.766361417891824895e-47
1.316250000000000000e+02 2.917880401100412136e-47
1.317500000000000000e+02 3.073692145137820066e-47
1.318750000000000000e+02 2.812786798625638984e-47
1.320000000000000000e+02 2.908036373691623843e-47
1.321250000000000000e+02 2.727128962512530617e-47
1.322500000000000000e+02 3.401154408543614051e-47
1.323750000000000000e+02 2.804577659234412628e-47
1.325000000000000000e+02 2.204288724631730049e-47
1.326250000000000000e+02 2.327983117053102732e-47
1.327500000000000000e+02 2.477151862115350833e-47
1.328750000000000000e+02 2.448818703592472297e-47
1.330000000000000000e+02 2.670601348249781061e-47
1.331250000000000000e+02 2.536119758299797774e-47
1.332500000000000000e+02 2.913608734721735608e-47
1.333750000000000000e+02 2.642961721965758327e-47
1.335000000000000000e+02 3.124327651944781020e-47
1.336250000000000000e+02 2.908711809467151656e-47
1.337500000000000000e+02 2.015906798598317437e-47
1.338750000000000000e+02 2.556910250814166161e-47
1.340000000000000000e+02 2.906743539452279750e-47
1.341250000000000000e+02 2.694256149494251839e-47
1.342500000000000000e+02 2.792623214444210956e-47
1.343750000000000000e+02 2.922232031123456448e-47
1.345000000000000000e+02 2.609309778244956105e-47
1.346250000000000000e+02 2.634859596006400107e-47
1.347500000000000000e+02 2.558130764165213638e-47
1.348750000000000000e+02 3.018215722376098211e-47
1.350000000000000000e+02 2.647051181591024647e-47
1.351250000000000000e+02 2.340254646986521878e-47
1.352500000000000000e+02 2.245081567798800229e-47
1.353750000000000000e+02 2.376757591925326950e-47
1.355000000000000000e+02 3.138279194899576423e-47
1.356250000000000000e+02 2.649383147662995943e-47
1.357500000000000000e+02 3.122675131703086180e-47
1.358750000000000000e+02 2.698987230039149745e-47
1.360000000000000000e+02 2.865496733979817192e-47
1.361250000000000000e+02 2.946205841819416658e-47
1.362500000000000000e+02 2.651157351774691828e-47
1.363750000000000000e+02 2.758943634661754531e-47
1.365000000000000000e+02 2.927383682136696188e-47
1.366250000000000000e+02 2.981394593023973766e-47
1.367500000000000000e+02 2.951812072527220675e-47
1.368750000000000000e+02 2.904213565055294742e-47
1.370000000000000000e+02 2.352194242924816037e-47
1.371250000000000000e+02 3.169184872484195904e-47
1.372500000000000000e+02 2.741878565647288474e-47
1.373750000000000000e+02 2.398683346763622737e-47
1.375000000000000000e+02 2.826463919735664829e-47
1.376250000000000000e+02 2.604445665832931702e-47
1.377500000000000000e+02 2.640159625670053964e-47
1.378750000000000000e+02 3.140129180210772479e-47
1.380000000000000000e+02 2.320419508884161439e-47
1.381250000000000000e+02 2.644345298121272303e-47
1.382500000000000000e+02 2.977340306120180683e-47
1.383750000000000000e+02 3.258950505145370926e-47
1.385000000000000000e+02 2.538805071977527238e-47
1.386250000000000000e+02 2.465894680313059825e-47
1.387500000000000000e+02 2.769570675457977455e-47
1.388750000000000000e+02 2.303606682059237357e-47
1.390000000000000000e+02 2.495533890328195692e-47
1.391250000000000000e+02 2.405206919239711960e-47
1.392500000000000000e+02 2.276820985708243008e-47
1.393750000000000000e+02 2.268314233394126883e-47
1.395000000000000000e+02 3.065792474999916110e-47
1.396250000000000000e+02 2.239497504534699791e-47
1.397500000000000000e+02 2.576943736060817546e-47
1.398750000000000000e+02 2.661194132382160255e-47
1.400000000000000000e+02 2.978128826069932438e-47
1.401250000000000000e+02 2.711589170168085031e-47
1.402500000000000000e+02 2.614444736891027008e-47
1.403750000000000000e+02 3.020666110195372856e-47
1.405000000000000000e+02 2.837236397663276071e-47
1.406250000000000000e+02 2.388038108896525973e-47
1.407500000000000000e+02 3.179053602039102694e-47
1.408750000000000000e+02 2.964122487839817722e-47
1.410000000000000000e+02 1.995480005173536913e-47
1.411250000000000000e+02 2.772384779521762004e-47
1.412500000000000000e+02 3.842300475651430403e-47
1.413750000000000000e+02 2.428558741042556626e-47
1.415000000000000000e+02 2.660065051914607753e-47
1.416250000000000000e+02 2.146294080207501348e-47
1.417500000000000000e+02 2.760125601299883231e-47
1.418750000000000000e+02 2.678935976466565068e-47
1.420000000000000000e+02 2.182664394424133466e-47
1.421250000000000000e+02 2.251810377070705676e-47
1.422500000000000000e+02 3.230497715151038269e-47
1.423750000000000000e+02 2.964254030237578306e-47
1.425000000000000000e+02 3.316258374433268843e-47
1.426250000000000000e+02 2.608971423087407114e-47
1.427500000000000000e+02 2.480050780079329494e-47
1.428750000000000000e+02 3.235154572333727304e-47
1.430000000000000000e+02 2.767702206174350770e-47
1.431250000000000000e+02 2.686297362694177368e-47
1.432500000000000000e+02 2.348688741069314575e-47
1.433750000000000000e+02 3.073205344569364614e-47
1.435000000000000000e+02 2.776917626157721106e-47
1.436250000000000000e+02 3.170927845003220624e-47
1.437500000000000000e+02 2.548690649461508580e-47
1.438750000000000000e+02 2.748844694461489525e-47
1.440000000000000000e+02 2.815905555133803085e-47
1.441250000000000000e+02 2.559063260314570991e-47
1.442500000000000000e+02 2.912449937680016940e-47
1.443750000000000000e+02 3.235945740835367298e-47
1.445000000000000000e+02 2.592867081441319781e-47
1.446250000000000000e+02 2.830487659277655019e-47
1.447500000000000000e+02 3.023870391899469507e-47
1.448750000000000000e+02 2.235112206444335027e-47
1.450000000000000000e+02 2.514366963444393633e-47
1.451250000000000000e+02 2.840484426863850514e-47
1.452500000000000000e+02 3.052172075645889984e-47
1.453750000000000000e+02 2.262212614696893629e-47
1.455000000000000000e+02 2.516094731974063545e-47
1.456250000000000000e+02 3.553219463264159431e-47
1.457500000000000000e+02 2.803134374522248316e-47
1.458750000000000000e+02 2.467070480007288157e-47
1.460000000000000000e+02 2.301822474824487474e-47
1.461250000000000000e+02 2.264834482679970287e-47
1.462500000000000000e+02 2.720755110096258834e-47
1.463750000000000000e+02 2.484964322983900460e-47
1.465000000000000000e+02 2.957653177350067666e-47
1.466250000000000000e+02 2.329409464237095519e-47
1.467500000000000000e+02 2.686693807498688146e-47
1.468750000000000000e+02 2.669330132715533180e-47
1.470000000000000000e+02 2.328005881719859160e-47
1.471250000000000000e+02 2.703079090986134451e-47
1.472500000000000000e+02 2.590411252000489631e-47
1.473750000000000000e+02 2.509006274615676816e-47
1.475000000000000000e+02 2.634123736353459117e-47
1.476250000000000000e+02 3.300591538059784817e-47
1.477500000000000000e+02 2.893458755831547153e-47
1.478750000000000000e+02 3.703881473101324320e-47
1.480000000000000000e+02 2.163210003410708924e-47
1.481250000000000000e+02 2.442365334264653208e-47
1.482500000000000000e+02 2.910323710909218491e-47
1.483750000000000000e+02 2.218341393522390677e-47
1.485000000000000000e+02 2.892354943671589550e-47
1.486250000000000000e+02 2.733440459720690040e-47
1.487500000000000000e+02 2.227710167695524428e-47
1.488750000000000000e+02 1.938330699615403172e-47
1.490000000000000000e+02 2.680312440968905472e-47
1.491250000000000000e+02 2.724351531036509568e-47
1.492500000000000000e+02 2.967758583073806469e-47
1.493750000000000000e+02 2.554512317570932627e-47
1.495000000000000000e+02 2.282411595230442382e-47
1.496250000000000000e+02 2.327406384386961626e-47
1.497500000000000000e+02 2.354261517727658153e-47
1.498750000000000000e+02 2.703885864869780925e-47
1.500000000000000000e+02 3.247780199003547686e-47
1.501250000000000000e+02 2.279964980010954702e-47
1.502500000000000000e+02 1.991094392353904645e-47
1.503750000000000000e+02 2.329885020391751643e-47
1.505000000000000000e+02 3.221871011408103906e-47
1.506250000000000000e+02 2.778760875448446672e-47
1.507500000000000000e+02 2.817475650023782582e-47
1.508750000000000000e+02 2.812932553616691241e-47
1.510000000000000000e+02 2.080194053768888044e-47
1.511250000000000000e+02 3.174054257565953975e-47
1.512500000000000000e+02 2.725951802920245702e-47
1.513750000000000000e+02 3.099176128662651587e-47
1.515000000000000000e+02 2.731304842998645297e-47
1.516250000000000000e+02 1.796493329434455700e-47
1.517500000000000000e+02 2.771456891584265665e-47
1.518750000000000000e+02 2.477704078146385637e-47
1.520000000000000000e+02 3.129202245583596115e-47
1.521250000000000000e+02 2.920299562113361766e-47
1.522500000000000000e+02 2.435048350320541687e-47
1.523750000000000000e+02 2.184533074555975707e-47
1.525000000000000000e+02 2.104936434354582282e-47
1.526250000000000000e+02 3.799237737703777312e-47
1.527500000000000000e+02 2.886131610674395409e-47
1.528750000000000000e+02 2.809465756259554026e-47
1.530000000000000000e+02 2.359028181665404828e-47
1.531250000000000000e+02 2.322022693699592034e-47
1.532500000000000000e+02 2.700502091145603562e-47
1.533750000000000000e+02 2.061107029734987460e-47
1.535000000000000000e+02 2.571585983406482565e-47
1.536250000000000000e+02 2.530762587233638008e-47
1.537500000000000000e+02 2.637317598939841801e-47
1.538750000000000000e+02 2.723223516888278634e-47
1.540000000000000000e+02 3.239870047818815348e-47
1.541250000000000000e+02 2.603935085036559955e-47
1.542500000000000000e+02 2.551848577951196533e-47
1.543750000000000000e+02 2.712123666630705716e-47
1.545000000000000000e+02 2.181877121892587919e-47
1.546250000000000000e+02 2.366270016554567933e-47
1.547500000000000000e+02 2.162206379039781563e-47
1.548750000000000000e+02 2.674067790712020780e-47
1.550000000000000000e+02 2.763567526255213532e-47
1.551250000000000000e+02 2.598302447093428472e-47
1.552500000000000000e+02 2.358074703782930306e-47
1.553750000000000000e+02 2.822077021299355180e-47
1.555000000000000000e+02 3.095254096897780686e-47
1.556250000000000000e+02 3.053220170833893129e-47
1.557500000000000000e+02 2.688564188600357269e-47
1.558750000000000000e+02 2.601525948695248582e-47
1.560000000000000000e+02 2.362460008271360850e-47
1.561250000000000000e+02 2.704294225902569260e-47
1.562500000000000000e+02 2.251620023226017747e-47
1.563750000000000000e+02 2.508408994958388483e-47
1.565000000000000000e+02 2.158062619688563796e-47
1.566250000000000000e+02 2.555776490728504223e-47
1.567500000000000000e+02 2.399862362819660370e-47
1.568750000000000000e+02 2.544854919943121387e-47
1.570000000000000000e+02 2.097226930744099567e-47
1.571250000000000000e+02 2.299611918135231246e-47
1.572500000000000000e+02 2.278459996629482736e-47
1.573750000000000000e+02 2.797112735646874838e-47
1.575000000000000000e+02 2.673811756467322326e-47
1.576250000000000000e+02 2.275510686264891953e-47
1.577500000000000000e+02 2.552887727058429919e-47
1.578750000000000000e+02 2.850899805774523757e-47
1.580000000000000000e+02 3.287324528833828018e-47
1.581250000000000000e+02 2.153782341875207398e-47
1.582500000000000000e+02 2.451247579930251185e-47
1.583750000000000000e+02 2.571157475466356113e-47
1.585000000000000000e+02 2.626583206672180370e-47
1.586250000000000000e+02 2.893554806478142080e-47
1.587500000000000000e+02 2.523208417514049954e-47
1.588750000000000000e+02 2.786322578363282377e-47
1.590000000000000000e+02 2.348621535649823771e-47
1.591250000000000000e+02 3.208104088566963709e-47
1.592500000000000000e+02 3.152448693364000469e-47
1.593750000000000000e+02 2.101799605150342022e-47
1.595000000000000000e+02 3.136326926788489982e-47
1.596250000000000000e+02 2.325036917786435333e-47
1.597500000000000000e+02 2.422779174900000651e-47
1.598750000000000000e+02 2.653281062827199749e-47
1.600000000000000000e+02 2.468873191918616494e-47
1.601250000000000000e+02 2.980259506112214212e-47
1.602500000000000000e+02 2.580119075228593587e-47
1.603750000000000000e+02 2.818598664851262079e-47
1.605000000000000000e+02 2.497321516053030317e-47
1.606250000000000000e+02 2.635560187002686826e-47
1.607500000000000000e+02 2.337325716614643965e-47
1.608750000000000000e+02 2.522282952591391624e-47
1.610000000000000000e+02 2.458946148727543414e-47
1.611250000000000000e+02 2.642357364997209940e-47
1.612500000000000000e+02 2.354601046111319348e-47
1.613750000000000000e+02 2.641783041450273981e-47
1.615000000000000000e+02 2.087601593842871718e-47
1.616250000000000000e+02 2.472809887536528605e-47
1.617500000000000000e+02 2.203680043705547426e-47
1.618750000000000000e+02 2.188056466687618564e-47
1.620000000000000000e+02 2.960527213083932876e-47
1.621250000000000000e+02 2.535728392917447945e-47
1.622500000000000000e+02 2.165250200632805998e-47
1.623750000000000000e+02 1.771404095374890111e-47
1.625000000000000000e+02 2.456803753403485099e-47
1.626250000000000000e+02 2.192690387193283597e-47
1.627500000000000000e+02 2.828155000288104049e-47
1.628750000000000000e+02 2.469266619224086076e-47
1.630000000000000000e+02 3.032893059835476362e-47
1.631250000000000000e+02 2.728657716365151734e-47
1.632500000000000000e+02 2.470999979189301435e-47
1.633750000000000000e+02 2.099037613752795967e-47
1.635000000000000000e+02 2.196820349567630417e-47
1.636250000000000000e+02 3.142145917025642698e-47
1.637500000000000000e+02 2.412680568669935336e-47
1.638750000000000000e+02 2.091290950364931934e-47
1.640000000000000000e+02 1.962101088215051157e-47
1.641250000000000000e+02 2.076828679262435904e-47
1.642500000000000000e+02 2.899641727634882969e-47
1.643750000000000000e+02 2.714244158132639420e-47
1.645000000000000000e+02 3.096533673495314346e-47
1.646250000000000000e+02 2.070519915915557378e-47
1.647500000000000000e+02 2.737427372269707660e-47
1.648750000000000000e+02 2.412125144692006118e-47
1.650000000000000000e+02 2.901817927328326049e-47
1.651250000000000000e+02 3.200807083567756917e-47
1.652500000000000000e+02 2.439820449037141214e-47
1.653750000000000000e+02 3.135791337984430799e-47
1.655000000000000000e+02 2.323980284440167789e-47
1.656250000000000000e+02 2.745479813092138702e-47
1.657500000000000000e+02 2.156150783705396533e-47
1.658750000000000000e+02 2.610351394388490752e-47
1.660000000000000000e+02 2.638364298820383665e-47
1.661250000000000000e+02 2.676558969326273757e-47
1.662500000000000000e+02 2.006575254811461154e-47
1.663750000000000000e+02 2.413775772567641839e-47
1.665000000000000000e+02 2.223119633520566021e-47
1.666250000000000000e+02 2.470008032572235834e-47
1.667500000000000000e+02 2.361851760260056784e-47
1.668750000000000000e+02 2.627169491363194861e-47
1.670000000000000000e+02 2.722691369811435096e-47
1.671250000000000000e+02 2.148743940247393957e-47
1.672500000000000000e+02 2.378963620117280363e-47
1.673750000000000000e+02 2.708264621814443896e-47
1.675000000000000000e+02 2.596752217134392960e-47
1.676250000000000000e+02 2.940581270589079462e-47
1.677500000000000000e+02 2.039410896158216897e-47
1.678750000000000000e+02 1.959639095069435825e-47
1.680000000000000000e+02 3.007386734861166118e-47
1.681250000000000000e+02 2.841604451920676802e-47
1.682500000000000000e+02 2.297549336621862707e-47
1.683750000000000000e+02 2.865965153797840911e-47
1.685000000000000000e+02 2.527043982764193709e-47
1.686250000000000000e+02 2.608152553287592288e-47
1.687500000000000000e+02 2.652466187011777102e-47
1.688750000000000000e+02 3.026405565693302086e-47
1.690000000000000000e+02 2.456712097292657714e-47
1.691250000000000000e+02 2.952423179357157038e-47
1.692500000000000000e+02 3.105141224797169296e-47
1.693750000000000000e+02 2.712834388089668234e-47
1.695000000000000000e+02 2.781436675751492394e-47
1.696250000000000000e+02 2.387821092173921848e-47
1.697500000000000000e+02 2.172267805689199593e-47
1.698750000000000000e+02 2.437493885424595051e-47
1.700000000000000000e+02 2.359351356108173992e-47
1.701250000000000000e+02 3.007063693255514559e-47
1.702500000000000000e+02 2.659449609701949623e-47
1.703750000000000000e+02 2.609560736844620798e-47
1.705000000000000000e+02 2.707933610189451552e-47
1.706250000000000000e+02 2.333519728605930906e-47
1.707500000000000000e+02 2.222122131607074817e-47
1.708750000000000000e+02 3.034305243391860398e-47
1.710000000000000000e+02 2.440334533449976829e-47
1.711250000000000000e+02 2.941164102856714920e-47
1.712500000000000000e+02 2.050097027002233241e-47
1.713750000000000000e+02 2.510034526155253756e-47
1.715000000000000000e+02 2.328121094987838090e-47
1.716250000000000000e+02 2.757445338563670168e-47
1.717500000000000000e+02 2.181731750198070694e-47
1.718750000000000000e+02 2.714712272633807854e-47
1.720000000000000000e+02 2.279920300915246523e-47
1.721250000000000000e+02 2.134608477628910303e-47
1.722500000000000000e+02 2.767925395652525828e-47
1.723750000000000000e+02 1.768822998153943712e-47
1.725000000000000000e+02 2.331202373246068447e-47
1.726250000000000000e+02 2.185931391274918499e-47
1.727500000000000000e+02 2.475251050863544711e-47
1.728750000000000000e+02 3.006230245157178183e-47
1.730000000000000000e+02 1.981571739307620273e-47
1.731250000000000000e+02 2.217023549562531561e-47
1.732500000000000000e+02 2.667067052936502775e-47
1.733750000000000000e+02 2.430321161687799907e-47
1.735000000000000000e+02 2.338905629261184586e-47
1.736250000000000000e+02 2.396157321618404361e-47
1.737500000000000000e+02 2.629559023501968067e-47
1.738750000000000000e+02 2.295105768679597865e-47
1.740000000000000000e+02 2.362920075780207879e-47
1.741250000000000000e+02 2.155489435583847471e-47
1.742500000000000000e+02 2.485465958437524349e-47
1.743750000000000000e+02 2.972052033937345899e-47
1.745000000000000000e+02 2.993284381463422329e-47
1.746250000000000000e+02 2.525086164495702133e-47
1.747500000000000000e+02 2.491453005695152651e-47
1.748750000000000000e+02 2.219521368821969860e-47
1.750000000000000000e+02 2.360899476227146312e-47
1.751250000000000000e+02 2.380124954781100058e-47
1.752500000000000000e+02 2.813772223759626915e-47
1.753750000000000000e+02 2.122120360182403383e-47
1.755000000000000000e+02 2.138287666935392560e-47
1.756250000000000000e+02 2.307807812398097775e-47
1.757500000000000000e+02 3.160485252654501546e-47
1.758750000000000000e+02 3.058234596482461743e-47
1.760000000000000000e+02 2.827665703205746571e-47
1.761250000000000000e+02 2.974375812285150492e-47
1.762500000000000000e+02 2.401640679842009640e-47
1.763750000000000000e+02 2.095553693420669325e-47
1.765000000000000000e+02 2.415811297645992247e-47
1.766250000000000000e+02 2.779027783836967086e-47
1.767500000000000000e+02 2.540381833675426768e-47
1.768750000000000000e+02 2.286978658927148651e-47
1.770000000000000000e+02 3.250871100287831145e-47
1.771250000000000000e+02 2.745415079329600719e-47
1.772500000000000000e+02 1.881434833674262844e-47
1.773750000000000000e+02 2.432950387309014566e-47
1.775000000000000000e+02 2.228603088101913061e-47
1.776250000000000000e+02 2.085471194718641458e-47
1.777500000000000000e+02 2.445303886904517893e-47
1.778750000000000000e+02 2.320385680088448943e-47
1.780000000000000000e+02 2.184788575445911153e-47
1.781250000000000000e+02 2.968197050840119899e-47
1.782500000000000000e+02 2.755313029129362178e-47
1.783750000000000000e+02 2.456633561291388424e-47
1.785000000000000000e+02 2.607580387413124754e-47
1.786250000000000000e+02 1.968675521686312490e-47
1.787500000000000000e+02 2.854149832939872575e-47
1.788750000000000000e+02 2.381576490474971587e-47
1.790000000000000000e+02 2.285620957582014608e-47
1.791250000000000000e+02 3.187300079328889246e-47
1.792500000000000000e+02 2.264512538190750747e-47
1.793750000000000000e+02 2.642470354328727001e-47
1.795000000000000000e+02 3.365181305357656467e-47
1.796250000000000000e+02 2.830290466228710421e-47
1.797500000000000000e+02 3.440489474477761408e-47
1.798750000000000000e+02 2.364257989581581966e-47
1.800000000000000000e+02 2.706074886243251404e-47
1.801250000000000000e+02 2.592095567593978800e-47
1.802500000000000000e+02 2.960169323728227711e-47
1.803750000000000000e+02 2.996753546917009634e-47
1.805000000000000000e+02 2.741282504375305657e-47
1.806250000000000000e+02 2.736271596295651359e-47
1.807500000000000000e+02 3.015482808890187171e-47
1.808750000000000000e+02 3.187932171618516231e-47
1.810000000000000000e+02 2.700831275632630579e-47
1.811250000000000000e+02 2.781658799932398842e-47
1.812500000000000000e+02 1.882219524699541817e-47
1.813750000000000000e+02 2.612381950876477295e-47
1.815000000000000000e+02 2.578973043175850090e-47
1.816250000000000000e+02 2.688316475209936781e-47
1.817500000000000000e+02 2.419394220540590553e-47
1.818750000000000000e+02 2.490656976230560710e-47
1.820000000000000000e+02 2.859681690223694812e-47
1.821250000000000000e+02 2.288332247303813608e-47
1.822500000000000000e+02 2.282429074419179740e-47
1.823750000000000000e+02 1.994500950799118233e-47
1.825000000000000000e+02 2.545931493876341675e-47
1.826250000000000000e+02 2.072538227154306810e-47
1.827500000000000000e+02 2.281283319451515086e-47
1.828750000000000000e+02 2.358837469963585857e-47
1.830000000000000000e+02 2.342661915421273937e-47
1.831250000000000000e+02 2.424560244180197551e-47
1.832500000000000000e+02 2.331904902275618101e-47
1.833750000000000000e+02 2.264636173398454817e-47
1.835000000000000000e+02 2.713553453033035529e-47
1.836250000000000000e+02 2.398223232317563863e-47
1.837500000000000000e+02 2.695255392323781503e-47
1.838750000000000000e+02 2.592615957253236880e-47
1.840000000000000000e+02 2.520465305596293961e-47
1.841250000000000000e+02 2.594259348008255818e-47
1.842500000000000000e+02 2.388550920812559872e-47
1.843750000000000000e+02 2.042162828749516347e-47
1.845000000000000000e+02 3.011948440383974921e-47
1.846250000000000000e+02 2.792753776033635264e-47
1.847500000000000000e+02 2.327260458038650986e-47
1.848750000000000000e+02 2.318092115781157819e-47
1.850000000000000000e+02 2.381858833273630461e-47
1.851250000000000000e+02 2.682110938245925113e-47
1.852500000000000000e+02 2.670525530886477553e-47
1.853750000000000000e+02 2.430157622697559195e-47
1.855000000000000000e+02 2.386872680415383422e-47
1.856250000000000000e+02 2.641306087450945252e-47
1.857500000000000000e+02 2.682846018506913226e-47
1.858750000000000000e+02 2.401966042052497333e-47
1.860000000000000000e+02 2.380533885266881903e-47
1.861250000000000000e+02 2.922017925503505845e-47
1.862500000000000000e+02 1.941248000218064794e-47
1.863750000000000000e+02 3.028955060290975137e-47
1.865000000000000000e+02 2.247513192992573148e-47
1.866250000000000000e+02 2.564821589838517967e-47
1.867500000000000000e+02 2.143142585810867768e-47
1.868750000000000000e+02 2.762121806970999830e-47
1.870000000000000000e+02 2.558512631980578273e-47
1.871250000000000000e+02 2.684807125854673722e-47
1.872500000000000000e+02 2.077031320261980283e-47
1.873750000000000000e+02 2.143878044531956054e-47
1.875000000000000000e+02 2.232969532147584745e-47
1.876250000000000000e+02 2.238308681005430073e-47
1.877500000000000000e+02 1.913779340531695964e-47
1.878750000000000000e+02 1.916743348700448999e-47
1.880000000000000000e+02 2.424941486053683741e-47
1.881250000000000000e+02 2.628275432060561137e-47
1.882500000000000000e+02 2.624372066078278649e-47
1.883750000000000000e+02 2.458524819753493623e-47
1.885000000000000000e+02 2.557753174718399656e-47
1.886250000000000000e+02 2.527694360827037502e-47
1.887500000000000000e+02 2.808881743800392655e-47
1.888750000000000000e+02 3.123605226050260235e-47
1.890000000000000000e+02 2.119565994963293071e-47
1.891250000000000000e+02 2.579783886046523679e-47
1.892500000000000000e+02 2.395358755334292699e-47
1.893750000000000000e+02 1.795125140585137959e-47
1.895000000000000000e+02 2.242122200395336615e-47
1.896250000000000000e+02 2.645289369183741417e-47
1.897500000000000000e+02 2.993098526317556876e-47
1.898750000000000000e+02 1.921042431217937954e-47
1.900000000000000000e+02 2.884780027744567847e-47
1.901250000000000000e+02 2.700081608487883557e-47
1.902500000000000000e+02 2.306047455486379199e-47
1.903750000000000000e+02 2.222122658853941767e-47
1.905000000000000000e+02 2.280275800678198933e-47
1.906250000000000000e+02 2.353304291081011964e-47
1.907500000000000000e+02 2.540887818665442614e-47
1.908750000000000000e+02 2.903449793271547399e-47
1.910000000000000000e+02 2.039124689774468020e-47
1.911250000000000000e+02 2.949837361703519376e-47
1.912500000000000000e+02 2.115201034466675043e-47
1.913750000000000000e+02 2.158251211314551146e-47
1.915000000000000000e+02 1.792994754768071816e-47
1.916250000000000000e+02 2.030306237881420446e-47
1.917500000000000000e+02 2.381665352082319817e-47
1.918750000000000000e+02 3.309219240031954032e-47
1.920000000000000000e+02 2.864224537788584059e-47
1.921250000000000000e+02 2.379369595092771846e-47
1.922500000000000000e+02 2.469104141685092660e-47
1.923750000000000000e+02 2.477698543573142020e-47
1.925000000000000000e+02 2.274987703558885619e-47
1.926250000000000000e+02 2.017886119238971871e-47
1.927500000000000000e+02 2.243247849981126510e-47
1.928750000000000000e+02 2.795009031150858983e-47
1.930000000000000000e+02 2.287815233390631761e-47
1.931250000000000000e+02 2.395073682613510417e-47
1.932500000000000000e+02 2.450160158452365169e-47
1.933750000000000000e+02 2.488821717719365894e-47
1.935000000000000000e+02 2.202615026001088337e-47
1.936250000000000000e+02 2.551183190544407192e-47
1.937500000000000000e+02 2.233717752263553751e-47
1.938750000000000000e+02 2.358141609052407059e-47
1.940000000000000000e+02 2.564267829879122042e-47
1.941250000000000000e+02 2.035686798214778265e-47
1.942500000000000000e+02 2.492452813789948256e-47
1.943750000000000000e+02 2.458554785520982880e-47
1.945000000000000000e+02 2.327955779252356417e-47
1.946250000000000000e+02 2.231876796757794751e-47
1.947500000000000000e+02 2.281079998732431175e-47
1.948750000000000000e+02 2.398735095532617594e-47
1.950000000000000000e+02 2.333850603786007677e-47
1.951250000000000000e+02 2.681621440957366240e-47
1.952500000000000000e+02 2.891952831475128438e-47
1.953750000000000000e+02 2.457117536157724904e-47
1.955000000000000000e+02 2.613402671997275345e-47
1.956250000000000000e+02 2.603964253562620154e-47
1.957500000000000000e+02 2.417950904706225472e-47
1.958750000000000000e+02 2.196011909943842292e-47
1.960000000000000000e+02 2.611536897684540274e-47
1.961250000000000000e+02 2.666650939646511599e-47
1.962500000000000000e+02 2.810944925918787052e-47
1.963750000000000000e+02 2.368124759666627662e-47
1.965000000000000000e+02 2.651691625601983324e-47
1.966250000000000000e+02 2.689344853152237234e-47
1.967500000000000000e+02 2.023850791602711616e-47
1.968750000000000000e+02 2.253299271318498244e-47
1.970000000000000000e+02 2.662379871578145924e-47
1.971250000000000000e+02 2.176064278973274096e-47
1.972500000000000000e+02 2.180284457490972879e-47
1.973750000000000000e+02 2.077395658526213345e-47
1.975000000000000000e+02 2.410314385261943736e-47
1.976250000000000000e+02 2.416640784618041491e-47
1.977500000000000000e+02 2.864944802373339899e-47
1.978750000000000000e+02 2.753127098552846208e-47
1.980000000000000000e+02 2.836232060568305023e-47
1.981250000000000000e+02 2.635912679425738546e-47
1.982500000000000000e+02 2.505684825007116704e-47
1.983750000000000000e+02 2.734973454915129476e-47
1.985000000000000000e+02 2.755530785858401036e-47
1.986250000000000000e+02 1.908729216535979148e-47
1.987500000000000000e+02 2.675079892256459898e-47
1.988750000000000000e+02 2.437473495204332750e-47
1.990000000000000000e+02 1.876667175966765532e-47
1.991250000000000000e+02 2.644408350550796840e-47
1.992500000000000000e+02 2.606499423643504766e-47
1.993750000000000000e+02 1.991530483712235125e-47
1.995000000000000000e+02 2.193308081346012214e-47
1.996250000000000000e+02 2.454496426694698796e-47
1.997500000000000000e+02 2.482921041686127618e-47
1.998750000000000000e+02 2.196897725445060786e-47
2.000000000000000000e+02 2.380386827819097294e-47
2.001250000000000000e+02 2.264046328442427425e-47
2.002500000000000000e+02 2.624457484177898633e-47
2.003750000000000000e+02 2.627974039256908396e-47
2.005000000000000000e+02 2.773613245741165253e-47
2.006250000000000000e+02 1.959265254321308672e-47
2.007500000000000000e+02 2.136393187531543250e-47
2.008750000000000000e+02 1.888799910509891621e-47
2.010000000000000000e+02 1.675909172097713156e-47
2.011250000000000000e+02 2.377591034095400681e-47
2.012500000000000000e+02 2.952277205119629896e-47
2.013750000000000000e+02 2.421936798561391566e-47
2.015000000000000000e+02 1.907121286455416556e-47
2.016250000000000000e+02 2.823103059509372261e-47
2.017500000000000000e+02 2.639018608061803914e-47
2.018750000000000000e+02 2.715686918651475575e-47
2.020000000000000000e+02 2.259238863282839530e-47
2.021250000000000000e+02 2.327567018459765110e-47
2.022500000000000000e+02 2.063307426092534357e-47
2.023750000000000000e+02 2.518703838064079642e-47
2.025000000000000000e+02 2.272659953457572765e-47
2.026250000000000000e+02 2.386105226640534538e-47
2.027500000000000000e+02 2.126007239599369903e-47
2.028750000000000000e+02 2.375806837514029011e-47
2.030000000000000000e+02 2.643414219902998531e-47
2.031250000000000000e+02 2.439868742105653019e-47
2.032500000000000000e+02 2.472214198801268626e-47
2.033750000000000000e+02 2.314435082739695304e-47
2.035000000000000000e+02 2.012236806544989337e-47
2.036250000000000000e+02 2.411945381459155066e-47
2.037500000000000000e+02 1.836537703349952250e-47
2.038750000000000000e+02 2.677959644805285812e-47
2.040000000000000000e+02 2.684797253174391847e-47
2.041250000000000000e+02 2.302995577995779871e-47
2.042500000000000000e+02 2.690043758975311115e-47
2.043750000000000000e+02 2.287615868348695409e-47
2.045000000000000000e+02 2.973458638637771648e-47
2.046250000000000000e+02 2.850763389305747134e-47
2.047500000000000000e+02 2.622485271754698328e-47
2.048750000000000000e+02 2.101593816447592717e-47
2.050000000000000000e+02 2.521636610775048425e-47
2.051250000000000000e+02 2.075026997918250305e-47
2.052500000000000000e+02 2.080260965071900684e-47
2.053750000000000000e+02 2.716102691504629971e-47
2.055000000000000000e+02 2.580622202028266371e-47
2.056250000000000000e+02 2.319776250311470789e-47
2.057500000000000000e+02 2.045839613534662946e-47
2.058750000000000000e+02 2.381164312789654119e-47
2.060000000000000000e+02 2.766444583445684912e-47
2.061250000000000000e+02 2.257663993359550134e-47
2.062500000000000000e+02 2.447537224568167668e-47
2.063750000000000000e+02 2.966448867049997419e-47
2.065000000000000000e+02 2.614983831101155555e-47
2.066250000000000000e+02 2.459725733689561111e-47
2.067500000000000000e+02 2.298654605847588334e-47
2.068750000000000000e+02 2.480178991927494202e-47
2.070000000000000000e+02 2.474273462103713162e-47
2.071250000000000000e+02 2.425439212596862757e-47
2.072500000000000000e+02 1.858361637948218586e-47
2.073750000000000000e+02 2.370957709422757471e-47
2.075000000000000000e+02 2.420219174333654172e-47
2.076250000000000000e+02 2.294579401426692270e-47
2.077500000000000000e+02 2.691667563897287047e-47
2.078750000000000000e+02 2.201296907739178101e-47
2.080000000000000000e+02 3.256540290270538571e-47
2.081250000000000000e+02 2.280758765256484491e-47
2.082500000000000000e+02 2.119980873093707594e-47
2.083750000000000000e+02 2.524821954378485463e-47
2.085000000000000000e+02 1.811736103090049490e-47
2.086250000000000000e+02 2.613730083524176411e-47
2.087500000000000000e+02 2.881325496050930743e-47
2.088750000000000000e+02 2.135387206725600048e-47
2.090000000000000000e+02 2.840625491888265569e-47
2.091250000000000000e+02 2.350805274827920602e-47
2.092500000000000000e+02 2.472502905419743257e-47
2.093750000000000000e+02 2.164599534861004673e-47
2.095000000000000000e+02 2.403976070573925710e-47
2.096250000000000000e+02 2.660700423759968808e-47
2.097500000000000000e+02 2.413593756890438743e-47
2.098750000000000000e+02 2.101768682385984058e-47
2.100000000000000000e+02 2.305874722689158926e-47
2.101250000000000000e+02 1.830300933259236596e-47
2.102500000000000000e+02 1.969848987966285774e-47
2.103750000000000000e+02 2.162808683344610867e-47
2.105000000000000000e+02 2.297303477822385297e-47
2.106250000000000000e+02 2.503287398593340852e-47
2.107500000000000000e+02 2.023723419151847545e-47
2.108750000000000000e+02 2.077439743511513473e-47
2.110000000000000000e+02 2.168546814252805294e-47
2.111250000000000000e+02 2.872910355188945876e-47
2.112500000000000000e+02 1.971149930877117305e-47
2.113750000000000000e+02 2.557299845352097094e-47
2.115000000000000000e+02 1.791809506886118918e-47
2.116250000000000000e+02 2.836120935688606798e-47
2.117500000000000000e+02 2.498737354555988181e-47
2.118750000000000000e+02 1.963272472684258522e-47
2.120000000000000000e+02 2.417302591336587226e-47
2.121250000000000000e+02 1.896927335198915452e-47
2.122500000000000000e+02 2.554472903895097186e-47
2.123750000000000000e+02 2.435304922272734699e-47
2.125000000000000000e+02 2.916468981423898020e-47
2.126250000000000000e+02 3.034720003434365936e-47
2.127500000000000000e+02 2.860647318659439967e-47
2.128750000000000000e+02 2.524209912384235910e-47
2.130000000000000000e+02 2.120630964424637155e-47
2.131250000000000000e+02 3.070281076729964454e-47
2.132500000000000000e+02 2.389717183341621096e-47
2.133750000000000000e+02 2.953495380982111396e-47
2.135000000000000000e+02 2.389704336014777581e-47
2.136250000000000000e+02 2.298634521474621904e-47
2.137500000000000000e+02 2.997787876336524555e-47
2.138750000000000000e+02 2.510355698553132467e-47
2.140000000000000000e+02 3.470242644970419182e-47
2.141250000000000000e+02 2.023786720282219357e-47
2.142500000000000000e+02 2.003697691277070705e-47
2.143750000000000000e+02 2.622923786136344460e-47
2.145000000000000000e+02 1.950099772341018057e-47
2.146250000000000000e+02 2.542687579133137938e-47
2.147500000000000000e+02 2.225019357279593081e-47
2.148750000000000000e+02 2.201253943070727536e-47
2.150000000000000000e+02 2.106112531694865145e-47
2.151250000000000000e+02 3.219901284233882466e-47
2.152500000000000000e+02 2.626725100848217965e-47
2.153750000000000000e+02 3.050570911454338921e-47
2.155000000000000000e+02 2.311085285761323748e-47
2.156250000000000000e+02 2.511510591943133235e-47
2.157500000000000000e+02 3.162100821553770580e-47
2.158750000000000000e+02 2.699046035687989228e-47
2.160000000000000000e+02 2.371713016634087783e-47
2.161250000000000000e+02 2.712588871060346061e-47
2.162500000000000000e+02 2.410391830304378780e-47
2.163750000000000000e+02 2.408345062342827784e-47
2.165000000000000000e+02 2.326050889718212552e-47
2.166250000000000000e+02 2.241987865523401739e-47
2.167500000000000000e+02 2.749504048659698417e-47
2.168750000000000000e+02 2.544419267307996375e-47
2.170000000000000000e+02 2.258174318631939446e-47
2.171250000000000000e+02 2.070170697825895759e-47
2.172500000000000000e+02 2.913000254738707671e-47
2.173750000000000000e+02 2.481232211140972988e-47
2.175000000000000000e+02 2.483146758022065725e-47
2.176250000000000000e+02 2.159046393267221109e-47
2.177500000000000000e+02 3.376786125456364502e-47
2.178750000000000000e+02 2.473447203554158625e-47
2.180000000000000000e+02 2.545559397275144551e-47
2.181250000000000000e+02 2.043324207095759698e-47
2.182500000000000000e+02 2.381759960618086037e-47
2.183750000000000000e+02 2.663932870389044001e-47
2.185000000000000000e+02 2.377627005821511219e-47
2.186250000000000000e+02 2.186146863545237583e-47
2.187500000000000000e+02 2.099975443554914445e-47
2.188750000000000000e+02 2.569535122157203843e-47
2.190000000000000000e+02 2.170668559452426569e-47
2.191250000000000000e+02 2.378547748467193149e-47
2.192500000000000000e+02 2.597585721703486338e-47
2.193750000000000000e+02 2.383944104828805983e-47
2.195000000000000000e+02 3.320623384656509405e-47
2.196250000000000000e+02 2.321783144919537786e-47
2.197500000000000000e+02 2.620846894923862640e-47
2.198750000000000000e+02 2.886254956633731321e-47
2.200000000000000000e+02 2.869066231628477338e-47
2.201250000000000000e+02 2.389919788005771244e-47
2.202500000000000000e+02 2.403664060943656554e-47
2.203750000000000000e+02 2.480828755851282650e-47
2.205000000000000000e+02 2.413714120063997149e-47
2.206250000000000000e+02 2.284018504626899223e-47
2.207500000000000000e+02 2.843941008691121944e-47
2.208750000000000000e+02 2.236991623188164270e-47
2.210000000000000000e+02 2.418886808114134285e-47
2.211250000000000000e+02 2.322778052789391610e-47
2.212500000000000000e+02 2.649050059321421566e-47
2.213750000000000000e+02 2.852517809859536016e-47
2.215000000000000000e+02 2.631204128720687667e-47
2.216250000000000000e+02 2.552625201227860326e-47
2.217500000000000000e+02 2.532363477520960734e-47
2.218750000000000000e+02 2.661177512540154031e-47
2.220000000000000000e+02 2.669776112893215999e-47
2.221250000000000000e+02 2.277708489797651694e-47
2.222500000000000000e+02 2.402919183161057292e-47
2.223750000000000000e+02 2.186585956899882945e-47
2.225000000000000000e+02 2.635506502217670970e-47
2.226250000000000000e+02 2.025892668473004438e-47
2.227500000000000000e+02 2.308939462575473800e-47
2.228750000000000000e+02 2.467293557316576913e-47
2.230000000000000000e+02 2.130596942675932187e-47
2.231250000000000000e+02 2.024311121963410908e-47
2.232500000000000000e+02 1.740597945767094113e-47
2.233750000000000000e+02 2.740267850712362755e-47
2.235000000000000000e+02 2.042961054984294501e-47
2.236250000000000000e+02 1.910257854561268186e-47
2.237500000000000000e+02 2.237959189696901451e-47
2.238750000000000000e+02 2.305120267019848941e-47
2.240000000000000000e+02 2.418130468748460040e-47
2.241250000000000000e+02 3.087363054017663187e-47
2.242500000000000000e+02 2.131144197333765516e-47
2.243750000000000000e+02 2.362054496841425292e-47
2.245000000000000000e+02 2.699690465513953305e-47
2.246250000000000000e+02 1.991611752997156283e-47
2.247500000000000000e+02 2.002856048671807924e-47
2.248750000000000000e+02 2.449921627959274482e-47
2.250000000000000000e+02 2.105352822376174284e-47
2.251250000000000000e+02 2.012651024219750447e-47
2.252500000000000000e+02 2.541613787021100723e-47
2.253750000000000000e+02 2.393471372341820706e-47
2.255000000000000000e+02 3.209126494361554770e-47
2.256250000000000000e+02 2.403398396294021514e-47
2.257500000000000000e+02 2.711166753297783093e-47
2.258750000000000000e+02 2.934799866103018122e-47
2.260000000000000000e+02 2.410367989890346586e-47
2.261250000000000000e+02 2.376965310209299639e-47
2.262500000000000000e+02 1.939999980018325215e-47
2.263750000000000000e+02 2.267112903450636896e-47
2.265000000000000000e+02 2.068012958437522542e-47
2.266250000000000000e+02 3.437094863500895405e-47
2.267500000000000000e+02 2.809685022875099211e-47
2.268750000000000000e+02 2.892155911394107702e-47
2.270000000000000000e+02 2.660274036027049365e-47
2.271250000000000000e+02 2.980251691261786490e-47
2.272500000000000000e+02 2.923041448914274520e-47
2.273750000000000000e+02 1.919571819210599447e-47
2.275000000000000000e+02 3.188638475543353026e-47
2.276250000000000000e+02 2.213759947273587848e-47
2.277500000000000000e+02 2.408704933392349044e-47
2.278750000000000000e+02 2.683232196711296258e-47
2.280000000000000000e+02 2.818236258851335825e-47
2.281250000000000000e+02 2.364454775068130571e-47
2.282500000000000000e+02 1.967222085397538270e-47
2.283750000000000000e+02 2.349483771650052754e-47
2.285000000000000000e+02 2.549383715285701361e-47
2.286250000000000000e+02 2.344475935271187076e-47
2.287500000000000000e+02 2.898709951473289812e-47
2.288750000000000000e+02 2.241989207568292088e-47
2.290000000000000000e+02 2.749600159273841874e-47
2.291250000000000000e+02 2.558753898901875595e-47
2.292500000000000000e+02 2.224400525145776981e-47
2.293750000000000000e+02 2.667948647217019390e-47
2.295000000000000000e+02 2.501428562259882962e-47
2.296250000000000000e+02 2.572472215677524606e-47
2.297500000000000000e+02 1.963100747408457392e-47
2.298750000000000000e+02 2.622290896293513893e-47
2.300000000000000000e+02 2.768834472042552258e-47
2.301250000000000000e+02 2.197890128393536628e-47
2.302500000000000000e+02 2.802396814450460140e-47
2.303750000000000000e+02 2.130060200008740416e-47
2.305000000000000000e+02 2.520875390778056893e-47
2.306250000000000000e+02 2.257504682828151570e-47
2.307500000000000000e+02 1.864525957541103180e-47
2.308750000000000000e+02 2.593231710827869501e-47
2.310000000000000000e+02 2.274739038204094428e-47
2.311250000000000000e+02 2.185523342795949423e-47
2.312500000000000000e+02 2.151699373135990143e-47
2.313750000000000000e+02 2.057901241699598214e-47
2.315000000000000000e+02 2.660462816017234080e-47
2.316250000000000000e+02 2.497300463333250558e-47
2.317500000000000000e+02 2.829917717208551815e-47
2.318750000000000000e+02 2.928950748321693844e-47
2.320000000000000000e+02 2.580882449654299051e-47
2.321250000000000000e+02 2.582698065272068995e-47
2.322500000000000000e+02 3.215092189345067953e-47
2.323750000000000000e+02 2.271361141866783829e-47
2.325000000000000000e+02 2.297058974920375124e-47
2.326250000000000000e+02 2.337681949970950359e-47
2.327500000000000000e+02 2.297846300393876019e-47
2.328750000000000000e+02 2.410445735904756820e-47
2.330000000000000000e+02 2.761622198652823703e-47
2.331250000000000000e+02 2.689384183782062143e-47
2.332500000000000000e+02 1.541968702046694567e-47
2.333750000000000000e+02 2.480652536159292701e-47
2.335000000000000000e+02 2.452176166052783407e-47
2.336250000000000000e+02 2.306131630135512646e-47
2.337500000000000000e+02 2.193242234573004189e-47
2.338750000000000000e+02 2.595152312980953110e-47
2.340000000000000000e+02 2.320669404910539039e-47
2.341250000000000000e+02 2.422609915137611046e-47
2.342500000000000000e+02 2.189910187650217499e-47
2.343750000000000000e+02 3.335985462353996090e-47
2.345000000000000000e+02 2.607231233260421517e-47
2.346250000000000000e+02 2.129647935795296017e-47
2.347500000000000000e+02 2.319093245951097805e-47
2.348750000000000000e+02 2.422832732656731675e-47
2.350000000000000000e+02 2.801549560128120480e-47
2.351250000000000000e+02 2.869357025555107950e-47
2.352500000000000000e+02 2.007072106668910497e-47
2.353750000000000000e+02 3.040411948723488653e-47
2.355000000000000000e+02 2.421450656692011469e-47
2.356250000000000000e+02 2.480794261624467986e-47
2.357500000000000000e+02 2.771115682440348112e-47
2.358750000000000000e+02 2.453524359620877763e-47
2.360000000000000000e+02 2.176573448416767318e-47
2.361250000000000000e+02 2.283596148800518891e-47
2.362500000000000000e+02 2.352702292609946633e-47
2.363750000000000000e+02 2.206469102095100179e-47
2.365000000000000000e+02 2.285832795497536076e-47
2.366250000000000000e+02 2.506806564902754861e-47
2.367500000000000000e+02 2.109716269028482057e-47
2.368750000000000000e+02 2.990871556678887511e-47
2.370000000000000000e+02 2.372990860587703494e-47
2.371250000000000000e+02 2.930154510438996898e-47
2.372500000000000000e+02 2.360480932959552577e-47
2.373750000000000000e+02 2.180852357032475751e-47
2.375000000000000000e+02 2.266885071306536903e-47
2.376250000000000000e+02 2.413103497298102333e-47
2.377500000000000000e+02 2.731923904569103381e-47
2.378750000000000000e+02 2.624537050104878951e-47
2.380000000000000000e+02 2.716880769834725338e-47
2.381250000000000000e+02 1.756640026958198092e-47
2.382500000000000000e+02 2.280759321151623602e-47
2.383750000000000000e+02 2.545917260793102740e-47
2.385000000000000000e+02 2.020397293427968903e-47
2.386250000000000000e+02 2.413733525706375912e-47
2.387500000000000000e+02 2.470946110992687807e-47
2.388750000000000000e+02 2.467272621719162779e-47
2.390000000000000000e+02 2.225331881224171629e-47
2.391250000000000000e+02 2.216186809186230292e-47
2.392500000000000000e+02 2.427786821831572846e-47
2.393750000000000000e+02 2.571860082549374430e-47
2.395000000000000000e+02 2.358886989432015803e-47
2.396250000000000000e+02 2.460829854059904000e-47
2.397500000000000000e+02 2.876272207982362694e-47
2.398750000000000000e+02 2.643175327910403662e-47
2.400000000000000000e+02 1.845194820269066125e-47
2.401250000000000000e+02 2.404908041761941961e-47
2.402500000000000000e+02 2.051864855004262022e-47
2.403750000000000000e+02 2.344358352864724356e-47
2.405000000000000000e+02 2.964735527114596156e-47
2.406250000000000000e+02 2.674146080636999975e-47
2.407500000000000000e+02 2.201848531731420387e-47
2.408750000000000000e+02 2.348213816964662185e-47
2.410000000000000000e+02 2.005263559728665782e-47
2.411250000000000000e+02 2.887860509276812751e-47
2.412500000000000000e+02 2.246722763792416938e-47
2.413750000000000000e+02 2.419300339226829691e-47
2.415000000000000000e+02 2.844893480312524364e-47
2.416250000000000000e+02 2.784361707606039645e-47
2.417500000000000000e+02 2.593026377832390202e-47
2.418750000000000000e+02 2.944494839005484241e-47
2.420000000000000000e+02 2.711406615572826647e-47
2.421250000000000000e+02 2.423706410659454683e-47
2.422500000000000000e+02 1.811631975211218855e-47
2.423750000000000000e+02 2.654629167702526801e-47
2.425000000000000000e+02 3.013318568639716668e-47
2.426250000000000000e+02 2.128430314658590473e-47
2.427500000000000000e+02 2.228785802253313683e-47
2.428750000000000000e+02 2.077821024308950688e-47
2.430000000000000000e+02 2.451795241692929419e-47
2.431250000000000000e+02 2.152452779077664482e-47
2.432500000000000000e+02 2.307818380598123371e-47
2.433750000000000000e+02 2.322792151892960042e-47
2.435000000000000000e+02 2.338322069382533362e-47
2.436250000000000000e+02 3.058901286254337869e-47
2.437500000000000000e+02 2.298202097629580250e-47
2.438750000000000000e+02 1.994165071443327355e-47
2.440000000000000000e+02 2.193218913805373821e-47
2.441250000000000000e+02 2.683684365415548811e-47
2.442500000000000000e+02 2.287243684836383172e-47
2.443750000000000000e+02 2.566507849780452581e-47
2.445000000000000000e+02 2.531251862863273862e-47
2.446250000000000000e+02 2.142359472082357043e-47
2.447500000000000000e+02 2.520228297385655580e-47
2.448750000000000000e+02 2.754128173391752078e-47
2.450000000000000000e+02 2.032544580900289053e-47
2.451250000000000000e+02 2.414031911741927776e-47
2.452500000000000000e+02 1.920086971247489328e-47
2.453750000000000000e+02 2.064503548780488358e-47
2.455000000000000000e+02 2.813815906648417340e-47
2.456250000000000000e+02 2.362528877616716469e-47
2.457500000000000000e+02 2.178583514992809474e-47
2.458750000000000000e+02 2.421469455663012047e-47
2.460000000000000000e+02 2.499642811379702321e-47
2.461250000000000000e+02 2.259197988562841492e-47
2.462500000000000000e+02 2.570674868887208861e-47
2.463750000000000000e+02 2.597436875973523774e-47
2.465000000000000000e+02 2.854340907101842596e-47
2.466250000000000000e+02 2.044042472395206869e-47
2.467500000000000000e+02 2.212617556267782656e-47
2.468750000000000000e+02 2.016640944626026912e-47
2.470000000000000000e+02 2.351641536683751238e-47
2.471250000000000000e+02 2.597597654209850929e-47
2.472500000000000000e+02 2.598301758350808491e-47
2.473750000000000000e+02 2.632451823735643030e-47
2.475000000000000000e+02 2.246651981973235100e-47
2.476250000000000000e+02 2.957434533312775602e-47
2.477500000000000000e+02 1.667533781020852727e-47
2.478750000000000000e+02 2.669604236058949176e-47
2.480000000000000000e+02 2.300908433636072093e-47
2.481250000000000000e+02 2.155308141963507186e-47
2.482500000000000000e+02 3.385350185806046276e-47
2.483750000000000000e+02 2.452649512673310790e-47
2.485000000000000000e+02 2.363386948879424241e-47
2.486250000000000000e+02 2.261498780628913279e-47
2.487500000000000000e+02 2.962108058714412296e-47
2.488750000000000000e+02 2.160984915146850844e-47
2.490000000000000000e+02 2.599773747129868911e-47
2.491250000000000000e+02 2.600682751582877194e-47
2.492500000000000000e+02 2.881484711770713194e-47
2.493750000000000000e+02 2.899095756368363632e-47
2.495000000000000000e+02 3.285908951193641569e-47
2.496250000000000000e+02 2.609080969376792694e-47
2.497500000000000000e+02 2.550552172746173216e-47
2.498750000000000000e+02 2.504360481122455063e-47
2.500000000000000000e+02 2.474511355035893712e-47
2.501250000000000000e+02 2.670776505309641418e-47
2.502500000000000000e+02 2.794668923029794962e-47
2.503750000000000000e+02 2.135358754552451030e-47
2.505000000000000000e+02 2.372208726839605236e-47
2.506250000000000000e+02 2.506836991684751446e-47
2.507500000000000000e+02 2.358301782669164871e-47
2.508750000000000000e+02 2.339189367532511210e-47
2.510000000000000000e+02 2.559571071657743885e-47
2.511250000000000000e+02 2.295751038237256547e-47
2.512500000000000000e+02 2.397104137761892608e-47
2.513750000000000000e+02 3.037282615997144560e-47
2.515000000000000000e+02 1.812604417598030699e-47
2.516250000000000000e+02 2.612339600173072469e-47
2.517500000000000000e+02 2.415572714553706489e-47
2.518750000000000000e+02 2.472879432949842985e-47
2.520000000000000000e+02 2.192646361655232013e-47
2.521250000000000000e+02 2.290622391133004834e-47
2.522500000000000000e+02 2.304833240170765226e-47
2.523750000000000000e+02 2.228299831495212219e-47
2.525000000000000000e+02 2.355063497288055323e-47
2.526250000000000000e+02 2.387391365757861872e-47
2.527500000000000000e+02 2.301367789770337999e-47
2.528750000000000000e+02 2.584278787472983728e-47
2.530000000000000000e+02 2.549313873414003666e-47
2.531250000000000000e+02 2.743247534819047430e-47
2.532500000000000000e+02 2.654574681700782779e-47
2.533750000000000000e+02 2.351026545141006783e-47
2.535000000000000000e+02 2.529126132057705025e-47
2.536250000000000000e+02 2.339376786357439447e-47
2.537500000000000000e+02 2.727618188016188737e-47
2.538750000000000000e+02 2.738556022684909805e-47
2.540000000000000000e+02 2.680072613191570568e-47
2.541250000000000000e+02 2.940396082623745303e-47
2.542500000000000000e+02 2.466980243524938862e-47
2.543750000000000000e+02 2.152265392505654514e-47
2.545000000000000000e+02 2.318237048923224011e-47
2.546250000000000000e+02 2.470860721098123223e-47
2.547500000000000000e+02 2.705406528243021254e-47
2.548750000000000000e+02 2.858248665877984596e-47
2.550000000000000000e+02 2.981342760332505777e-47
2.551250000000000000e+02 2.127695978510717911e-47
2.552500000000000000e+02 2.156881153446761279e-47
2.553750000000000000e+02 2.986648095504105119e-47
2.555000000000000000e+02 1.848608823148262650e-47
2.556250000000000000e+02 2.184834554352888091e-47
2.557500000000000000e+02 2.740547631996834356e-47
2.558750000000000000e+02 2.455131825310597437e-47
2.560000000000000000e+02 2.438127536969442439e-47
2.561250000000000000e+02 2.493294831401202273e-47
2.562500000000000000e+02 2.426719548881186975e-47
2.563750000000000000e+02 3.087019804314712807e-47
2.565000000000000000e+02 1.964616010513263299e-47
2.566250000000000000e+02 2.531899813921515917e-47
2.567500000000000000e+02 2.485912888559498143e-47
2.568750000000000000e+02 2.828851090166669613e-47
2.570000000000000000e+02 2.252732171604238234e-47
2.571250000000000000e+02 2.453097524604177351e-47
2.572500000000000000e+02 2.975038263688404562e-47
2.573750000000000000e+02 2.409612535344066078e-47
2.575000000000000000e+02 2.442038567746280910e-47
2.576250000000000000e+02 2.307566882935269060e-47
2.577500000000000000e+02 2.858227738896407067e-47
2.578750000000000000e+02 2.442880813646866322e-47
2.580000000000000000e+02 3.180035920346588532e-47
2.581250000000000000e+02 2.543080526565458530e-47
2.582500000000000000e+02 2.346377100098138408e-47
2.583750000000000000e+02 2.614746865838492788e-47
2.585000000000000000e+02 2.744914607789160466e-47
2.586250000000000000e+02 2.612330084691965148e-47
2.587500000000000000e+02 2.777033047443263572e-47
2.588750000000000000e+02 2.210918879854980005e-47
2.590000000000000000e+02 2.349654428151860293e-47
2.591250000000000000e+02 2.104680178169311998e-47
2.592500000000000000e+02 2.785241499247103210e-47
2.593750000000000000e+02 3.328017402239098814e-47
2.595000000000000000e+02 1.956386680844280140e-47
2.596250000000000000e+02 2.715378113947900384e-47
2.597500000000000000e+02 2.588959987693446181e-47
2.598750000000000000e+02 2.532395288897078717e-47
2.600000000000000000e+02 2.724972560587267428e-47
2.601250000000000000e+02 2.068576948826611718e-47
2.602500000000000000e+02 2.086647810950961052e-47
2.603750000000000000e+02 1.959372392291784913e-47
2.605000000000000000e+02 2.552548719771939184e-47
2.606250000000000000e+02 2.024119509985940065e-47
2.607500000000000000e+02 2.612469695194593951e-47
2.608750000000000000e+02 2.410654174053311062e-47
2.610000000000000000e+02 2.524021171395301550e-47
2.611250000000000000e+02 2.699657731308542359e-47
2.612500000000000000e+02 2.341914289794265322e-47
2.613750000000000000e+02 2.524836335102264997e-47
2.615000000000000000e+02 2.426437179011147106e-47
2.616250000000000000e+02 2.439801108821853686e-47
2.617500000000000000e+02 2.659897467438253750e-47
2.618750000000000000e+02 3.139524827114786080e-47
2.620000000000000000e+02 2.535941417115630324e-47
2.621250000000000000e+02 2.392323309245470840e-47
2.622500000000000000e+02 2.630637380315196890e-47
2.623750000000000000e+02 2.032127567591649488e-47
2.625000000000000000e+02 2.660346304155479949e-47
2.626250000000000000e+02 2.604932826584357029e-47
2.627500000000000000e+02 2.273824759244691261e-47
2.628750000000000000e+02 2.792680937758506377e-47
2.630000000000000000e+02 2.702794916510934428e-47
2.631250000000000000e+02 3.129721173627300170e-47
2.632500000000000000e+02 2.221733215551750713e-47
2.633750000000000000e+02 2.534478087051355838e-47
2.635000000000000000e+02 3.000812941527287640e-47
2.636250000000000000e+02 2.352778834075079394e-47
2.637500000000000000e+02 2.681023255390915050e-47
2.638750000000000000e+02 2.198739568520137721e-47
2.640000000000000000e+02 2.575868748805350768e-47
2.641250000000000000e+02 3.011700200814588506e-47
2.642500000000000000e+02 2.749901431998842799e-47
2.643750000000000000e+02 2.661926099412425543e-47
2.645000000000000000e+02 2.815519421334011505e-47
2.646250000000000000e+02 3.175743081458978016e-47
2.647500000000000000e+02 2.845302645152998138e-47
2.648750000000000000e+02 2.560772201571243474e-47
2.650000000000000000e+02 2.631503082988587621e-47
2.651250000000000000e+02 3.583052099649966522e-47
2.652500000000000000e+02 2.956655306345777839e-47
2.653750000000000000e+02 2.177692464900114174e-47
2.655000000000000000e+02 2.697179298570383061e-47
2.656250000000000000e+02 2.197936018056923358e-47
2.657500000000000000e+02 2.910013362701009721e-47
2.658750000000000000e+02 2.412389608991599943e-47
2.660000000000000000e+02 2.920635027255774888e-47
2.661250000000000000e+02 2.283709445894149248e-47
2.662500000000000000e+02 2.939673095330684544e-47
2.663750000000000000e+02 2.663520460673930260e-47
2.665000000000000000e+02 2.373082824756949645e-47
2.666250000000000000e+02 2.758433180497948506e-47
2.667500000000000000e+02 2.798695989609658637e-47
2.668750000000000000e+02 2.709742052720121200e-47
2.670000000000000000e+02 2.152603709557772001e-47
2.671250000000000000e+02 2.766971617884084655e-47
2.672500000000000000e+02 2.352387332571292159e-47
2.673750000000000000e+02 2.954337172237200586e-47
2.675000000000000000e+02 2.713887782836996207e-47
2.676250000000000000e+02 2.342811980224446766e-47
2.677500000000000000e+02 2.526109427161590528e-47
2.678750000000000000e+02 2.496885278704406871e-47
2.680000000000000000e+02 2.451946374407175835e-47
2.681250000000000000e+02 2.008336216639109479e-47
2.682500000000000000e+02 2.383827999040255495e-47
2.683750000000000000e+02 2.331050375254603525e-47
2.685000000000000000e+02 2.542917687695088816e-47
2.686250000000000000e+02 2.631255364539943768e-47
2.687500000000000000e+02 2.476090831721523008e-47
2.688750000000000000e+02 3.096812844503443695e-47
2.690000000000000000e+02 2.987081106043969649e-47
2.691250000000000000e+02 2.861272243128358147e-47
2.692500000000000000e+02 2.372396579490568913e-47
2.693750000000000000e+02 2.620915733712619084e-47
2.695000000000000000e+02 2.147120023272200805e-47
2.696250000000000000e+02 3.242815039928015596e-47
2.697500000000000000e+02 2.503006950828419398e-47
2.698750000000000000e+02 2.393702351847858384e-47
2.700000000000000000e+02 2.699978169483781684e-47
2.701250000000000000e+02 2.357158065441340365e-47
2.702500000000000000e+02 2.635322524309133519e-47
2.703750000000000000e+02 1.943050004783432148e-47
2.705000000000000000e+02 2.240339172335702697e-47
2.706250000000000000e+02 2.853308089048132731e-47
2.707500000000000000e+02 2.917976709975106468e-47
2.708750000000000000e+02 3.306222541445430554e-47
2.710000000000000000e+02 2.525316583422101975e-47
2.711250000000000000e+02 2.691831390960967781e-47
2.712500000000000000e+02 2.909029670227335927e-47
2.713750000000000000e+02 2.698882827955768541e-47
2.715000000000000000e+02 2.520755560906780815e-47
2.716250000000000000e+02 2.876872685564608321e-47
2.717500000000000000e+02 2.317679850983514249e-47
2.718750000000000000e+02 2.853951102113543440e-47
2.720000000000000000e+02 1.845176068438275797e-47
2.721250000000000000e+02 2.480240296347876131e-47
2.722500000000000000e+02 2.120346620940292330e-47
2.723750000000000000e+02 2.766886947003470374e-47
2.725000000000000000e+02 2.513646076372609214e-47
2.726250000000000000e+02 2.457642029719753690e-47
2.727500000000000000e+02 2.916541613363757346e-47
2.728750000000000000e+02 2.252375163341373772e-47
2.730000000000000000e+02 3.177658990676773879e-47
2.731250000000000000e+02 3.219823946031843833e-47
2.732500000000000000e+02 2.642623496703694006e-47
2.733750000000000000e+02 2.747724180927877668e-47
2.735000000000000000e+02 2.237440997270707669e-47
2.736250000000000000e+02 2.093403514807950631e-47
2.737500000000000000e+02 2.590343583420071434e-47
2.738750000000000000e+02 2.918084542909422045e-47
2.740000000000000000e+02 2.453838640444599025e-47
2.741250000000000000e+02 2.645040831154916883e-47
2.742500000000000000e+02 2.773001538035007916e-47
2.743750000000000000e+02 3.356332438906765872e-47
2.745000000000000000e+02 3.253833203420062674e-47
2.746250000000000000e+02 2.956681953868218605e-47
2.747500000000000000e+02 2.702126721195256933e-47
2.748750000000000000e+02 2.595555413260863743e-47
2.750000000000000000e+02 3.102265524526228322e-47
2.751250000000000000e+02 2.377739117740539584e-47
2.752500000000000000e+02 3.049527856458007504e-47
2.753750000000000000e+02 1.909365682986864075e-47
2.755000000000000000e+02 2.362237394941149030e-47
2.756250000000000000e+02 2.843237696070650063e-47
2.757500000000000000e+02 3.031973603553283237e-47
2.758750000000000000e+02 2.146241967444212500e-47
2.760000000000000000e+02 2.646030333164612603e-47
2.761250000000000000e+02 2.743960521029961573e-47
2.762500000000000000e+02 2.529430599625584147e-47
2.763750000000000000e+02 2.818999002238253715e-47
2.765000000000000000e+02 2.565516420131045693e-47
2.766250000000000000e+02 3.727077623735440404e-47
2.767500000000000000e+02 3.903266517477143158e-47
2.768750000000000000e+02 3.090507864924111177e-47
2.770000000000000000e+02 2.859645737893020803e-47
2.771250000000000000e+02 2.861497529399135723e-47
2.772500000000000000e+02 2.605621720546577957e-47
2.773750000000000000e+02 2.779502654662864330e-47
2.775000000000000000e+02 3.595330104871009146e-47
2.776250000000000000e+02 3.376098590228933856e-47
2.777500000000000000e+02 4.088897129880477345e-47
2.778750000000000000e+02 3.387395859983228708e-47
2.780000000000000000e+02 3.733025461946721346e-47
2.781250000000000000e+02 3.805950874514848507e-47
2.782500000000000000e+02 4.349908737500320050e-47
2.783750000000000000e+02 4.017732100296411257e-47
2.785000000000000000e+02 4.030839373875415915e-47
2.786250000000000000e+02 3.085299413501937076e-47
2.787500000000000000e+02 3.945191346334469678e-47
2.788750000000000000e+02 3.188621020033400772e-47
2.790000000000000000e+02 2.552001941431544487e-47
2.791250000000000000e+02 2.881363326559090343e-47
2.792500000000000000e+02 2.973247508342773028e-47
2.793750000000000000e+02 3.277158318972587900e-47
2.795000000000000000e+02 2.523006594153175012e-47
2.796250000000000000e+02 2.762497323501193542e-47
2.797500000000000000e+02 3.445536597431505519e-47
2.798750000000000000e+02 2.894665217114895685e-47
2.800000000000000000e+02 2.028851296951632997e-47
2.801250000000000000e+02 2.428757797351799324e-47
2.802500000000000000e+02 2.432976609649149706e-47
2.803750000000000000e+02 2.065570420051096522e-47
2.805000000000000000e+02 2.881941956593705155e-47
2.806250000000000000e+02 2.745680018042603445e-47
2.807500000000000000e+02 3.351715701912076239e-47
2.808750000000000000e+02 2.490668788622109502e-47
2.810000000000000000e+02 2.453159334941771540e-47
2.811250000000000000e+02 2.921882126833091114e-47
2.812500000000000000e+02 2.826239217777888467e-47
2.813750000000000000e+02 2.864950259141822520e-47
2.815000000000000000e+02 2.611525896131745871e-47
2.816250000000000000e+02 2.784727161590253080e-47
2.817500000000000000e+02 3.149989689010541877e-47
2.818750000000000000e+02 3.285922614554091570e-47
2.820000000000000000e+02 3.057617355949731855e-47
2.821250000000000000e+02 2.231431123541035833e-47
2.822500000000000000e+02 3.181395062023181187e-47
2.823750000000000000e+02 3.303115422939891480e-47
2.825000000000000000e+02 2.547073805140259423e-47
2.826250000000000000e+02 2.584334993724871942e-47
2.827500000000000000e+02 2.691263744306588769e-47
2.828750000000000000e+02 3.254855425852886271e-47
2.830000000000000000e+02 2.967162953197888793e-47
2.831250000000000000e+02 2.811422490143526056e-47
2.832500000000000000e+02 3.060860171183874284e-47
2.833750000000000000e+02 2.727453565638754676e-47
2.835000000000000000e+02 2.370326054815565090e-47
2.836250000000000000e+02 2.662452883550938745e-47
2.837500000000000000e+02 2.838356865641483985e-47
2.838750000000000000e+02 2.810028140067404008e-47
2.840000000000000000e+02 2.547567365141708064e-47
2.841250000000000000e+02 2.493657733995441295e-47
2.842500000000000000e+02 2.347078133292400674e-47
2.843750000000000000e+02 3.243151855206072230e-47
2.845000000000000000e+02 2.309983890769619070e-47
2.846250000000000000e+02 2.509217321582805094e-47
2.847500000000000000e+02 2.935831308534126439e-47
2.848750000000000000e+02 3.609381720135652704e-47
2.850000000000000000e+02 2.802788604201717908e-47
2.851250000000000000e+02 3.570243713542633323e-47
2.852500000000000000e+02 2.896510973306685272e-47
2.853750000000000000e+02 2.904057529493563581e-47
2.855000000000000000e+02 2.560580860479048042e-47
2.856250000000000000e+02 2.543404370211903551e-47
2.857500000000000000e+02 2.649320267665154769e-47
2.858750000000000000e+02 2.864626505980997449e-47
2.860000000000000000e+02 2.966469150316050194e-47
2.861250000000000000e+02 2.908778538603639952e-47
2.862500000000000000e+02 2.160645694044539524e-47
2.863750000000000000e+02 3.535349343469895252e-47
2.865000000000000000e+02 2.897669410855632579e-47
2.866250000000000000e+02 2.469851414301645111e-47
2.867500000000000000e+02 2.622336745937374388e-47
2.868750000000000000e+02 3.485925344673846027e-47
2.870000000000000000e+02 2.793183358595833186e-47
2.871250000000000000e+02 3.590549726453201511e-47
2.872500000000000000e+02 3.717569833351695852e-47
2.873750000000000000e+02 3.216801083094221328e-47
2.875000000000000000e+02 2.739872106069724926e-47
2.876250000000000000e+02 3.807229689482847916e-47
2.877500000000000000e+02 3.135956169786942213e-47
2.878750000000000000e+02 2.402182777221820345e-47
2.880000000000000000e+02 3.589694090831091250e-47
2.881250000000000000e+02 2.468942950982640765e-47
2.882500000000000000e+02 2.524880859987710755e-47
2.883750000000000000e+02 3.193822498441663395e-47
2.885000000000000000e+02 2.521692254072964206e-47
2.886250000000000000e+02 2.392906925342902856e-47
2.887500000000000000e+02 2.915117641331490643e-47
2.888750000000000000e+02 2.727472730637093264e-47
2.890000000000000000e+02 2.723795192883587576e-47
2.891250000000000000e+02 2.927592140702610595e-47
2.892500000000000000e+02 2.368542072082642537e-47
2.893750000000000000e+02 2.163871027226247148e-47
2.895000000000000000e+02 2.692183875755853208e-47
2.896250000000000000e+02 2.864872392012414024e-47
2.897500000000000000e+02 2.482182726552082536e-47
2.898750000000000000e+02 2.608622012553672222e-47
2.900000000000000000e+02 2.855371189763876370e-47
2.901250000000000000e+02 3.053478577130077575e-47
2.902500000000000000e+02 2.506776429589855620e-47
2.903750000000000000e+02 2.802641549216083879e-47
2.905000000000000000e+02 2.091162655260617622e-47
2.906250000000000000e+02 3.391112946437117179e-47
2.907500000000000000e+02 2.616397659139624287e-47
2.908750000000000000e+02 2.736589638701810823e-47
2.910000000000000000e+02 2.561793085126985633e-47
2.911250000000000000e+02 2.272447328058119615e-47
2.912500000000000000e+02 3.231087086507598961e-47
2.913750000000000000e+02 2.254595848246663586e-47
2.915000000000000000e+02 2.589288190698902445e-47
2.916250000000000000e+02 2.920638923053701352e-47
2.917500000000000000e+02 2.380143395096083687e-47
2.918750000000000000e+02 2.650527572225997141e-47
2.920000000000000000e+02 2.798119999967245396e-47
2.921250000000000000e+02 3.523355778433292321e-47
2.922500000000000000e+02 2.469902986435840686e-47
2.923750000000000000e+02 2.183093349635251375e-47
2.925000000000000000e+02 2.585540402579424033e-47
2.926250000000000000e+02 2.750189186091149923e-47
2.927500000000000000e+02 2.623273478348700744e-47
2.928750000000000000e+02 2.702711025470686976e-47
2.930000000000000000e+02 2.330105552962125536e-47
2.931250000000000000e+02 3.093834916504471480e-47
2.932500000000000000e+02 2.627184713936213302e-47
2.933750000000000000e+02 2.876073543776839629e-47
2.935000000000000000e+02 3.188756754772691926e-47
2.936250000000000000e+02 2.908632157682121191e-47
2.937500000000000000e+02 2.589373392043593120e-47
2.938750000000000000e+02 2.825644919921638466e-47
2.940000000000000000e+02 3.227991574530048538e-47
2.941250000000000000e+02 2.937809645504640308e-47
2.942500000000000000e+02 2.494015843130362988e-47
2.943750000000000000e+02 2.492327901198704501e-47
2.945000000000000000e+02 2.802733127584319649e-47
2.946250000000000000e+02 2.671807716630569269e-47
2.947500000000000000e+02 2.502578184561673484e-47
2.948750000000000000e+02 2.229232560984531283e-47
2.950000000000000000e+02 2.023041537574427048e-47
2.951250000000000000e+02 3.583692409555956729e-47
2.952500000000000000e+02 2.057171176919768681e-47
2.953750000000000000e+02 2.239317815502730806e-47
2.955000000000000000e+02 2.928222215860556217e-47
2.956250000000000000e+02 2.823984244397394031e-47
2.957500000000000000e+02 2.869794895769546836e-47
2.958750000000000000e+02 2.640297191327111098e-47
2.960000000000000000e+02 3.171528928464390114e-47
2.961250000000000000e+02 2.947400097694852194e-47
2.962500000000000000e+02 2.871776763065130516e-47
2.963750000000000000e+02 3.124987876381734877e-47
2.965000000000000000e+02 2.565428441666744581e-47
2.966250000000000000e+02 2.921037877563139793e-47
2.967500000000000000e+02 2.714291764036332526e-47
2.968750000000000000e+02 3.718708850780222937e-47
2.970000000000000000e+02 2.453958170922318150e-47
2.971250000000000000e+02 2.524206347878465626e-47
2.972500000000000000e+02 1.806318395870625849e-47
2.973750000000000000e+02 2.467062069240343743e-47
2.975000000000000000e+02 2.769570855243636197e-47
2.976250000000000000e+02 2.575345656962859091e-47
2.977500000000000000e+02 3.574417742851151657e-47
2.978750000000000000e+02 2.894737164950702067e-47
2.980000000000000000e+02 2.719372379240160051e-47
2.981250000000000000e+02 2.976704895282942205e-47
2.982500000000000000e+02 2.683144273714408101e-47
2.983750000000000000e+02 3.184087146133026947e-47
2.985000000000000000e+02 2.815468629061378932e-47
2.986250000000000000e+02 2.380326705422272179e-47
2.987500000000000000e+02 3.175684649610652219e-47
2.988750000000000000e+02 3.137852762290034262e-47
2.990000000000000000e+02 3.109642400503931556e-47
2.991250000000000000e+02 3.266466882514757752e-47
2.992500000000000000e+02 4.860096001957951550e-47
2.993750000000000000e+02 1.749168284188566692e-46
2.995000000000000000e+02 2.267337127894698865e-45
2.996250000000000000e+02 2.081344601664926410e-45
2.997500000000000000e+02 3.356582538456712127e-45
2.998750000000000000e+02 1.421876368555376440e-46
3.000000000000000000e+02 4.438388783686727830e-47
3.001250000000000000e+02 3.442456302286612893e-47
3.002500000000000000e+02 3.487737379393663071e-47
3.003750000000000000e+02 3.075144065170384299e-47
3.005000000000000000e+02 3.744005713966160923e-47
3.006250000000000000e+02 2.332365992669889367e-47
3.007500000000000000e+02 3.208939423682579852e-47
3.008750000000000000e+02 3.164558637323746436e-47
3.010000000000000000e+02 2.385712554108614792e-47
3.011250000000000000e+02 2.716991795159417610e-47
3.012500000000000000e+02 2.451288613753258227e-47
3.013750000000000000e+02 2.782245987136693769e-47
3.015000000000000000e+02 2.505044677850724733e-47
3.016250000000000000e+02 3.157174562737365457e-47
3.017500000000000000e+02 3.435562454866316716e-47
3.018750000000000000e+02 4.828371341207273212e-47
3.020000000000000000e+02 9.218354237617925795e-47
3.021250000000000000e+02 3.365273604573669075e-46
3.022500000000000000e+02 1.686929431426343580e-45
3.023750000000000000e+02 3.702029769313744216e-47
3.025000000000000000e+02 3.296590299967879868e-47
3.026250000000000000e+02 2.275908186743463232e-47
3.027500000000000000e+02 3.512929292797721426e-47
3.028750000000000000e+02 3.104188801901198139e-47
3.030000000000000000e+02 3.923017111851474016e-47
3.031250000000000000e+02 1.580227568209491623e-46
3.032500000000000000e+02 2.770578940212702125e-45
3.033750000000000000e+02 1.705249958423261304e-45
3.035000000000000000e+02 2.082436569244118399e-46
3.036250000000000000e+02 6.895770113302569343e-47
3.037500000000000000e+02 3.495013217707927525e-47
3.038750000000000000e+02 2.589100667817097040e-47
3.040000000000000000e+02 2.762627819268585868e-47
3.041250000000000000e+02 2.415060488628507626e-47
3.042500000000000000e+02 2.943958255206460434e-47
3.043750000000000000e+02 2.519704599030937876e-47
3.045000000000000000e+02 2.352288614446420086e-47
3.046250000000000000e+02 2.413800022343412598e-47
3.047500000000000000e+02 3.759565484213266539e-47
3.048750000000000000e+02 2.912667575563450704e-47
3.050000000000000000e+02 2.368886526404591983e-47
3.051250000000000000e+02 2.392253542670095995e-47
3.052500000000000000e+02 3.223656517430653854e-47
3.053750000000000000e+02 2.817305929168204372e-47
3.055000000000000000e+02 2.692124604782534984e-47
3.056250000000000000e+02 2.701048479791227286e-47
3.057500000000000000e+02 2.671917487411147145e-47
3.058750000000000000e+02 2.485483103003450515e-47
3.060000000000000000e+02 2.833775913375879429e-47
3.061250000000000000e+02 2.433862688939758554e-47
3.062500000000000000e+02 2.951445135399644590e-47
3.063750000000000000e+02 2.541845586181783779e-47
3.065000000000000000e+02 2.533241146413196860e-47
3.066250000000000000e+02 2.750648159426080758e-47
3.067500000000000000e+02 2.813764335148329033e-47
3.068750000000000000e+02 2.705646465253554936e-47
3.070000000000000000e+02 2.885250697163485548e-47
3.071250000000000000e+02 2.369058388161962976e-47
3.072500000000000000e+02 2.296789419475244249e-47
3.073750000000000000e+02 3.155433895343707861e-47
3.075000000000000000e+02 3.126635755393407703e-47
3.076250000000000000e+02 3.046996414820171866e-47
3.077500000000000000e+02 3.005223189013540820e-47
3.078750000000000000e+02 2.527452946543229319e-47
3.080000000000000000e+02 2.269367628973149180e-47
3.081250000000000000e+02 2.378578686068628465e-47
3.082500000000000000e+02 3.080270158594309510e-47
3.083750000000000000e+02 2.414195163472962856e-47
3.085000000000000000e+02 2.109894035333081905e-47
3.086250000000000000e+02 2.607027471032419040e-47
3.087500000000000000e+02 2.941445547272126769e-47
3.088750000000000000e+02 3.239659447251197501e-47
3.090000000000000000e+02 2.926575468727562495e-47
3.091250000000000000e+02 2.566754776559065377e-47
3.092500000000000000e+02 2.192297080000391960e-47
3.093750000000000000e+02 2.475888219893178056e-47
3.095000000000000000e+02 2.162757005824287962e-47
3.096250000000000000e+02 2.670634731332632577e-47
3.097500000000000000e+02 2.540506482223057355e-47
3.098750000000000000e+02 2.315553695126292477e-47
3.100000000000000000e+02 2.553698652375294615e-47
3.101250000000000000e+02 2.440645136429818125e-47
3.102500000000000000e+02 2.737373195616963332e-47
3.103750000000000000e+02 2.277055961209114699e-47
3.105000000000000000e+02 2.944152951789306459e-47
3.106250000000000000e+02 2.020748065852907092e-47
3.107500000000000000e+02 2.256036544939197170e-47
3.108750000000000000e+02 2.739890511611457429e-47
3.110000000000000000e+02 2.532159663599546395e-47
3.111250000000000000e+02 2.969299499939901692e-47
3.112500000000000000e+02 2.948390395489950375e-47
3.113750000000000000e+02 3.166464826757706734e-47
3.115000000000000000e+02 3.007368598122900388e-47
3.116250000000000000e+02 2.326970023500266957e-47
3.117500000000000000e+02 3.169371425170282496e-47
3.118750000000000000e+02 2.739707744384313922e-47
3.120000000000000000e+02 2.206374232471032206e-47
3.121250000000000000e+02 2.245830759950769307e-47
3.122500000000000000e+02 2.541197670483830300e-47
3.123750000000000000e+02 3.785889274452871594e-47
3.125000000000000000e+02 2.740699933708268072e-47
3.126250000000000000e+02 3.063602526944784850e-47
3.127500000000000000e+02 2.869556302667932373e-47
3.128750000000000000e+02 2.324911459984211755e-47
3.130000000000000000e+02 2.997988682093209615e-47
3.131250000000000000e+02 2.936733079802290205e-47
3.132500000000000000e+02 3.168002906984995195e-47
3.133750000000000000e+02 1.984800998182831485e-47
3.135000000000000000e+02 2.951904213574010376e-47
3.136250000000000000e+02 3.099992285122658671e-47
3.137500000000000000e+02 2.645677275276439890e-47
3.138750000000000000e+02 2.876963306025645970e-47
3.140000000000000000e+02 2.525547626115293002e-47
3.141250000000000000e+02 2.462622297063414598e-47
3.142500000000000000e+02 2.179172860867359913e-47
3.143750000000000000e+02 2.988132461190029144e-47
3.145000000000000000e+02 3.321460053522765274e-47
3.146250000000000000e+02 2.580767538323299261e-47
3.147500000000000000e+02 2.714868489916435909e-47
3.148750000000000000e+02 2.459178646875058979e-47
3.150000000000000000e+02 2.476927832123556382e-47
3.151250000000000000e+02 2.548728623546524865e-47
3.152500000000000000e+02 2.439307860912814705e-47
3.153750000000000000e+02 2.722686429248930161e-47
3.155000000000000000e+02 2.679755002739131340e-47
3.156250000000000000e+02 2.687287975888798748e-47
3.157500000000000000e+02 2.742414845079572382e-47
3.158750000000000000e+02 2.313530659273894173e-47
3.160000000000000000e+02 2.518213232812531126e-47
3.161250000000000000e+02 2.745734103067274590e-47
3.162500000000000000e+02 2.568056465378131400e-47
3.163750000000000000e+02 2.785030992468678054e-47
3.165000000000000000e+02 2.368996195230149647e-47
3.166250000000000000e+02 3.119343575084314517e-47
3.167500000000000000e+02 2.730362460761537642e-47
3.168750000000000000e+02 3.361186005728703154e-47
3.170000000000000000e+02 2.453258681920863552e-47
3.171250000000000000e+02 2.497312653032523256e-47
3.172500000000000000e+02 2.560810531850989085e-47
3.173750000000000000e+02 3.014978211309900360e-47
3.175000000000000000e+02 3.021187052352609963e-47
3.176250000000000000e+02 2.642719264054660776e-47
3.177500000000000000e+02 2.894288504645844651e-47
3.178750000000000000e+02 2.835703120998850095e-47
3.180000000000000000e+02 2.097310736752004947e-47
3.181250000000000000e+02 2.400921744973124756e-47
3.182500000000000000e+02 2.993663382708998255e-47
3.183750000000000000e+02 2.244418573729641025e-47
3.185000000000000000e+02 2.890356457572968509e-47
3.186250000000000000e+02 2.528598702593804132e-47
3.187500000000000000e+02 3.358916979927254964e-47
3.188750000000000000e+02 2.886570171513158939e-47
3.190000000000000000e+02 3.106028380194802048e-47
3.191250000000000000e+02 3.228543088839675606e-47
3.192500000000000000e+02 2.230628039227138036e-47
3.193750000000000000e+02 2.850574183915245121e-47
3.195000000000000000e+02 2.439399900765081876e-47
3.196250000000000000e+02 2.734552594713900865e-47
3.197500000000000000e+02 2.274686326537112232e-47
3.198750000000000000e+02 3.560097346000198784e-47
3.200000000000000000e+02 2.195317157622982666e-47
3.201250000000000000e+02 2.480139445130714290e-47
3.202500000000000000e+02 3.234952088042165807e-47
3.203750000000000000e+02 2.483598486812250110e-47
3.205000000000000000e+02 2.651135634360249308e-47
3.206250000000000000e+02 2.388673363410220980e-47
3.207500000000000000e+02 2.789531319130593016e-47
3.208750000000000000e+02 3.158666392308818668e-47
3.210000000000000000e+02 2.968831410630441793e-47
3.211250000000000000e+02 3.150609422425108980e-47
3.212500000000000000e+02 2.523439532690376363e-47
3.213750000000000000e+02 2.885348781756169720e-47
3.215000000000000000e+02 3.176462314755813047e-47
3.216250000000000000e+02 2.466054186552685247e-47
3.217500000000000000e+02 2.852787980105262792e-47
3.218750000000000000e+02 1.943055805746674657e-47
3.220000000000000000e+02 3.444702947326166171e-47
3.221250000000000000e+02 2.465837837807055303e-47
3.222500000000000000e+02 3.174582047141923695e-47
3.223750000000000000e+02 2.496087315842207341e-47
3.225000000000000000e+02 2.183691165297022999e-47
3.226250000000000000e+02 2.728010129247759150e-47
3.227500000000000000e+02 2.898754057358323245e-47
3.228750000000000000e+02 2.852966355238561134e-47
3.230000000000000000e+02 4.066128199495582591e-47
3.231250000000000000e+02 3.207881273038074700e-47
3.232500000000000000e+02 2.914130821626561058e-47
3.233750000000000000e+02 3.055866422066252376e-47
3.235000000000000000e+02 2.935658283161208907e-47
3.236250000000000000e+02 2.828551331350076730e-47
3.237500000000000000e+02 3.071686451330845723e-47
3.238750000000000000e+02 2.893964151923679922e-47
3.240000000000000000e+02 2.408753533755997134e-47
3.241250000000000000e+02 2.587171446570595489e-47
3.242500000000000000e+02 2.789532708972317747e-47
3.243750000000000000e+02 2.657879085610454240e-47
3.245000000000000000e+02 2.139855901279342464e-47
3.246250000000000000e+02 2.476643354453279457e-47
3.247500000000000000e+02 2.453472676254138962e-47
3.248750000000000000e+02 3.552130067962378520e-47
3.250000000000000000e+02 2.554192192676608452e-47
3.251250000000000000e+02 2.761330648392609654e-47
3.252500000000000000e+02 3.030253942394979660e-47
3.253750000000000000e+02 3.342059965100721958e-47
3.255000000000000000e+02 2.805194665708849887e-47
3.256250000000000000e+02 2.311926963976066759e-47
3.257500000000000000e+02 3.150777966570100164e-47
3.258750000000000000e+02 3.244162015154565360e-47
3.260000000000000000e+02 2.921143673082829999e-47
3.261250000000000000e+02 2.577312140444220823e-47
3.262500000000000000e+02 2.348853721443071028e-47
3.263750000000000000e+02 2.376071297808484855e-47
3.265000000000000000e+02 3.120829869430422604e-47
3.266250000000000000e+02 2.578749509253040906e-47
3.267500000000000000e+02 2.985273845440079206e-47
3.268750000000000000e+02 3.287275515836898191e-47
3.270000000000000000e+02 2.717428135895972279e-47
3.271250000000000000e+02 2.365307972313788972e-47
3.272500000000000000e+02 2.934116163855713564e-47
3.273750000000000000e+02 2.821892376266847323e-47
3.275000000000000000e+02 2.274601242596140885e-47
3.276250000000000000e+02 3.040607232474588027e-47
3.277500000000000000e+02 2.627737522503559515e-47
3.278750000000000000e+02 2.652256492009730964e-47
3.280000000000000000e+02 2.966349907648899745e-47
3.281250000000000000e+02 2.587731152826011844e-47
3.282500000000000000e+02 2.356026939348468004e-47
3.283750000000000000e+02 3.053880717513230844e-47
3.285000000000000000e+02 2.644385328554533717e-47
3.286250000000000000e+02 3.379120844535743189e-47
3.287500000000000000e+02 3.467959331878647425e-47
3.288750000000000000e+02 2.654715294747592368e-47
3.290000000000000000e+02 2.601111970040681886e-47
3.291250000000000000e+02 2.238587370615250026e-47
3.292500000000000000e+02 2.720379338628183768e-47
3.293750000000000000e+02 2.663569809469802692e-47
3.295000000000000000e+02 3.220089558938733086e-47
3.296250000000000000e+02 2.190578206802916465e-47
3.297500000000000000e+02 2.687944777476802513e-47
3.298750000000000000e+02 3.890432418745971787e-47
3.300000000000000000e+02 2.603577489965848073e-47
3.301250000000000000e+02 2.503798854226712105e-47
3.302500000000000000e+02 2.282054606830949707e-47
3.303750000000000000e+02 2.550231312113684711e-47
3.305000000000000000e+02 2.546140418376126025e-47
3.306250000000000000e+02 2.608517615461012656e-47
3.307500000000000000e+02 2.975143173947903467e-47
3.308750000000000000e+02 3.425830448541278249e-47
3.310000000000000000e+02 2.362138058620519629e-47
3.311250000000000000e+02 2.747128478277678409e-47
3.312500000000000000e+02 2.630020804735185566e-47
3.313750000000000000e+02 3.114559832994688062e-47
3.315000000000000000e+02 2.917196449687036919e-47
3.316250000000000000e+02 3.195593984081252413e-47
3.317500000000000000e+02 2.466689381502605749e-47
3.318750000000000000e+02 2.691145474905568562e-47
3.320000000000000000e+02 3.213470757925089463e-47
3.321250000000000000e+02 2.741782384382012339e-47
3.322500000000000000e+02 2.791816352987831026e-47
3.323750000000000000e+02 3.075700134644868646e-47
3.325000000000000000e+02 2.622438891545152240e-47
3.326250000000000000e+02 3.091977055720497459e-47
3.327500000000000000e+02 2.910588643530734714e-47
3.328750000000000000e+02 2.779200438526860444e-47
3.330000000000000000e+02 2.321747870854517333e-47
3.331250000000000000e+02 2.376083003356286532e-47
3.332500000000000000e+02 3.284118862400431492e-47
3.333750000000000000e+02 2.967841248936847921e-47
3.335000000000000000e+02 2.807570198676462182e-47
3.336250000000000000e+02 2.364096210011468970e-47
3.337500000000000000e+02 2.893098615556609512e-47
3.338750000000000000e+02 3.464386753880456888e-47
3.340000000000000000e+02 2.576989444396303437e-47
3.341250000000000000e+02 2.950914156761049276e-47
3.342500000000000000e+02 3.320425225955653039e-47
3.343750000000000000e+02 2.673030362756850692e-47
3.345000000000000000e+02 3.288597601561446044e-47
3.346250000000000000e+02 2.915581946612684502e-47
3.347500000000000000e+02 2.943941472419294316e-47
3.348750000000000000e+02 2.595340944292040637e-47
3.350000000000000000e+02 2.282660226197404899e-47
3.351250000000000000e+02 2.822722126792339353e-47
3.352500000000000000e+02 2.446547174085070045e-47
3.353750000000000000e+02 3.631047513798880594e-47
3.355000000000000000e+02 2.507042818186919126e-47
3.356250000000000000e+02 3.333725926732346746e-47
3.357500000000000000e+02 2.225574119792280676e-47
3.358750000000000000e+02 2.529143924170790425e-47
3.360000000000000000e+02 2.783428988293298656e-47
3.361250000000000000e+02 2.501937794738669486e-47
3.362500000000000000e+02 2.145983464779935182e-47
3.363750000000000000e+02 3.138263835284005898e-47
3.365000000000000000e+02 2.921965294340183035e-47
3.366250000000000000e+02 2.429897579711035109e-47
3.367500000000000000e+02 3.023472860821645144e-47
3.368750000000000000e+02 2.530723807058064454e-47
3.370000000000000000e+02 3.437040300720452814e-47
3.371250000000000000e+02 2.542958996603523964e-47
3.372500000000000000e+02 3.092256340483284228e-47
3.373750000000000000e+02 2.923665591641638308e-47
3.375000000000000000e+02 2.562301519254246629e-47
3.376250000000000000e+02 2.975079376775432247e-47
3.377500000000000000e+02 3.245137418164086101e-47
3.378750000000000000e+02 3.124710901672648226e-47
3.380000000000000000e+02 3.266752705322917251e-47
3.381250000000000000e+02 2.592509972352059146e-47
3.382500000000000000e+02 2.525200823869283662e-47
3.383750000000000000e+02 3.525539245889089988e-47
3.385000000000000000e+02 3.388375801943561326e-47
3.386250000000000000e+02 2.197883498977920448e-47
3.387500000000000000e+02 3.592920209957739983e-47
3.388750000000000000e+02 3.188015324345564250e-47
3.390000000000000000e+02 3.093310996277522322e-47
3.391250000000000000e+02 2.983446200738477963e-47
3.392500000000000000e+02 2.334324190742735309e-47
3.393750000000000000e+02 2.648580134185997552e-47
3.395000000000000000e+02 2.257983008556329519e-47
3.396250000000000000e+02 2.908587097302905282e-47
3.397500000000000000e+02 2.879492202833305740e-47
3.398750000000000000e+02 2.642998429860530210e-47
3.400000000000000000e+02 3.176575262195890250e-47
3.401250000000000000e+02 3.009506700669359899e-47
3.402500000000000000e+02 2.846659057267679333e-47
3.403750000000000000e+02 3.462301877650421674e-47
3.405000000000000000e+02 2.253454459681544602e-47
3.406250000000000000e+02 2.586182116404041461e-47
3.407500000000000000e+02 3.044078839196980652e-47
3.408750000000000000e+02 2.724902857577820453e-47
3.410000000000000000e+02 2.646860051956122148e-47
3.411250000000000000e+02 3.377078773595059630e-47
3.412500000000000000e+02 2.993448941256738017e-47
3.413750000000000000e+02 3.063989567295280142e-47
3.415000000000000000e+02 3.499774022978826085e-47
3.416250000000000000e+02 2.562432529765648524e-47
3.417500000000000000e+02 2.750632500167949046e-47
3.418750000000000000e+02 2.616634230756497428e-47
3.420000000000000000e+02 3.409388695464000560e-47
3.421250000000000000e+02 2.441018988989611623e-47
3.422500000000000000e+02 2.906007381779035493e-47
3.423750000000000000e+02 2.905969418418496829e-47
3.425000000000000000e+02 2.432719792376674958e-47
3.426250000000000000e+02 2.506712427416790692e-47
3.427500000000000000e+02 3.094886674831641746e-47
3.428750000000000000e+02 3.812597621960488686e-47
3.430000000000000000e+02 3.411027413928971930e-47
3.431250000000000000e+02 3.061355894294601573e-47
3.432500000000000000e+02 3.085765883815567308e-47
3.433750000000000000e+02 2.818045548866717567e-47
3.435000000000000000e+02 2.560055678086603712e-47
3.436250000000000000e+02 2.960033484405659874e-47
3.437500000000000000e+02 2.581796021699034115e-47
3.438750000000000000e+02 2.928389571784618993e-47
3.440000000000000000e+02 2.937750906043927935e-47
3.441250000000000000e+02 2.933920352164728436e-47
3.442500000000000000e+02 3.331424303394968954e-47
3.443750000000000000e+02 2.405974271024384970e-47
3.445000000000000000e+02 2.853799824068402780e-47
3.446250000000000000e+02 2.633542250021567286e-47
3.447500000000000000e+02 2.504484152319177903e-47
3.448750000000000000e+02 3.271492615543935686e-47
3.450000000000000000e+02 3.219408920350563090e-47
3.451250000000000000e+02 2.845994912208129751e-47
3.452500000000000000e+02 3.197920310326148233e-47
3.453750000000000000e+02 2.513978985626484145e-47
3.455000000000000000e+02 2.918270183253164691e-47
3.456250000000000000e+02 3.266650869659329666e-47
3.457500000000000000e+02 3.187887650376917203e-47
3.458750000000000000e+02 3.049091925397776003e-47
3.460000000000000000e+02 2.580480030521585376e-47
3.461250000000000000e+02 2.576390689662100853e-47
3.462500000000000000e+02 2.270387330058137464e-47
3.463750000000000000e+02 2.683928061162499041e-47
3.465000000000000000e+02 2.930898537907499262e-47
3.466250000000000000e+02 2.766308258995519921e-47
3.467500000000000000e+02 2.929494173690346317e-47
3.468750000000000000e+02 2.901923935463540195e-47
3.470000000000000000e+02 3.253584017450009380e-47
3.471250000000000000e+02 2.067677723080919442e-47
3.472500000000000000e+02 3.329138801505029501e-47
3.473750000000000000e+02 3.134463474652199455e-47
3.475000000000000000e+02 2.631007537288234494e-47
3.476250000000000000e+02 3.300822271219617377e-47
3.477500000000000000e+02 3.304787961631974829e-47
3.478750000000000000e+02 3.394212989572715890e-47
3.480000000000000000e+02 3.049607616771672792e-47
3.481250000000000000e+02 3.054944028809294583e-47
3.482500000000000000e+02 3.038487551137642847e-47
3.483750000000000000e+02 3.380153220579898742e-47
3.485000000000000000e+02 3.094860000910240122e-47
3.486250000000000000e+02 3.244381061416832527e-47
3.487500000000000000e+02 3.435588641120588869e-47
3.488750000000000000e+02 3.742755984242164918e-47
3.490000000000000000e+02 3.926492331119731405e-47
3.491250000000000000e+02 3.071844263648471842e-47
3.492500000000000000e+02 3.274526197593299038e-47
3.493750000000000000e+02 2.664314454804887726e-47
3.495000000000000000e+02 3.279208149326271923e-47
3.496250000000000000e+02 2.285659227892068150e-47
3.497500000000000000e+02 3.517772225367048623e-47
3.498750000000000000e+02 2.636683051772157367e-47
3.500000000000000000e+02 2.729093591299704586e-47
3.501250000000000000e+02 2.863972828931955260e-47
3.502500000000000000e+02 3.245132732931946635e-47
3.503750000000000000e+02 2.633134808904654033e-47
3.505000000000000000e+02 2.958864021754302926e-47
3.506250000000000000e+02 2.792972674960074694e-47
3.507500000000000000e+02 2.682193569610287515e-47
3.508750000000000000e+02 2.606428218611445090e-47
3.510000000000000000e+02 2.567068666140725634e-47
3.511250000000000000e+02 2.846561806158937030e-47
3.512500000000000000e+02 4.185291550414117915e-47
3.513750000000000000e+02 3.012183215126057990e-47
3.515000000000000000e+02 2.928799124373746007e-47
3.516250000000000000e+02 3.075863715088633200e-47
3.517500000000000000e+02 2.564801254775184886e-47
3.518750000000000000e+02 2.828903285114304531e-47
3.520000000000000000e+02 2.421404404237952332e-47
3.521250000000000000e+02 2.994406978369387758e-47
3.522500000000000000e+02 3.893763621105454039e-47
3.523750000000000000e+02 2.629155808769856399e-47
3.525000000000000000e+02 3.134952422725186497e-47
3.526250000000000000e+02 3.441141983650830086e-47
3.527500000000000000e+02 2.727787109022663557e-47
3.528750000000000000e+02 2.603417633947442982e-47
3.530000000000000000e+02 2.494278339484387296e-47
3.531250000000000000e+02 2.529537773987498221e-47
3.532500000000000000e+02 2.191355155497449700e-47
3.533750000000000000e+02 2.488171237334340098e-47
3.535000000000000000e+02 2.860817341168460213e-47
3.536250000000000000e+02 3.637364247232658515e-47
3.537500000000000000e+02 2.717175180864418909e-47
3.538750000000000000e+02 2.689739991387516566e-47
3.540000000000000000e+02 3.595325642353793178e-47
3.541250000000000000e+02 2.610134152046679953e-47
3.542500000000000000e+02 2.764390506525274282e-47
3.543750000000000000e+02 2.620296527511726437e-47
3.545000000000000000e+02 2.826051471224654404e-47
3.546250000000000000e+02 3.586697955393005056e-47
3.547500000000000000e+02 2.956157052376202258e-47
3.548750000000000000e+02 3.233138889703962001e-47
3.550000000000000000e+02 3.308969934141750580e-47
3.551250000000000000e+02 2.829790265417987699e-47
3.552500000000000000e+02 2.549013008322381948e-47
3.553750000000000000e+02 3.271781457248200880e-47
3.555000000000000000e+02 3.204663318496962861e-47
3.556250000000000000e+02 2.669229372975671557e-47
3.557500000000000000e+02 2.999007764885624553e-47
3.558750000000000000e+02 2.696743510843402478e-47
3.560000000000000000e+02 3.210714426508112020e-47
3.561250000000000000e+02 3.026183953310095287e-47
3.562500000000000000e+02 2.879381252789248000e-47
3.563750000000000000e+02 2.886782731827289825e-47
3.565000000000000000e+02 2.461112688184555987e-47
3.566250000000000000e+02 3.406880072775548039e-47
3.567500000000000000e+02 3.550198709891385809e-47
3.568750000000000000e+02 3.129709272798653253e-47
3.570000000000000000e+02 3.603813101477195518e-47
3.571250000000000000e+02 3.442946833138675698e-47
3.572500000000000000e+02 2.909575292021255239e-47
3.573750000000000000e+02 3.251660367294361399e-47
3.575000000000000000e+02 3.710168317985187275e-47
3.576250000000000000e+02 3.056940500655603010e-47
3.577500000000000000e+02 2.594382347572651003e-47
3.578750000000000000e+02 2.935687089168797221e-47
3.580000000000000000e+02 2.542697548528133662e-47
3.581250000000000000e+02 3.225364595250728925e-47
3.582500000000000000e+02 3.341578880320052905e-47
3.583750000000000000e+02 3.257977416720262275e-47
3.585000000000000000e+02 3.409494229528318622e-47
3.586250000000000000e+02 2.687270882840516835e-47
3.587500000000000000e+02 3.175182380608367914e-47
3.588750000000000000e+02 3.689222184637923639e-47
3.590000000000000000e+02 2.854993823592763185e-47
3.591250000000000000e+02 3.001524928343871160e-47
3.592500000000000000e+02 3.835092443040230812e-47
3.593750000000000000e+02 3.233884646859247751e-47
3.595000000000000000e+02 3.017140064218422934e-47
3.596250000000000000e+02 2.574253873294486478e-47
3.597500000000000000e+02 3.134711773736403234e-47
3.598750000000000000e+02 3.135659656394591420e-47
3.600000000000000000e+02 2.575733298096995365e-47
3.601250000000000000e+02 2.441730621634286104e-47
3.602500000000000000e+02 3.187392977709523120e-47
3.603750000000000000e+02 2.455509558495993088e-47
3.605000000000000000e+02 2.940667796446727273e-47
3.606250000000000000e+02 3.468848557368256795e-47
3.607500000000000000e+02 2.979184615018167161e-47
3.608750000000000000e+02 2.500616518785600218e-47
3.610000000000000000e+02 3.090141989158891963e-47
3.611250000000000000e+02 2.711657620996207541e-47
3.612500000000000000e+02 2.653007096266496751e-47
3.613750000000000000e+02 2.863534545680453319e-47
3.615000000000000000e+02 3.054445868803265995e-47
3.616250000000000000e+02 2.901497311134749250e-47
3.617500000000000000e+02 3.261072970204246270e-47
3.618750000000000000e+02 3.131293972528642627e-47
3.620000000000000000e+02 2.776832605622728633e-47
3.621250000000000000e+02 3.036924007210478032e-47
3.622500000000000000e+02 2.706362506935585722e-47
3.623750000000000000e+02 2.965280294726109138e-47
3.625000000000000000e+02 3.057558434319149538e-47
3.626250000000000000e+02 2.542469428640178635e-47
3.627500000000000000e+02 3.063322600564426800e-47
3.628750000000000000e+02 2.531684261296090545e-47
3.630000000000000000e+02 2.442551212331770280e-47
3.631250000000000000e+02 3.262930451321205441e-47
3.632500000000000000e+02 2.673257523710192637e-47
3.633750000000000000e+02 3.714812715002764292e-47
3.635000000000000000e+02 2.882631894881359978e-47
3.636250000000000000e+02 3.376975293767147150e-47
3.637500000000000000e+02 3.625364053736109806e-47
3.638750000000000000e+02 3.109164414890902793e-47
3.640000000000000000e+02 3.584640670304531620e-47
3.641250000000000000e+02 2.780896667372305301e-47
3.642500000000000000e+02 2.848570991859115335e-47
3.643750000000000000e+02 3.322039452314560594e-47
3.645000000000000000e+02 2.765544913389964841e-47
3.646250000000000000e+02 3.163606545772724021e-47
3.647500000000000000e+02 3.076290315829421652e-47
3.648750000000000000e+02 2.569231438944817300e-47
3.650000000000000000e+02 3.178734588816621092e-47
3.651250000000000000e+02 2.447299403589820046e-47
3.652500000000000000e+02 3.507685716278956348e-47
3.653750000000000000e+02 2.925837409174342229e-47
3.655000000000000000e+02 3.580305419650175947e-47
3.656250000000000000e+02 2.735347602367373950e-47
3.657500000000000000e+02 2.742364579995162133e-47
3.658750000000000000e+02 3.541105474792658095e-47
3.660000000000000000e+02 2.898849142456117391e-47
3.661250000000000000e+02 3.614670655812641633e-47
3.662500000000000000e+02 2.704211152495192171e-47
3.663750000000000000e+02 3.342489410763659529e-47
3.665000000000000000e+02 3.392545064059209425e-47
3.666250000000000000e+02 3.083411378265035358e-47
3.667500000000000000e+02 3.201799686001860033e-47
3.668750000000000000e+02 3.358045383407215403e-47
3.670000000000000000e+02 2.819174738457867449e-47
3.671250000000000000e+02 3.068204869833461821e-47
3.672500000000000000e+02 2.473714915706039593e-47
3.673750000000000000e+02 2.700003594228534811e-47
3.675000000000000000e+02 3.073503284605400078e-47
3.676250000000000000e+02 2.750652559352359775e-47
3.677500000000000000e+02 2.886168521570459821e-47
3.678750000000000000e+02 2.693797720056474992e-47
3.680000000000000000e+02 2.986575671454326972e-47
3.681250000000000000e+02 2.664356172465340610e-47
3.682500000000000000e+02 3.285862454687132128e-47
3.683750000000000000e+02 3.233792031333450789e-47
3.685000000000000000e+02 3.315416828002889136e-47
3.686250000000000000e+02 3.111979967375947675e-47
3.687500000000000000e+02 2.064466872037089088e-47
3.688750000000000000e+02 3.011940200269606795e-47
3.690000000000000000e+02 3.003746279356605237e-47
3.691250000000000000e+02 2.700652362432660795e-47
3.692500000000000000e+02 2.942177674541928816e-47
3.693750000000000000e+02 2.985204793648106429e-47
3.695000000000000000e+02 2.947265570791468608e-47
3.696250000000000000e+02 3.740865650754441606e-47
3.697500000000000000e+02 2.789022091104521233e-47
3.698750000000000000e+02 2.929468375901417001e-47
3.700000000000000000e+02 3.528023412508075821e-47
3.701250000000000000e+02 4.154681559453523883e-47
3.702500000000000000e+02 3.504057091692126678e-47
3.703750000000000000e+02 3.116411561836762617e-47
3.705000000000000000e+02 2.684905037079171018e-47
3.706250000000000000e+02 3.652527942450502467e-47
3.707500000000000000e+02 2.893832057765644254e-47
3.708750000000000000e+02 2.187426608102922778e-47
3.710000000000000000e+02 3.434750693640051052e-47
3.711250000000000000e+02 3.199691473592958859e-47
3.712500000000000000e+02 3.440944255794563512e-47
3.713750000000000000e+02 2.830387031046228202e-47
3.715000000000000000e+02 3.366240449985582889e-47
3.716250000000000000e+02 2.993556977713669019e-47
3.717500000000000000e+02 2.878419532710791183e-47
3.718750000000000000e+02 2.557052725289219612e-47
3.720000000000000000e+02 3.378800613793042706e-47
3.721250000000000000e+02 3.075252920870415663e-47
3.722500000000000000e+02 2.849698390937328810e-47
3.723750000000000000e+02 2.905237319844236578e-47
3.725000000000000000e+02 3.270240047654479961e-47
3.726250000000000000e+02 3.101076163069167361e-47
3.727500000000000000e+02 2.684830962640155163e-47
3.728750000000000000e+02 3.699517505161092923e-47
3.730000000000000000e+02 3.255874043551230095e-47
3.731250000000000000e+02 2.980495390635369521e-47
3.732500000000000000e+02 3.439943429501549406e-47
3.733750000000000000e+02 3.254897210925967037e-47
3.735000000000000000e+02 3.533983845275296333e-47
3.736250000000000000e+02 3.294612033061096596e-47
3.737500000000000000e+02 3.062369755394032331e-47
3.738750000000000000e+02 3.523780345750102995e-47
3.740000000000000000e+02 3.317160362130100408e-47
3.741250000000000000e+02 3.490700144473104381e-47
3.742500000000000000e+02 2.738488055365396044e-47
3.743750000000000000e+02 3.134031362575051313e-47
3.745000000000000000e+02 2.906850950320596840e-47
3.746250000000000000e+02 3.219706293642359621e-47
3.747500000000000000e+02 2.463940600299491599e-47
3.748750000000000000e+02 3.167233594595852725e-47
3.750000000000000000e+02 3.022283311285817812e-47
3.751250000000000000e+02 2.446582675648608405e-47
3.752500000000000000e+02 3.825853856301933186e-47
3.753750000000000000e+02 2.990172535972377082e-47
3.755000000000000000e+02 3.395345560101579039e-47
3.756250000000000000e+02 3.694602831969813164e-47
3.757500000000000000e+02 3.424636400960649358e-47
3.758750000000000000e+02 2.751841919908259086e-47
3.760000000000000000e+02 2.834159016953430533e-47
3.761250000000000000e+02 3.101635301260159804e-47
3.762500000000000000e+02 2.812440305057022568e-47
3.763750000000000000e+02 2.922528138097731384e-47
3.765000000000000000e+02 2.748668238414930354e-47
3.766250000000000000e+02 3.136177278105966442e-47
3.767500000000000000e+02 3.433990628044469804e-47
3.768750000000000000e+02 3.450302622952708572e-47
3.770000000000000000e+02 2.857352788023885503e-47
3.771250000000000000e+02 2.889006140379481047e-47
3.772500000000000000e+02 4.008058652861250109e-47
3.773750000000000000e+02 2.895489102311764309e-47
3.775000000000000000e+02 3.658760729387302661e-47
3.776250000000000000e+02 3.207347447522824588e-47
3.777500000000000000e+02 2.685678188093851106e-47
3.778750000000000000e+02 3.258230884870220480e-47
3.780000000000000000e+02 3.234078035537096476e-47
3.781250000000000000e+02 3.421153279803566594e-47
3.782500000000000000e+02 3.323626694664689053e-47
3.783750000000000000e+02 3.007175727318231539e-47
3.785000000000000000e+02 3.908565537687016647e-47
3.786250000000000000e+02 3.342147972145769681e-47
3.787500000000000000e+02 3.161244019180871172e-47
3.788750000000000000e+02 3.364415811129889027e-47
3.790000000000000000e+02 3.570381676665054555e-47
3.791250000000000000e+02 2.115159932254260569e-47
3.792500000000000000e+02 2.855262894106927172e-47
3.793750000000000000e+02 3.620858382760040943e-47
3.795000000000000000e+02 2.683413698211758952e-47
3.796250000000000000e+02 3.266000292274479172e-47
3.797500000000000000e+02 2.856214532365785137e-47
3.798750000000000000e+02 3.374135351601583768e-47
3.800000000000000000e+02 3.213563927933274177e-47
3.801250000000000000e+02 3.010445844757433027e-47
3.802500000000000000e+02 2.535876655725220636e-47
3.803750000000000000e+02 3.287760471116881551e-47
3.805000000000000000e+02 3.108540058909524947e-47
3.806250000000000000e+02 3.297147679533755216e-47
3.807500000000000000e+02 2.928463901954771737e-47
3.808750000000000000e+02 3.091150549009851795e-47
3.810000000000000000e+02 3.967479365322203514e-47
3.811250000000000000e+02 3.432009713592369555e-47
3.812500000000000000e+02 3.026498029857109260e-47
3.813750000000000000e+02 2.946250516449256684e-47
3.815000000000000000e+02 3.101866029748939242e-47
3.816250000000000000e+02 2.918273538323532280e-47
3.817500000000000000e+02 3.479406989912419824e-47
3.818750000000000000e+02 3.080651464051911304e-47
3.820000000000000000e+02 3.108136487167122795e-47
3.821250000000000000e+02 3.134964940563837478e-47
3.822500000000000000e+02 3.405424323845644343e-47
3.823750000000000000e+02 3.129200813104478198e-47
3.825000000000000000e+02 2.921782035396026652e-47
3.826250000000000000e+02 3.077813923116555897e-47
3.827500000000000000e+02 3.492997973549977076e-47
3.828750000000000000e+02 2.997394598413942614e-47
3.830000000000000000e+02 3.290387405909490219e-47
3.831250000000000000e+02 3.548342498243634673e-47
3.832500000000000000e+02 3.122645336913432231e-47
3.833750000000000000e+02 3.743265015013854538e-47
3.835000000000000000e+02 3.184319959093070071e-47
3.836250000000000000e+02 3.478086774697251667e-47
3.837500000000000000e+02 3.246595076919989620e-47
3.838750000000000000e+02 2.771885790964920151e-47
3.840000000000000000e+02 3.130498960308724820e-47
3.841250000000000000e+02 3.008564873249522325e-47
3.842500000000000000e+02 3.183203407982086939e-47
3.843750000000000000e+02 4.596735474222325105e-47
3.845000000000000000e+02 2.855595873387714812e-47
3.846250000000000000e+02 3.142963595692738943e-47
3.847500000000000000e+02 2.839914607000341154e-47
3.848750000000000000e+02 3.492638258578158096e-47
3.850000000000000000e+02 2.659555977830349667e-47
3.851250000000000000e+02 3.614529614424655798e-47
3.852500000000000000e+02 3.313435079547254412e-47
3.853750000000000000e+02 3.311184887574104608e-47
3.855000000000000000e+02 3.199106797056983882e-47
3.856250000000000000e+02 2.824064611216676311e-47
3.857500000000000000e+02 2.944604536704660145e-47
3.858750000000000000e+02 4.142207704468717711e-47
3.860000000000000000e+02 3.160050438769876652e-47
3.861250000000000000e+02 3.342736842667714793e-47
3.862500000000000000e+02 3.430747942406665381e-47
3.863750000000000000e+02 3.931549589773462850e-47
3.865000000000000000e+02 3.612231317027701841e-47
3.866250000000000000e+02 2.766808446394504157e-47
3.867500000000000000e+02 2.853791073132349803e-47
3.868750000000000000e+02 3.357862395471952199e-47
3.870000000000000000e+02 2.621091447888506084e-47
3.871250000000000000e+02 3.589965430876088794e-47
3.872500000000000000e+02 2.989883012208764312e-47
3.873750000000000000e+02 3.331589344290892883e-47
3.875000000000000000e+02 2.559836406217230719e-47
3.876250000000000000e+02 3.893298329818191231e-47
3.877500000000000000e+02 3.362639688747347185e-47
3.878750000000000000e+02 3.294062267176042647e-47
3.880000000000000000e+02 3.435196103013610467e-47
3.881250000000000000e+02 2.675523886970530925e-47
3.882500000000000000e+02 3.122579700611846153e-47
3.883750000000000000e+02 3.906650714764219633e-47
3.885000000000000000e+02 3.378936740915938954e-47
3.886250000000000000e+02 3.043843826095493561e-47
3.887500000000000000e+02 2.819036254467937108e-47
3.888750000000000000e+02 3.014746799612892420e-47
3.890000000000000000e+02 2.978545397983771625e-47
3.891250000000000000e+02 3.676028667884217704e-47
3.892500000000000000e+02 3.492142237611668925e-47
3.893750000000000000e+02 3.354867803095864773e-47
3.895000000000000000e+02 3.641800774320645037e-47
3.896250000000000000e+02 3.300109547079672095e-47
3.897500000000000000e+02 2.797065887440003204e-47
3.898750000000000000e+02 3.175552333032661060e-47
3.900000000000000000e+02 2.751280491097770009e-47
3.901250000000000000e+02 3.180333240568950273e-47
3.902500000000000000e+02 3.131532439487002198e-47
3.903750000000000000e+02 3.577393538823727718e-47
3.905000000000000000e+02 3.491956491854071040e-47
3.906250000000000000e+02 3.136035999857709715e-47
3.907500000000000000e+02 3.622611722698844417e-47
3.908750000000000000e+02 2.841145312890309886e-47
3.910000000000000000e+02 2.978053301330501077e-47
3.911250000000000000e+02 2.891832138251333232e-47
3.912500000000000000e+02 3.885590055859291186e-47
3.913750000000000000e+02 2.736891103668994118e-47
3.915000000000000000e+02 2.889389583759281323e-47
3.916250000000000000e+02 2.796466983013012165e-47
3.917500000000000000e+02 3.060269669054553759e-47
3.918750000000000000e+02 2.539133854596545893e-47
3.920000000000000000e+02 3.274268487066046805e-47
3.921250000000000000e+02 3.089588989487621424e-47
3.922500000000000000e+02 3.627600893604294208e-47
3.923750000000000000e+02 2.967085663946687786e-47
3.925000000000000000e+02 3.234457134615715091e-47
3.926250000000000000e+02 2.864325108766697550e-47
3.927500000000000000e+02 2.415252742562819305e-47
3.928750000000000000e+02 3.331867400281966682e-47
3.930000000000000000e+02 3.696251267448136614e-47
3.931250000000000000e+02 2.766641148720780447e-47
3.932500000000000000e+02 3.269415683253752501e-47
3.933750000000000000e+02 2.411052553043403666e-47
3.935000000000000000e+02 3.149610900495205343e-47
3.936250000000000000e+02 3.157245280306942437e-47
3.937500000000000000e+02 3.997019649470454999e-47
3.938750000000000000e+02 3.610722753651869489e-47
3.940000000000000000e+02 2.900441279417012721e-47
3.941250000000000000e+02 3.413455930602944256e-47
3.942500000000000000e+02 3.186076589937906169e-47
3.943750000000000000e+02 3.354021972957291711e-47
3.945000000000000000e+02 3.406777442813713764e-47
3.946250000000000000e+02 3.229813013219098940e-47
3.947500000000000000e+02 2.481454504428532324e-47
3.948750000000000000e+02 3.691816580061708457e-47
3.950000000000000000e+02 3.013808213649114915e-47
3.951250000000000000e+02 3.232836760154477834e-47
3.952500000000000000e+02 3.605446351190064585e-47
3.953750000000000000e+02 3.493684052912997659e-47
3.955000000000000000e+02 3.846315702920304071e-47
3.956250000000000000e+02 2.942338022695227121e-47
3.957500000000000000e+02 3.995894973584439360e-47
3.958750000000000000e+02 2.889572748242179784e-47
3.960000000000000000e+02 2.882212786210113083e-47
3.961250000000000000e+02 3.756158621946474473e-47
3.962500000000000000e+02 3.349370601086359632e-47
3.963750000000000000e+02 3.261229364029298780e-47
3.965000000000000000e+02 3.189555574189704707e-47
3.966250000000000000e+02 2.993056267590453013e-47
3.967500000000000000e+02 2.968950990657871392e-47
3.968750000000000000e+02 3.888161099905834148e-47
3.970000000000000000e+02 2.963828420373178221e-47
3.971250000000000000e+02 2.879497961033679870e-47
3.972500000000000000e+02 3.508326416691146214e-47
3.973750000000000000e+02 3.028157214388677750e-47
3.975000000000000000e+02 2.713430656087225700e-47
3.976250000000000000e+02 3.607555647354093428e-47
3.977500000000000000e+02 4.414813239501874265e-47
3.978750000000000000e+02 2.954848864052956063e-47
3.980000000000000000e+02 3.555372656909720379e-47
3.981250000000000000e+02 2.762666988304135745e-47
3.982500000000000000e+02 2.905996928965419224e-47
3.983750000000000000e+02 4.071401119719193194e-47
3.985000000000000000e+02 3.221070285321485841e-47
3.986250000000000000e+02 3.930563016930447437e-47
3.987500000000000000e+02 2.820991358910433288e-47
3.988750000000000000e+02 3.247003877986592981e-47
3.990000000000000000e+02 3.134493753116321554e-47
3.991250000000000000e+02 2.732731887983951664e-47
3.992500000000000000e+02 2.708363861850521975e-47
3.993750000000000000e+02 2.451762873737091541e-47
3.995000000000000000e+02 2.764401475131050848e-47
3.996250000000000000e+02 2.953979450392776732e-47
3.997500000000000000e+02 2.570386609925679282e-47
3.998750000000000000e+02 3.316595378543759770e-47
4.000000000000000000e+02 3.419199484212817811e-47
4.001250000000000000e+02 3.720829554973975721e-47
4.002500000000000000e+02 3.550906773085600692e-47
4.003750000000000000e+02 3.083442867175040902e-47
4.005000000000000000e+02 3.100975587725674287e-47
4.006250000000000000e+02 3.946800265081831863e-47
4.007500000000000000e+02 3.150654172285464928e-47
4.008750000000000000e+02 3.262540932458858052e-47
4.010000000000000000e+02 3.674450069552318375e-47
4.011250000000000000e+02 3.833650758372837379e-47
4.012500000000000000e+02 2.683162970355335116e-47
4.013750000000000000e+02 3.610193225456023166e-47
4.015000000000000000e+02 3.646643055877969359e-47
4.016250000000000000e+02 2.912843496325199341e-47
4.017500000000000000e+02 3.639063989547561161e-47
4.018750000000000000e+02 3.620132253690532713e-47
4.020000000000000000e+02 3.332091358673904981e-47
4.021250000000000000e+02 3.986097162328931980e-47
4.022500000000000000e+02 2.763906221310310368e-47
4.023750000000000000e+02 3.775382472595846563e-47
4.025000000000000000e+02 3.433988988846975030e-47
4.026250000000000000e+02 2.950045231431996604e-47
4.027500000000000000e+02 3.369874701057693810e-47
4.028750000000000000e+02 2.510441880539764254e-47
4.030000000000000000e+02 3.147292144781851459e-47
4.031250000000000000e+02 3.060097460252137245e-47
4.032500000000000000e+02 3.115357240703056425e-47
4.033750000000000000e+02 3.206704011302605524e-47
4.035000000000000000e+02 3.126091990599103983e-47
4.036250000000000000e+02 3.289529552025878730e-47
4.037500000000000000e+02 3.168552653192365327e-47
4.038750000000000000e+02 3.745573514682928682e-47
4.040000000000000000e+02 3.616950857962169430e-47
4.041250000000000000e+02 2.653630772259704512e-47
4.042500000000000000e+02 3.063007329327522937e-47
4.043750000000000000e+02 2.997931902033937764e-47
4.045000000000000000e+02 3.184005817831651798e-47
4.046250000000000000e+02 3.522379420047603580e-47
4.047500000000000000e+02 3.631503210707175226e-47
4.048750000000000000e+02 3.761007294593759142e-47
4.050000000000000000e+02 3.380416135793917411e-47
4.051250000000000000e+02 4.050871789450533807e-47
4.052500000000000000e+02 4.140066541472726904e-47
4.053750000000000000e+02 3.058186501998742272e-47
4.055000000000000000e+02 2.833350291949813644e-47
4.056250000000000000e+02 3.574538449117724231e-47
4.057500000000000000e+02 3.901438833504423697e-47
4.058750000000000000e+02 3.159528103466093095e-47
4.060000000000000000e+02 3.574479812223691755e-47
4.061250000000000000e+02 3.215330788790581224e-47
4.062500000000000000e+02 3.784257158640198002e-47
4.063750000000000000e+02 3.587188119302845481e-47
4.065000000000000000e+02 3.498603694728565467e-47
4.066250000000000000e+02 3.041100272965109885e-47
4.067500000000000000e+02 3.600204689481158636e-47
4.068750000000000000e+02 3.197688805968087413e-47
4.070000000000000000e+02 3.104448137347133522e-47
4.071250000000000000e+02 3.311915133365480463e-47
4.072500000000000000e+02 3.154533534041916341e-47
4.073750000000000000e+02 3.561532545228896274e-47
4.075000000000000000e+02 3.560526278176336795e-47
4.076250000000000000e+02 3.009561391714316047e-47
4.077500000000000000e+02 3.504506320744564304e-47
4.078750000000000000e+02 3.051075593838617661e-47
4.080000000000000000e+02 2.772093970868606393e-47
4.081250000000000000e+02 2.574807582288652299e-47
4.082500000000000000e+02 3.728001910531668288e-47
4.083750000000000000e+02 2.631050381498006341e-47
4.085000000000000000e+02 3.756722906435161883e-47
4.086250000000000000e+02 3.289917800182447094e-47
4.087500000000000000e+02 2.904718057901301460e-47
4.088750000000000000e+02 2.678386577336428518e-47
4.090000000000000000e+02 2.929772000892766614e-47
4.091250000000000000e+02 3.239329011681846560e-47
4.092500000000000000e+02 3.950017945845695017e-47
4.093750000000000000e+02 3.064272968799973617e-47
4.095000000000000000e+02 3.129889767999168473e-47
4.096250000000000000e+02 2.673822964299502641e-47
4.097500000000000000e+02 3.447104431585602487e-47
4.098750000000000000e+02 3.158896939238425225e-47
4.100000000000000000e+02 3.832497251802427385e-47
4.101250000000000000e+02 3.374115084293709342e-47
4.102500000000000000e+02 3.004994917142264879e-47
4.103750000000000000e+02 2.950120668015757441e-47
4.105000000000000000e+02 2.922307950265451516e-47
4.106250000000000000e+02 2.768112068926704576e-47
4.107500000000000000e+02 3.034962676094454384e-47
4.108750000000000000e+02 4.083311340303638992e-47
4.110000000000000000e+02 2.912295911983829138e-47
4.111250000000000000e+02 2.759241309807951276e-47
4.112500000000000000e+02 3.372111166198090036e-47
4.113750000000000000e+02 2.964499714509159381e-47
4.115000000000000000e+02 3.384307252781964591e-47
4.116250000000000000e+02 3.121764038578161731e-47
4.117500000000000000e+02 3.525826555247492765e-47
4.118750000000000000e+02 3.962236628606428864e-47
4.120000000000000000e+02 3.311976864822483150e-47
4.121250000000000000e+02 3.792660559402408821e-47
4.122500000000000000e+02 3.093510447525798832e-47
4.123750000000000000e+02 2.876557884332998676e-47
4.125000000000000000e+02 3.246028618999104962e-47
4.126250000000000000e+02 4.341362237459951694e-47
4.127500000000000000e+02 4.114656662779755656e-47
4.128750000000000000e+02 3.539320401022697929e-47
4.130000000000000000e+02 2.702936218645736971e-47
4.131250000000000000e+02 3.108568248494840903e-47
4.132500000000000000e+02 2.857038430781323198e-47
4.133750000000000000e+02 3.058449993499906778e-47
4.135000000000000000e+02 3.871219844184968243e-47
4.136250000000000000e+02 3.615036382685644347e-47
4.137500000000000000e+02 3.001193695448138252e-47
4.138750000000000000e+02 3.432415736338475619e-47
4.140000000000000000e+02 3.130339276095617711e-47
4.141250000000000000e+02 3.009224886601026887e-47
4.142500000000000000e+02 3.165764955471329010e-47
4.143750000000000000e+02 3.192460816733978268e-47
4.145000000000000000e+02 2.916399440479747561e-47
4.146250000000000000e+02 3.295851114811986211e-47
4.147500000000000000e+02 3.732764218517776842e-47
4.148750000000000000e+02 3.385378642475954884e-47
4.150000000000000000e+02 3.806292874105990173e-47
4.151250000000000000e+02 2.980064076207127157e-47
4.152500000000000000e+02 2.906919400158338136e-47
4.153750000000000000e+02 3.500559003661946648e-47
4.155000000000000000e+02 3.728907522518830905e-47
4.156250000000000000e+02 3.283461587194640081e-47
4.157500000000000000e+02 3.755076446816250024e-47
4.158750000000000000e+02 3.111234053156636517e-47
4.160000000000000000e+02 3.709144443987306195e-47
4.161250000000000000e+02 2.854457984245551043e-47
4.162500000000000000e+02 3.756395991590218435e-47
4.163750000000000000e+02 3.174052039679668482e-47
4.165000000000000000e+02 2.874846997758023817e-47
4.166250000000000000e+02 3.528585341603246297e-47
4.167500000000000000e+02 3.308991323965241862e-47
4.168750000000000000e+02 3.678680437050418461e-47
4.170000000000000000e+02 3.725795457890461489e-47
4.171250000000000000e+02 4.086875654055639328e-47
4.172500000000000000e+02 3.012093513576342265e-47
4.173750000000000000e+02 3.958747654835813095e-47
4.175000000000000000e+02 3.598172984557169535e-47
4.176250000000000000e+02 3.307120193053647199e-47
4.177500000000000000e+02 3.833585267994480825e-47
4.178750000000000000e+02 3.917832310844512228e-47
4.180000000000000000e+02 2.735857117586260056e-47
4.181250000000000000e+02 2.999335092470554031e-47
4.182500000000000000e+02 3.344573807299131220e-47
4.183750000000000000e+02 2.773458798131770033e-47
4.185000000000000000e+02 3.542923155370293195e-47
4.186250000000000000e+02 3.593093925809094263e-47
4.187500000000000000e+02 3.199039694267320538e-47
4.188750000000000000e+02 3.732734722210860856e-47
4.190000000000000000e+02 3.391919013373214693e-47
4.191250000000000000e+02 3.257317942824523819e-47
4.192500000000000000e+02 3.819739262544343516e-47
4.193750000000000000e+02 3.557217422364398029e-47
4.195000000000000000e+02 2.581939039606918560e-47
4.196250000000000000e+02 2.923304878500817917e-47
4.197500000000000000e+02 4.293252259026071742e-47
4.198750000000000000e+02 4.134012667049009791e-47
4.200000000000000000e+02 4.052090916052698549e-47
4.201250000000000000e+02 2.998470155420915598e-47
4.202500000000000000e+02 3.605947678999796910e-47
4.203750000000000000e+02 3.590852581622212581e-47
4.205000000000000000e+02 4.220477611203408834e-47
4.206250000000000000e+02 3.245368952706027349e-47
4.207500000000000000e+02 3.416510180059639596e-47
4.208750000000000000e+02 3.795272155999273633e-47
4.210000000000000000e+02 3.232071538959791464e-47
4.211250000000000000e+02 3.987830848159966437e-47
4.212500000000000000e+02 3.607366257952880626e-47
4.213750000000000000e+02 4.236530801933859554e-47
4.215000000000000000e+02 3.188811913652850459e-47
4.216250000000000000e+02 3.675150179034730900e-47
4.217500000000000000e+02 3.119587452523106480e-47
4.218750000000000000e+02 3.498336434656434926e-47
4.220000000000000000e+02 2.727253147776978785e-47
4.221250000000000000e+02 3.334703163087039202e-47
4.222500000000000000e+02 3.626070112444089434e-47
4.223750000000000000e+02 3.769845461730166488e-47
4.225000000000000000e+02 3.487409632189543037e-47
4.226250000000000000e+02 2.647172428963565016e-47
4.227500000000000000e+02 3.275658294490217181e-47
4.228750000000000000e+02 2.940613675140214832e-47
4.230000000000000000e+02 3.166154665989337148e-47
4.231250000000000000e+02 3.209309937961564367e-47
4.232500000000000000e+02 3.458894417990328187e-47
4.233750000000000000e+02 3.600189203931787273e-47
4.235000000000000000e+02 3.830983607678822926e-47
4.236250000000000000e+02 3.212339210048267059e-47
4.237500000000000000e+02 3.211364140162517724e-47
4.238750000000000000e+02 3.770641713727262986e-47
4.240000000000000000e+02 3.022830849617012921e-47
4.241250000000000000e+02 3.813665267716617374e-47
4.242500000000000000e+02 2.799615343906502129e-47
4.243750000000000000e+02 3.970597141700085251e-47
4.245000000000000000e+02 3.126661343443844309e-47
4.246250000000000000e+02 3.352331271134738122e-47
4.247500000000000000e+02 2.870277817751180511e-47
4.248750000000000000e+02 2.992006796440611339e-47
4.250000000000000000e+02 3.849041201052063151e-47
4.251250000000000000e+02 2.785809690770603132e-47
4.252500000000000000e+02 3.365613772238639459e-47
4.253750000000000000e+02 3.447151153565609130e-47
4.255000000000000000e+02 3.893133096960689442e-47
4.256250000000000000e+02 3.014370240030691125e-47
4.257500000000000000e+02 2.858198295686365479e-47
4.258750000000000000e+02 3.271602352347830269e-47
4.260000000000000000e+02 3.027488973294782707e-47
4.261250000000000000e+02 2.856089648968440716e-47
4.262500000000000000e+02 3.464296291112528775e-47
4.263750000000000000e+02 4.019391761999389152e-47
4.265000000000000000e+02 3.579766254365318935e-47
4.266250000000000000e+02 3.390573999443841555e-47
4.267500000000000000e+02 3.434059359833612047e-47
4.268750000000000000e+02 3.740410489243039848e-47
4.270000000000000000e+02 4.129708883255176153e-47
4.271250000000000000e+02 3.337842800342714775e-47
4.272500000000000000e+02 3.229200577918288963e-47
4.273750000000000000e+02 4.188733636695371757e-47
4.275000000000000000e+02 3.640702547149943107e-47
4.276250000000000000e+02 3.978489755342520301e-47
4.277500000000000000e+02 2.991324164546885180e-47
4.278750000000000000e+02 3.361550308105486049e-47
4.280000000000000000e+02 3.163437238247190855e-47
4.281250000000000000e+02 3.227783946158503585e-47
4.282500000000000000e+02 3.274170502400880711e-47
4.283750000000000000e+02 4.203703157071782176e-47
4.285000000000000000e+02 3.908692564305316556e-47
4.286250000000000000e+02 3.861665349556507218e-47
4.287500000000000000e+02 3.442465257796374343e-47
4.288750000000000000e+02 3.969772387924650593e-47
4.290000000000000000e+02 3.457206478708934739e-47
4.291250000000000000e+02 2.947863010595436588e-47
4.292500000000000000e+02 4.386541818739341640e-47
4.293750000000000000e+02 3.431997748981135630e-47
4.295000000000000000e+02 4.435676533319301100e-47
4.296250000000000000e+02 3.251561827978541596e-47
4.297500000000000000e+02 2.574637459615329702e-47
4.298750000000000000e+02 3.522433781308514350e-47
4.300000000000000000e+02 3.831938378387590354e-47
4.301250000000000000e+02 3.208250974579824273e-47
4.302500000000000000e+02 3.241264890780638375e-47
4.303750000000000000e+02 3.306860667850778108e-47
4.305000000000000000e+02 3.856570539902723248e-47
4.306250000000000000e+02 2.835909230200742629e-47
4.307500000000000000e+02 3.437439078312660424e-47
4.308750000000000000e+02 3.402210434222396536e-47
4.310000000000000000e+02 3.500588715567072935e-47
4.311250000000000000e+02 3.828112524697161521e-47
4.312500000000000000e+02 3.441757644194168129e-47
4.313750000000000000e+02 3.981031324366675385e-47
4.315000000000000000e+02 3.573677906496723159e-47
4.316250000000000000e+02 3.159609966432970619e-47
4.317500000000000000e+02 3.309058843559011733e-47
4.318750000000000000e+02 3.464152746440952705e-47
4.320000000000000000e+02 3.306035010633891535e-47
4.321250000000000000e+02 3.493124833652816677e-47
4.322500000000000000e+02 3.319906021550270873e-47
4.323750000000000000e+02 3.532494988358726779e-47
4.325000000000000000e+02 3.493772545039285934e-47
4.326250000000000000e+02 4.114838874666782032e-47
4.327500000000000000e+02 3.598827513614820611e-47
4.328750000000000000e+02 3.296473537621440438e-47
4.330000000000000000e+02 3.382009467033225679e-47
4.331250000000000000e+02 3.636387126859126458e-47
4.332500000000000000e+02 3.001554550103585853e-47
4.333750000000000000e+02 4.147923122612826912e-47
4.335000000000000000e+02 4.121840704700178026e-47
4.336250000000000000e+02 3.403257396656076694e-47
4.337500000000000000e+02 3.634176226699966433e-47
4.338750000000000000e+02 3.560133368183236244e-47
4.340000000000000000e+02 3.079969047506299755e-47
4.341250000000000000e+02 3.695258493344666103e-47
4.342500000000000000e+02 3.259139992222815669e-47
4.343750000000000000e+02 3.979913512115114569e-47
4.345000000000000000e+02 3.129141883232696949e-47
4.346250000000000000e+02 3.648458033304024958e-47
4.347500000000000000e+02 3.485394314133472854e-47
4.348750000000000000e+02 2.585140265564846155e-47
4.350000000000000000e+02 3.441910981115126378e-47
4.351250000000000000e+02 3.422609690290694399e-47
4.352500000000000000e+02 3.594244041798479624e-47
4.353750000000000000e+02 3.964023631409637511e-47
4.355000000000000000e+02 2.743521070619319625e-47
4.356250000000000000e+02 3.532909462315953303e-47
4.357500000000000000e+02 2.756824239086741464e-47
4.358750000000000000e+02 3.222190135842640428e-47
4.360000000000000000e+02 3.834162995671578732e-47
4.361250000000000000e+02 3.057330942712448306e-47
4.362500000000000000e+02 3.388462576008359816e-47
4.363750000000000000e+02 3.525783000787451479e-47
4.365000000000000000e+02 3.548570576409458154e-47
4.366250000000000000e+02 4.766676514351248620e-47
4.367500000000000000e+02 3.654824048195084781e-47
4.368750000000000000e+02 4.748939557528350692e-47
4.370000000000000000e+02 2.847441520894124986e-47
4.371250000000000000e+02 4.123572547514223616e-47
4.372500000000000000e+02 3.460696618621156536e-47
4.373750000000000000e+02 3.168593492544809905e-47
4.375000000000000000e+02 3.467231662141751359e-47
4.376250000000000000e+02 4.149976488067944304e-47
4.377500000000000000e+02 4.352761892993553940e-47
4.378750000000000000e+02 3.748964864356377370e-47
4.380000000000000000e+02 3.638663152669271526e-47
4.381250000000000000e+02 3.365583970946636578e-47
4.382500000000000000e+02 3.682996797243148307e-47
4.383750000000000000e+02 4.236046339933845058e-47
4.385000000000000000e+02 3.919771468711833486e-47
4.386250000000000000e+02 4.799021595243178453e-47
4.387500000000000000e+02 3.910281101685245885e-47
4.388750000000000000e+02 3.589483461188120079e-47
4.390000000000000000e+02 3.442601057925527544e-47
4.391250000000000000e+02 4.144475766497541059e-47
4.392500000000000000e+02 3.326991638842184855e-47
4.393750000000000000e+02 3.543728104601801064e-47
4.395000000000000000e+02 3.854889371997507657e-47
4.396250000000000000e+02 3.694102188963536524e-47
4.397500000000000000e+02 4.162030343768347465e-47
4.398750000000000000e+02 3.672419814305112597e-47
4.400000000000000000e+02 4.076315708257993943e-47
4.401250000000000000e+02 3.456050449629525343e-47
4.402500000000000000e+02 3.437819026698328710e-47
4.403750000000000000e+02 2.693132563664495490e-47
4.405000000000000000e+02 4.059102279502589200e-47
4.406250000000000000e+02 3.406326888915930253e-47
4.407500000000000000e+02 3.448689740193160716e-47
4.408750000000000000e+02 4.065740110060954459e-47
4.410000000000000000e+02 3.468628300631786602e-47
4.411250000000000000e+02 3.569040754299632453e-47
4.412500000000000000e+02 3.540311239268551864e-47
4.413750000000000000e+02 3.363304869202462230e-47
4.415000000000000000e+02 3.281430909024887839e-47
4.416250000000000000e+02 2.948967613079219801e-47
4.417500000000000000e+02 3.388722082180209235e-47
4.418750000000000000e+02 2.933531890481694140e-47
4.420000000000000000e+02 3.788041333830806909e-47
4.421250000000000000e+02 3.229665309901441974e-47
4.422500000000000000e+02 3.888363841097645067e-47
4.423750000000000000e+02 3.567424337902394851e-47
4.425000000000000000e+02 3.250544339604794372e-47
4.426250000000000000e+02 4.047365518102296292e-47
4.427500000000000000e+02 3.726133939572749822e-47
4.428750000000000000e+02 3.600467765058505881e-47
4.430000000000000000e+02 3.450399755317630002e-47
4.431250000000000000e+02 3.775983737564008465e-47
4.432500000000000000e+02 3.371123804298084278e-47
4.433750000000000000e+02 2.619608057382919581e-47
4.435000000000000000e+02 3.665295816689775133e-47
4.436250000000000000e+02 3.628081365155870756e-47
4.437500000000000000e+02 3.819532200084423819e-47
4.438750000000000000e+02 3.854534562349819739e-47
4.440000000000000000e+02 3.927025086372472085e-47
4.441250000000000000e+02 2.880805550222433234e-47
4.442500000000000000e+02 3.160105508472669527e-47
4.443750000000000000e+02 3.206645538920632280e-47
4.445000000000000000e+02 4.119598117047851721e-47
4.446250000000000000e+02 4.274296247521824043e-47
4.447500000000000000e+02 2.902208771921965213e-47
4.448750000000000000e+02 4.333298689853904961e-47
4.450000000000000000e+02 3.658283628891382034e-47
4.451250000000000000e+02 4.882882790627121031e-47
4.452500000000000000e+02 4.116929512050374811e-47
4.453750000000000000e+02 3.471571213498713848e-47
4.455000000000000000e+02 2.891241538964416097e-47
4.456250000000000000e+02 3.769474468985314894e-47
4.457500000000000000e+02 3.779832447660837793e-47
4.458750000000000000e+02 3.948129988154654981e-47
4.460000000000000000e+02 4.222984071325567529e-47
4.461250000000000000e+02 3.940472589671605021e-47
4.462500000000000000e+02 3.606218481467074074e-47
4.463750000000000000e+02 3.561167487842861979e-47
4.465000000000000000e+02 3.286455478723360256e-47
4.466250000000000000e+02 2.333540551807077053e-47
4.467500000000000000e+02 3.320832132915189158e-47
4.468750000000000000e+02 3.615492631604711819e-47
4.470000000000000000e+02 4.357343151697033588e-47
4.471250000000000000e+02 3.883964879394943549e-47
4.472500000000000000e+02 3.450374386542149272e-47
4.473750000000000000e+02 3.375466087507538818e-47
4.475000000000000000e+02 4.307000133030427781e-47
4.476250000000000000e+02 3.903981202455968190e-47
4.477500000000000000e+02 3.665922077019799635e-47
4.478750000000000000e+02 3.461761251105466352e-47
4.480000000000000000e+02 3.191509966751881633e-47
4.481250000000000000e+02 2.615739546141705795e-47
4.482500000000000000e+02 3.341500625753323763e-47
4.483750000000000000e+02 3.461393644173172744e-47
4.485000000000000000e+02 3.084245714537983890e-47
4.486250000000000000e+02 3.449914449957670603e-47
4.487500000000000000e+02 3.277779566079313750e-47
4.488750000000000000e+02 3.880452171143724956e-47
4.490000000000000000e+02 3.637445385360502143e-47
4.491250000000000000e+02 3.123552814773581671e-47
4.492500000000000000e+02 3.711064058929092958e-47
4.493750000000000000e+02 3.935815349158445587e-47
4.495000000000000000e+02 3.007207526132749794e-47
4.496250000000000000e+02 4.172669542068398739e-47
4.497500000000000000e+02 3.714239014292739140e-47
4.498750000000000000e+02 3.719040983616523139e-47
4.500000000000000000e+02 3.807512130178203632e-47
4.501250000000000000e+02 4.764552737156019236e-47
4.502500000000000000e+02 3.667999571512210145e-47
4.503750000000000000e+02 3.451895606948757100e-47
4.505000000000000000e+02 3.576220319046370909e-47
4.506250000000000000e+02 4.020292897470388731e-47
4.507500000000000000e+02 3.860033571145965957e-47
4.508750000000000000e+02 3.276881063799200164e-47
4.510000000000000000e+02 4.739874718996652892e-47
4.511250000000000000e+02 3.198135461078533839e-47
4.512500000000000000e+02 3.976367355785360356e-47
4.513750000000000000e+02 4.303056615548903530e-47
4.515000000000000000e+02 3.650976130749370150e-47
4.516250000000000000e+02 4.316971445238700173e-47
4.517500000000000000e+02 3.920823228989756173e-47
4.518750000000000000e+02 3.768601045462809359e-47
4.520000000000000000e+02 4.201149205161800285e-47
4.521250000000000000e+02 4.221804857857406937e-47
4.522500000000000000e+02 4.055492764381933231e-47
4.523750000000000000e+02 3.780055367919257957e-47
4.525000000000000000e+02 4.002041917031891122e-47
4.526250000000000000e+02 3.740028845311307720e-47
4.527500000000000000e+02 3.258856081222590097e-47
4.528750000000000000e+02 4.117452544144848919e-47
4.530000000000000000e+02 3.640848633882441093e-47
4.531250000000000000e+02 4.272180475256038940e-47
4.532500000000000000e+02 3.984987801074949342e-47
4.533750000000000000e+02 4.077957140168567231e-47
4.535000000000000000e+02 4.164578204463060820e-47
4.536250000000000000e+02 4.524815620756981643e-47
4.537500000000000000e+02 3.597024568427036434e-47
4.538750000000000000e+02 4.089767167580091287e-47
4.540000000000000000e+02 4.948324991077258326e-47
4.541250000000000000e+02 3.878840814740118458e-47
4.542500000000000000e+02 4.720532514830451505e-47
4.543750000000000000e+02 3.252988410289801019e-47
4.545000000000000000e+02 2.748166123863607408e-47
4.546250000000000000e+02 3.907679868143293155e-47
4.547500000000000000e+02 4.765714561467564558e-47
4.548750000000000000e+02 3.333284773593522409e-47
4.550000000000000000e+02 4.026742103870537325e-47
4.551250000000000000e+02 3.408165324452602841e-47
4.552500000000000000e+02 3.680004567603707157e-47
4.553750000000000000e+02 3.206064132689364791e-47
4.555000000000000000e+02 4.071039240874864619e-47
4.556250000000000000e+02 4.141712123776541715e-47
4.557500000000000000e+02 3.998601956752029640e-47
4.558750000000000000e+02 4.142932285732544172e-47
4.560000000000000000e+02 3.788147083771084973e-47
4.561250000000000000e+02 3.592498438803907728e-47
4.562500000000000000e+02 3.830560610717602763e-47
4.563750000000000000e+02 3.607176882829862494e-47
4.565000000000000000e+02 3.543779253142728241e-47
4.566250000000000000e+02 3.325829168036226335e-47
4.567500000000000000e+02 3.795624279591132453e-47
4.568750000000000000e+02 4.595158748748430750e-47
4.570000000000000000e+02 3.298367168771920779e-47
4.571250000000000000e+02 5.008847515985964610e-47
4.572500000000000000e+02 3.813797824090885879e-47
4.573750000000000000e+02 3.159704409859572484e-47
4.575000000000000000e+02 3.955864868091834219e-47
4.576250000000000000e+02 3.617752555013598069e-47
4.577500000000000000e+02 3.877198709734569242e-47
4.578750000000000000e+02 3.211842676959215450e-47
4.580000000000000000e+02 2.474519385297974974e-47
4.581250000000000000e+02 3.775496838228124581e-47
4.582500000000000000e+02 3.765288722642612111e-47
4.583750000000000000e+02 4.079206389838004113e-47
4.585000000000000000e+02 4.767010503390121103e-47
4.586250000000000000e+02 3.992720416053073548e-47
4.587500000000000000e+02 3.809624706083521789e-47
4.588750000000000000e+02 3.348775830215419190e-47
4.590000000000000000e+02 3.914804207054958180e-47
4.591250000000000000e+02 3.826436168460225530e-47
4.592500000000000000e+02 3.311549782106496713e-47
4.593750000000000000e+02 3.883442320233856188e-47
4.595000000000000000e+02 3.315371144516879485e-47
4.596250000000000000e+02 3.973765511347422727e-47
4.597500000000000000e+02 3.783366399988640477e-47
4.598750000000000000e+02 2.961269089800117810e-47
4.600000000000000000e+02 4.118878910964516768e-47
4.601250000000000000e+02 3.606822854171979972e-47
4.602500000000000000e+02 3.764336063220280533e-47
4.603750000000000000e+02 3.736500072815771120e-47
4.605000000000000000e+02 3.622448683608697411e-47
4.606250000000000000e+02 3.649384227215589860e-47
4.607500000000000000e+02 4.261441415265471835e-47
4.608750000000000000e+02 3.772859879408919443e-47
4.610000000000000000e+02 4.003133233121917764e-47
4.611250000000000000e+02 3.420334170924627344e-47
4.612500000000000000e+02 4.685107159953337080e-47
4.613750000000000000e+02 3.358743580117595304e-47
4.615000000000000000e+02 2.280558975892273921e-47
4.616250000000000000e+02 3.835107841816714330e-47
4.617500000000000000e+02 3.800137665730876016e-47
4.618750000000000000e+02 3.313202467572551699e-47
4.620000000000000000e+02 3.632780191453488301e-47
4.621250000000000000e+02 3.955669865561851822e-47
4.622500000000000000e+02 3.447258212400150426e-47
4.623750000000000000e+02 3.835224947096787757e-47
4.625000000000000000e+02 4.212808127768436545e-47
4.626250000000000000e+02 3.721444939766351677e-47
4.627500000000000000e+02 3.641813558225132451e-47
4.628750000000000000e+02 3.962933289845139385e-47
4.630000000000000000e+02 4.474889447598865368e-47
4.631250000000000000e+02 3.632533321789283838e-47
4.632500000000000000e+02 3.101563164496476549e-47
4.633750000000000000e+02 4.190305931482708143e-47
4.635000000000000000e+02 4.385164066312336324e-47
4.636250000000000000e+02 4.208975838309938348e-47
4.637500000000000000e+02 3.730297249413112372e-47
4.638750000000000000e+02 4.005851205880435607e-47
4.640000000000000000e+02 4.318992763732524521e-47
4.641250000000000000e+02 3.517076197693322751e-47
4.642500000000000000e+02 3.601444849112971830e-47
4.643750000000000000e+02 4.212603293723461119e-47
4.645000000000000000e+02 4.166995749478713469e-47
4.646250000000000000e+02 4.159888922831339046e-47
4.647500000000000000e+02 4.591049252474305266e-47
4.648750000000000000e+02 3.776675768514864419e-47
4.650000000000000000e+02 4.259908181920040075e-47
4.651250000000000000e+02 3.464367991768698134e-47
4.652500000000000000e+02 3.750715166186946771e-47
4.653750000000000000e+02 4.005827961393104945e-47
4.655000000000000000e+02 3.679191099727716639e-47
4.656250000000000000e+02 4.757167772579118642e-47
4.657500000000000000e+02 3.709534371370945736e-47
4.658750000000000000e+02 4.048249603508520558e-47
4.660000000000000000e+02 3.859730803510456121e-47
4.661250000000000000e+02 4.013622097735548922e-47
4.662500000000000000e+02 3.302403013033221882e-47
4.663750000000000000e+02 4.369260691989446168e-47
4.665000000000000000e+02 3.867423572744785647e-47
4.666250000000000000e+02 4.206748713547161143e-47
4.667500000000000000e+02 4.392466395029412522e-47
4.668750000000000000e+02 3.320932700639537367e-47
4.670000000000000000e+02 4.074625992058323246e-47
4.671250000000000000e+02 4.097845387009445093e-47
4.672500000000000000e+02 4.240405243644066441e-47
4.673750000000000000e+02 3.970184046183972796e-47
4.675000000000000000e+02 4.426353543726030105e-47
4.676250000000000000e+02 4.756072882683317572e-47
4.677500000000000000e+02 2.804146129249672640e-47
4.678750000000000000e+02 3.336840942286763979e-47
4.680000000000000000e+02 3.191481050524729603e-47
4.681250000000000000e+02 4.046323864630922882e-47
4.682500000000000000e+02 3.730359646224862288e-47
4.683750000000000000e+02 4.124832542374925592e-47
4.685000000000000000e+02 4.297799153712310591e-47
4.686250000000000000e+02 3.915575774535837158e-47
4.687500000000000000e+02 3.905591875998059537e-47
4.688750000000000000e+02 5.021315439790028088e-47
4.690000000000000000e+02 3.432055958575950203e-47
4.691250000000000000e+02 3.990594160978895085e-47
4.692500000000000000e+02 3.109918866950984973e-47
4.693750000000000000e+02 3.692714235172706772e-47
4.695000000000000000e+02 3.136277820195741831e-47
4.696250000000000000e+02 3.539322032538922211e-47
4.697500000000000000e+02 4.369358131207606597e-47
4.698750000000000000e+02 4.187130516847809361e-47
4.700000000000000000e+02 4.439948659992441251e-47
4.701250000000000000e+02 3.468835041504504825e-47
4.702500000000000000e+02 4.887839776913017161e-47
4.703750000000000000e+02 3.858588811024336264e-47
4.705000000000000000e+02 3.744250414611188794e-47
4.706250000000000000e+02 3.746753791380519430e-47
4.707500000000000000e+02 3.306668860296505142e-47
4.708750000000000000e+02 4.860141556640812126e-47
4.710000000000000000e+02 3.919224887300741329e-47
4.711250000000000000e+02 3.536863552511325471e-47
4.712500000000000000e+02 3.799939300209068541e-47
4.713750000000000000e+02 3.910199863352504941e-47
4.715000000000000000e+02 4.188325561900847488e-47
4.716250000000000000e+02 3.532108744034013957e-47
4.717500000000000000e+02 3.979159243085483602e-47
4.718750000000000000e+02 4.161823012516178466e-47
4.720000000000000000e+02 5.144079800039577579e-47
4.721250000000000000e+02 5.115543921671155836e-47
4.722500000000000000e+02 3.852065844030552372e-47
4.723750000000000000e+02 3.213890730330495997e-47
4.725000000000000000e+02 3.772216306867899929e-47
4.726250000000000000e+02 4.367430923496905028e-47
4.727500000000000000e+02 3.405051893732912438e-47
4.728750000000000000e+02 3.950781263749172338e-47
4.730000000000000000e+02 5.020075959036173772e-47
4.731250000000000000e+02 4.217042249913097597e-47
4.732500000000000000e+02 4.237799022101789870e-47
4.733750000000000000e+02 4.015693343962518017e-47
4.735000000000000000e+02 3.775339915615232908e-47
4.736250000000000000e+02 5.158726298966172442e-47
4.737500000000000000e+02 5.082640582158291243e-47
4.738750000000000000e+02 4.014036910346876840e-47
4.740000000000000000e+02 4.234731067608821939e-47
4.741250000000000000e+02 4.492978073052556302e-47
4.742500000000000000e+02 3.828064443579053407e-47
4.743750000000000000e+02 4.496303813385649134e-47
4.745000000000000000e+02 4.918993495500193360e-47
4.746250000000000000e+02 4.078341647740851574e-47
4.747500000000000000e+02 4.729516653270128303e-47
4.748750000000000000e+02 4.906054148158185966e-47
4.750000000000000000e+02 4.147075629030663481e-47
4.751250000000000000e+02 4.729474209066534908e-47
4.752500000000000000e+02 5.574621103831237593e-47
4.753750000000000000e+02 4.279702755015387306e-47
4.755000000000000000e+02 5.041617549263663316e-47
4.756250000000000000e+02 4.821849535911173046e-47
4.757500000000000000e+02 3.789307427150624876e-47
4.758750000000000000e+02 3.883720033560649969e-47
4.760000000000000000e+02 3.786236813685922268e-47
4.761250000000000000e+02 4.793313125353335659e-47
4.762500000000000000e+02 5.502606781167439243e-47
4.763750000000000000e+02 5.478051607575426438e-47
4.765000000000000000e+02 4.539357764768204199e-47
4.766250000000000000e+02 4.767290045849991549e-47
4.767500000000000000e+02 4.473810745294856183e-47
4.768750000000000000e+02 3.784440627949000085e-47
4.770000000000000000e+02 4.330974001526169570e-47
4.771250000000000000e+02 3.947250952821454352e-47
4.772500000000000000e+02 4.103125464124366876e-47
4.773750000000000000e+02 4.191200435679806322e-47
4.775000000000000000e+02 4.028503306336548782e-47
4.776250000000000000e+02 3.903614528599676085e-47
4.777500000000000000e+02 4.893641433094140744e-47
4.778750000000000000e+02 3.589768229962842184e-47
4.780000000000000000e+02 3.950580562508060470e-47
4.781250000000000000e+02 3.600110086545443999e-47
4.782500000000000000e+02 4.386287248045073164e-47
4.783750000000000000e+02 4.348678879421562652e-47
4.785000000000000000e+02 3.502151003768716477e-47
4.786250000000000000e+02 5.339940396873616485e-47
4.787500000000000000e+02 4.894230795266575671e-47
4.788750000000000000e+02 4.434501234162466443e-47
4.790000000000000000e+02 4.813970522237034912e-47
4.791250000000000000e+02 4.589262506910955430e-47
4.792500000000000000e+02 4.471444161155142835e-47
4.793750000000000000e+02 3.825868896747884360e-47
4.795000000000000000e+02 4.632278234364751773e-47
4.796250000000000000e+02 3.956016337858984154e-47
4.797500000000000000e+02 3.387261383238168922e-47
4.798750000000000000e+02 5.531824836570756722e-47
4.800000000000000000e+02 5.868161779216908106e-47
4.801250000000000000e+02 4.265673426878059215e-47
4.802500000000000000e+02 5.205802671987835235e-47
4.803750000000000000e+02 3.628500480316743919e-47
4.805000000000000000e+02 4.769656309751761553e-47
4.806250000000000000e+02 3.793489171613450814e-47
4.807500000000000000e+02 4.904023384760020970e-47
4.808750000000000000e+02 4.957992496312261780e-47
4.810000000000000000e+02 4.381211973804398672e-47
4.811250000000000000e+02 4.170122767329748678e-47
4.812500000000000000e+02 4.149441118362125351e-47
4.813750000000000000e+02 3.560280549918374231e-47
4.815000000000000000e+02 5.102709913544411013e-47
4.816250000000000000e+02 4.897865866734892725e-47
4.817500000000000000e+02 3.979805019369907574e-47
4.818750000000000000e+02 4.240318611397766455e-47
4.820000000000000000e+02 4.385856062473901330e-47
4.821250000000000000e+02 3.375702524142247728e-47
4.822500000000000000e+02 4.456709427383671721e-47
4.823750000000000000e+02 4.711893379218842100e-47
4.825000000000000000e+02 5.067991101255322161e-47
4.826250000000000000e+02 3.301490046960062140e-47
4.827500000000000000e+02 4.868322356905630279e-47
4.828750000000000000e+02 4.688762862792163412e-47
4.830000000000000000e+02 3.683237259823738512e-47
4.831250000000000000e+02 2.915911003771478323e-47
4.832500000000000000e+02 3.692592900311328429e-47
4.833750000000000000e+02 5.023862374313037804e-47
4.835000000000000000e+02 3.790949546849240175e-47
4.836250000000000000e+02 5.212157058881532870e-47
4.837500000000000000e+02 4.049192713065364081e-47
4.838750000000000000e+02 5.333234042102528314e-47
4.840000000000000000e+02 4.180637532654178341e-47
4.841250000000000000e+02 3.982595502910133272e-47
4.842500000000000000e+02 4.607952964707414339e-47
4.843750000000000000e+02 4.660478027229415627e-47
4.845000000000000000e+02 4.461406112897757596e-47
4.846250000000000000e+02 3.682860219200829989e-47
4.847500000000000000e+02 4.576740395044404202e-47
4.848750000000000000e+02 4.764678728646536834e-47
4.850000000000000000e+02 3.423240278693124603e-47
4.851250000000000000e+02 4.471815500351904915e-47
4.852500000000000000e+02 4.311709818119411476e-47
4.853750000000000000e+02 3.644191468373124221e-47
4.855000000000000000e+02 4.664276172327529514e-47
4.856250000000000000e+02 3.267429341465459067e-47
4.857500000000000000e+02 4.173490798132359070e-47
4.858750000000000000e+02 5.372510745210066706e-47
4.860000000000000000e+02 3.501918721291123199e-47
4.861250000000000000e+02 4.817070305300624161e-47
4.862500000000000000e+02 4.580339557548533765e-47
4.863750000000000000e+02 3.693396687177131815e-47
4.865000000000000000e+02 5.052957397016444211e-47
4.866250000000000000e+02 4.226353549960164895e-47
4.867500000000000000e+02 4.125079660651666909e-47
4.868750000000000000e+02 4.607319726218284466e-47
4.870000000000000000e+02 4.062628416200881056e-47
4.871250000000000000e+02 4.163538842984966201e-47
4.872500000000000000e+02 4.464871758585931290e-47
4.873750000000000000e+02 5.259941179853646988e-47
4.875000000000000000e+02 4.652817965894846414e-47
4.876250000000000000e+02 4.326743553998722003e-47
4.877500000000000000e+02 4.113471879912030154e-47
4.878750000000000000e+02 3.706316410974835589e-47
4.880000000000000000e+02 4.364718742297231795e-47
4.881250000000000000e+02 4.825720405818191756e-47
4.882500000000000000e+02 4.715501214676743383e-47
4.883750000000000000e+02 4.367200299921641649e-47
4.885000000000000000e+02 5.546829338540575614e-47
4.886250000000000000e+02 5.134045726762738033e-47
4.887500000000000000e+02 4.835732264691421805e-47
4.888750000000000000e+02 5.588538119092006495e-47
4.890000000000000000e+02 4.991381256273854112e-47
4.891250000000000000e+02 5.528373109909681978e-47
4.892500000000000000e+02 4.807213836325630953e-47
4.893750000000000000e+02 4.354156430993341969e-47
4.895000000000000000e+02 5.120972784955300856e-47
4.896250000000000000e+02 3.888150782178757634e-47
4.897500000000000000e+02 4.535178518827809030e-47
4.898750000000000000e+02 4.230228114391010082e-47
4.900000000000000000e+02 4.823932124502941899e-47
4.901250000000000000e+02 4.603366139632992206e-47
4.902500000000000000e+02 4.621009851823234370e-47
4.903750000000000000e+02 3.898752539155777207e-47
4.905000000000000000e+02 3.636648532696824928e-47
4.906250000000000000e+02 4.248979651895319098e-47
4.907500000000000000e+02 4.545036983878636235e-47
4.908750000000000000e+02 4.025707575677844812e-47
4.910000000000000000e+02 5.042702761270049405e-47
4.911250000000000000e+02 4.295929042978004487e-47
4.912500000000000000e+02 5.239284267416902594e-47
4.913750000000000000e+02 4.791134773367027365e-47
4.915000000000000000e+02 5.067346655572818591e-47
4.916250000000000000e+02 4.571693668604133298e-47
4.917500000000000000e+02 3.437410057724524624e-47
4.918750000000000000e+02 5.016101136790919751e-47
4.920000000000000000e+02 4.550397397869540669e-47
4.921250000000000000e+02 4.408163872739050658e-47
4.922500000000000000e+02 4.591636907851968034e-47
4.923750000000000000e+02 3.870742811597281296e-47
4.925000000000000000e+02 3.576055856413379262e-47
4.926250000000000000e+02 3.770907858948147788e-47
4.927500000000000000e+02 3.741789034501065289e-47
4.928750000000000000e+02 4.720572929375796467e-47
4.930000000000000000e+02 3.849195031422159531e-47
4.931250000000000000e+02 3.950230703303980476e-47
4.932500000000000000e+02 3.588100116587555195e-47
4.933750000000000000e+02 4.037525029943353578e-47
4.935000000000000000e+02 4.176097775660779870e-47
4.936250000000000000e+02 4.717466931480047623e-47
4.937500000000000000e+02 3.684043204559005705e-47
4.938750000000000000e+02 5.003480970465126266e-47
4.940000000000000000e+02 4.631446250404885801e-47
4.941250000000000000e+02 4.056614148566813252e-47
4.942500000000000000e+02 4.067565272539849586e-47
4.943750000000000000e+02 3.232562721482804452e-47
4.945000000000000000e+02 3.713058596659502745e-47
4.946250000000000000e+02 3.819776381390158099e-47
4.947500000000000000e+02 4.122027044392172782e-47
4.948750000000000000e+02 3.473356451998650601e-47
4.950000000000000000e+02 4.586855576396802816e-47
4.951250000000000000e+02 4.141942491265281039e-47
4.952500000000000000e+02 4.082386075208408023e-47
4.953750000000000000e+02 3.869166911458326280e-47
4.955000000000000000e+02 4.318769541801513910e-47
4.956250000000000000e+02 4.918249419559170853e-47
4.957500000000000000e+02 6.012450461491612499e-47
4.958750000000000000e+02 3.968097180854792133e-47
4.960000000000000000e+02 4.198989840074321649e-47
4.961250000000000000e+02 4.377367440182245773e-47
4.962500000000000000e+02 3.385809020981127848e-47
4.963750000000000000e+02 3.746492674632777402e-47
4.965000000000000000e+02 4.491923384358587023e-47
4.966250000000000000e+02 4.538797883525765220e-47
4.967500000000000000e+02 4.327074364821944136e-47
4.968750000000000000e+02 3.582712297765811148e-47
4.970000000000000000e+02 4.083408144250938487e-47
4.971250000000000000e+02 4.038582958968602086e-47
4.972500000000000000e+02 4.285877989353256160e-47
4.973750000000000000e+02 4.299739041955781250e-47
4.975000000000000000e+02 4.374777661089982009e-47
4.976250000000000000e+02 3.821241940443074203e-47
4.977500000000000000e+02 4.947124126099819874e-47
4.978750000000000000e+02 3.960822929757142777e-47
4.980000000000000000e+02 3.889419807011993378e-47
4.981250000000000000e+02 4.128600662311805024e-47
4.982500000000000000e+02 4.327674836173980097e-47
4.983750000000000000e+02 4.751059849377392681e-47
4.985000000000000000e+02 4.218541882930063777e-47
4.986250000000000000e+02 3.909643689655982171e-47
4.987500000000000000e+02 4.703545688275053197e-47
4.988750000000000000e+02 4.467495796770425204e-47
4.990000000000000000e+02 4.574464181870996584e-47
4.991250000000000000e+02 4.859051237167959410e-47
4.992500000000000000e+02 4.736431588672927604e-47
4.993750000000000000e+02 4.642032893725222899e-47
4.995000000000000000e+02 4.654694324878136487e-47
4.996250000000000000e+02 5.311195706232729350e-47
4.997500000000000000e+02 5.005375064314269952e-47
4.998750000000000000e+02 4.477446595056645778e-47
5.000000000000000000e+02 5.113307643188832500e-47
5.001250000000000000e+02 4.482988407465298704e-47
5.002500000000000000e+02 4.455925842677651664e-47
5.003750000000000000e+02 5.362616833114630306e-47
5.005000000000000000e+02 1.016572145541102190e-46
5.006250000000000000e+02 1.703186088840048796e-46
5.007500000000000000e+02 4.120572834241619465e-46
5.008750000000000000e+02 5.451725243103803153e-46
5.010000000000000000e+02 1.609828652711671399e-45
5.011250000000000000e+02 4.896562440605799700e-45
5.012500000000000000e+02 8.154595991450015690e-45
5.013750000000000000e+02 1.764959049296303529e-44
5.015000000000000000e+02 4.303691864957940381e-44
5.016250000000000000e+02 4.587985048526889048e-43
5.017500000000000000e+02 1.898402351591722024e-42
5.018750000000000000e+02 8.997851708933048514e-44
5.020000000000000000e+02 3.703194373938154811e-44
5.021250000000000000e+02 2.380630433459979163e-44
5.022500000000000000e+02 9.507215228296397038e-45
5.023750000000000000e+02 3.492035077876688115e-45
5.025000000000000000e+02 1.071103463996667701e-45
5.026250000000000000e+02 4.878122718996391128e-46
5.027500000000000000e+02 3.367809846448966065e-46
5.028750000000000000e+02 1.698645118619265780e-45
5.030000000000000000e+02 1.424946934198172236e-45
5.031250000000000000e+02 8.189381690928871791e-45
5.032500000000000000e+02 1.074549908623220836e-44
5.033750000000000000e+02 6.369981464578375802e-46
5.035000000000000000e+02 1.263889670423101649e-46
5.036250000000000000e+02 2.925459499248390166e-46
5.037500000000000000e+02 1.018556073699692141e-45
5.038750000000000000e+02 9.154217481762849979e-47
5.040000000000000000e+02 2.548598256881845026e-46
5.041250000000000000e+02 1.357872725879731502e-45
5.042500000000000000e+02 2.252159160562071850e-45
5.043750000000000000e+02 4.227896227206150451e-45
5.045000000000000000e+02 8.000664785665089165e-45
5.046250000000000000e+02 2.274607266234842616e-44
5.047500000000000000e+02 5.264725329597753761e-44
5.048750000000000000e+02 7.789625291949726818e-43
5.050000000000000000e+02 4.456498502692678440e-44
5.051250000000000000e+02 1.996487047439103178e-44
5.052500000000000000e+02 1.035143598335594247e-44
5.053750000000000000e+02 4.271630559138352956e-45
5.055000000000000000e+02 1.371151132271912090e-45
5.056250000000000000e+02 3.082000798542911894e-46
5.057500000000000000e+02 5.351171866896103688e-47
5.058750000000000000e+02 5.247337315029220396e-47
5.060000000000000000e+02 5.228463557754587679e-47
5.061250000000000000e+02 5.263093566204150321e-47
5.062500000000000000e+02 4.726588398636658681e-47
5.063750000000000000e+02 4.088220672587603669e-47
5.065000000000000000e+02 3.994980789353044637e-47
5.066250000000000000e+02 4.741877837454966700e-47
5.067500000000000000e+02 4.771904192323139182e-47
5.068750000000000000e+02 8.953405697470070751e-47
5.070000000000000000e+02 1.593004323440750913e-46
5.071250000000000000e+02 3.072509049320955049e-46
5.072500000000000000e+02 6.841340197183981735e-46
5.073750000000000000e+02 9.049452936838530466e-45
5.075000000000000000e+02 3.052683492317835846e-46
5.076250000000000000e+02 9.328482365176211116e-47
5.077500000000000000e+02 1.219680706483029003e-46
5.078750000000000000e+02 9.303771900926958934e-47
5.080000000000000000e+02 7.262160513475684628e-47
5.081250000000000000e+02 8.140825540425941493e-47
5.082500000000000000e+02 6.726038096191885006e-47
5.083750000000000000e+02 5.257271584461896207e-47
5.085000000000000000e+02 9.012429685403100303e-47
5.086250000000000000e+02 4.419668807973005932e-46
5.087500000000000000e+02 2.208156448196795541e-45
5.088750000000000000e+02 2.523342444791202196e-44
5.090000000000000000e+02 2.666322806049452596e-44
5.091250000000000000e+02 1.880572393558963831e-45
5.092500000000000000e+02 2.705591839167366118e-46
5.093750000000000000e+02 1.448688045212991195e-46
5.095000000000000000e+02 6.373046503211297224e-46
5.096250000000000000e+02 1.789789007719774012e-45
5.097500000000000000e+02 2.278695125284567363e-45
5.098750000000000000e+02 1.400002963716832848e-45
5.100000000000000000e+02 5.063311544752319989e-46
5.101250000000000000e+02 1.291755139006534082e-44
5.102500000000000000e+02 7.208385521686110163e-44
5.103750000000000000e+02 2.510695591460505031e-43
5.105000000000000000e+02 7.564699644617395414e-43
5.106250000000000000e+02 3.669121290605502250e-42
5.107500000000000000e+02 1.691440332542681620e-41
5.108750000000000000e+02 1.586193638948185206e-43
5.110000000000000000e+02 8.642453494957997639e-45
5.111250000000000000e+02 3.865348025483010874e-44
5.112500000000000000e+02 4.910512738194481475e-44
5.113750000000000000e+02 3.450302021454912377e-44
5.115000000000000000e+02 2.052590438010751482e-44
5.116250000000000000e+02 6.842790083401087186e-45
5.117500000000000000e+02 1.470636381876828898e-45
5.118750000000000000e+02 1.807177496114612479e-46
5.120000000000000000e+02 4.553563441056010099e-47
5.121250000000000000e+02 4.919670251781794968e-47
5.122500000000000000e+02 5.209361063885072274e-47
5.123750000000000000e+02 7.970593344738348517e-47
5.125000000000000000e+02 2.376765233414880130e-46
5.126250000000000000e+02 5.700746023270232543e-46
5.127500000000000000e+02 1.527024840728985452e-45
5.128750000000000000e+02 2.846864478646628385e-45
5.130000000000000000e+02 4.004375216400141908e-45
5.131250000000000000e+02 4.583177670696603131e-45
5.132500000000000000e+02 8.017991082799740025e-45
5.133750000000000000e+02 3.647249565617412086e-43
5.135000000000000000e+02 7.917161116678070870e-43
5.136250000000000000e+02 6.330665258799434373e-44
5.137500000000000000e+02 2.393267750391558298e-44
5.138750000000000000e+02 1.014959447275949597e-44
5.140000000000000000e+02 3.832286426352078501e-45
5.141250000000000000e+02 1.297700241545389510e-45
5.142500000000000000e+02 2.637617763037443620e-46
5.143750000000000000e+02 8.975962346464833923e-47
5.145000000000000000e+02 9.400625083475276953e-47
5.146250000000000000e+02 5.973329791276369938e-47
5.147500000000000000e+02 6.110310499219033246e-47
5.148750000000000000e+02 3.746657615100700652e-47
5.150000000000000000e+02 5.553870950604619379e-47
5.151250000000000000e+02 4.461377242709216923e-47
5.152500000000000000e+02 5.569785249168430546e-47
5.153750000000000000e+02 3.924254537215564169e-47
5.155000000000000000e+02 3.747462147146932584e-47
5.156250000000000000e+02 4.989988287068024943e-47
5.157500000000000000e+02 9.974997131106031845e-47
5.158750000000000000e+02 3.269893000183476278e-46
5.160000000000000000e+02 7.110637101472165804e-46
5.161250000000000000e+02 1.424442434386420104e-45
5.162500000000000000e+02 1.992247020133229788e-45
5.163750000000000000e+02 1.565559616305350403e-45
5.165000000000000000e+02 2.089602623437477245e-46
5.166250000000000000e+02 6.454650282926471274e-45
5.167500000000000000e+02 6.358487587413948479e-43
5.168750000000000000e+02 1.379182387153897100e-43
5.170000000000000000e+02 2.980380557213397095e-44
5.171250000000000000e+02 9.426752823220952188e-45
5.172500000000000000e+02 2.895203041581276774e-45
5.173750000000000000e+02 5.279739190966166392e-46
5.175000000000000000e+02 4.340014521877926050e-47
5.176250000000000000e+02 7.955582581302869042e-47
5.177500000000000000e+02 1.126012540829299866e-46
5.178750000000000000e+02 9.575140248380157781e-47
5.180000000000000000e+02 5.002337555511696679e-47
5.181250000000000000e+02 4.623534910293830715e-47
5.182500000000000000e+02 5.051659938143447575e-47
5.183750000000000000e+02 4.137673247031177169e-47
5.185000000000000000e+02 4.290550104479955799e-47
5.186250000000000000e+02 4.205065537205271162e-47
5.187500000000000000e+02 4.271084752713376637e-47
5.188750000000000000e+02 5.419700123560411127e-47
5.190000000000000000e+02 4.071588864917571332e-47
5.191250000000000000e+02 4.190832661800183412e-47
5.192500000000000000e+02 4.579439968228795256e-47
5.193750000000000000e+02 4.716101087204644815e-47
5.195000000000000000e+02 3.936777995919649781e-47
5.196250000000000000e+02 4.689049493886257387e-47
5.197500000000000000e+02 3.894101764261191885e-47
5.198750000000000000e+02 4.748924331396681031e-47
5.200000000000000000e+02 3.859413813963507464e-47
5.201250000000000000e+02 3.961384597535494113e-47
5.202500000000000000e+02 4.900074195827376588e-47
5.203750000000000000e+02 5.091044633583923708e-47
5.205000000000000000e+02 4.908951563543361185e-47
5.206250000000000000e+02 4.586913894711614793e-47
5.207500000000000000e+02 5.320178897234358247e-47
5.208750000000000000e+02 4.133591974420804039e-47
5.210000000000000000e+02 4.003393607226982711e-47
5.211250000000000000e+02 4.966994294020236993e-47
5.212500000000000000e+02 3.455469237190250092e-47
5.213750000000000000e+02 4.115699497783302981e-47
5.215000000000000000e+02 4.086250527840164979e-47
5.216250000000000000e+02 3.723555111908064561e-47
5.217500000000000000e+02 4.626762227922361455e-47
5.218750000000000000e+02 4.900137357411754086e-47
5.220000000000000000e+02 4.724411549377725403e-47
5.221250000000000000e+02 3.780900125263066309e-47
5.222500000000000000e+02 3.615648001356548790e-47
5.223750000000000000e+02 4.556702722064157950e-47
5.225000000000000000e+02 3.369106395732383176e-47
5.226250000000000000e+02 5.773176002142970295e-47
5.227500000000000000e+02 5.675559707010648120e-47
5.228750000000000000e+02 3.573143773583792166e-47
5.230000000000000000e+02 4.343336266840488943e-47
5.231250000000000000e+02 5.391808972414091698e-47
5.232500000000000000e+02 4.535795903728525590e-47
5.233750000000000000e+02 3.994225715757919087e-47
5.235000000000000000e+02 4.718758317543894785e-47
5.236250000000000000e+02 3.927282441116259486e-47
5.237500000000000000e+02 4.181025535389659414e-47
5.238750000000000000e+02 3.981116063325898809e-47
5.240000000000000000e+02 4.694207457036942500e-47
5.241250000000000000e+02 4.389689967881607185e-47
5.242500000000000000e+02 4.743824028152562727e-47
5.243750000000000000e+02 2.986102040440425217e-47
5.245000000000000000e+02 3.954396737204553287e-47
5.246250000000000000e+02 5.321943792171141765e-47
5.247500000000000000e+02 4.232700156675306694e-47
5.248750000000000000e+02 4.562169419365369048e-47
5.250000000000000000e+02 4.159147331836212683e-47
5.251250000000000000e+02 4.407847503313702187e-47
5.252500000000000000e+02 4.302345458165846601e-47
5.253750000000000000e+02 4.270036650088197372e-47
5.255000000000000000e+02 4.454931867700571896e-47
5.256250000000000000e+02 4.741097338899406578e-47
5.257500000000000000e+02 4.193317689110802883e-47
5.258750000000000000e+02 4.091963507972370931e-47
5.260000000000000000e+02 4.894881413365018906e-47
5.261250000000000000e+02 4.419020131764185223e-47
5.262500000000000000e+02 4.475359270182281702e-47
5.263750000000000000e+02 4.147104208185795666e-47
5.265000000000000000e+02 4.800007281262874472e-47
5.266250000000000000e+02 4.648273525108030228e-47
5.267500000000000000e+02 4.378493912875688803e-47
5.268750000000000000e+02 4.917068186206710814e-47
5.270000000000000000e+02 4.079611863464978554e-47
5.271250000000000000e+02 4.941412288794788015e-47
5.272500000000000000e+02 4.690144428458538794e-47
5.273750000000000000e+02 4.118355311600505881e-47
5.275000000000000000e+02 3.963030307219142584e-47
5.276250000000000000e+02 3.397473202196105179e-47
5.277500000000000000e+02 4.784187921695109066e-47
5.278750000000000000e+02 4.021113884000399474e-47
5.280000000000000000e+02 4.077222434980735893e-47
5.281250000000000000e+02 4.742344160707480801e-47
5.282500000000000000e+02 4.787236656762400361e-47
5.283750000000000000e+02 4.933641311968526260e-47
5.285000000000000000e+02 4.926375886321728065e-47
5.286250000000000000e+02 5.206306175023266495e-47
5.287500000000000000e+02 4.052068136985803091e-47
5.288750000000000000e+02 3.886736724671447191e-47
5.290000000000000000e+02 4.166723946877361271e-47
5.291250000000000000e+02 5.449670318884587669e-47
5.292500000000000000e+02 3.992835697904568397e-47
5.293750000000000000e+02 3.908779233434337121e-47
5.295000000000000000e+02 4.975746208719128241e-47
5.296250000000000000e+02 3.729051629697209575e-47
5.297500000000000000e+02 4.983171337455242585e-47
5.298750000000000000e+02 3.778730574196725064e-47
5.300000000000000000e+02 4.831504146027327274e-47
5.301250000000000000e+02 4.215249843265499192e-47
5.302500000000000000e+02 4.056007851312430350e-47
5.303750000000000000e+02 5.410207730300919117e-47
5.305000000000000000e+02 3.990181386300482199e-47
5.306250000000000000e+02 4.758586128486105058e-47
5.307500000000000000e+02 4.100279013220591893e-47
5.308750000000000000e+02 3.910749283984326578e-47
5.310000000000000000e+02 4.302115717463091558e-47
5.311250000000000000e+02 4.177767812049465467e-47
5.312500000000000000e+02 4.643919686912815117e-47
5.313750000000000000e+02 4.362549151042737619e-47
5.315000000000000000e+02 4.835174555227808535e-47
5.316250000000000000e+02 4.026502075066461943e-47
5.317500000000000000e+02 4.285075654282215524e-47
5.318750000000000000e+02 5.389505723528559148e-47
5.320000000000000000e+02 4.581845670272710333e-47
5.321250000000000000e+02 5.690600323875630806e-47
5.322500000000000000e+02 4.470965505675663264e-47
5.323750000000000000e+02 3.572834173684570158e-47
5.325000000000000000e+02 4.588314374200564003e-47
5.326250000000000000e+02 4.572224183325521089e-47
5.327500000000000000e+02 5.229002896330341719e-47
5.328750000000000000e+02 4.965070068790823710e-47
5.330000000000000000e+02 4.683184826240266156e-47
5.331250000000000000e+02 4.726574046695628724e-47
5.332500000000000000e+02 4.324314227559562658e-47
5.333750000000000000e+02 4.165268926307009707e-47
5.335000000000000000e+02 4.556618616654601807e-47
5.336250000000000000e+02 4.777037738445529091e-47
5.337500000000000000e+02 4.041522015435895210e-47
5.338750000000000000e+02 4.205230716793842392e-47
5.340000000000000000e+02 4.120971626428813964e-47
5.341250000000000000e+02 4.384024520656823216e-47
5.342500000000000000e+02 4.793229953221523395e-47
5.343750000000000000e+02 4.360263660383971192e-47
5.345000000000000000e+02 5.149032202420304416e-47
5.346250000000000000e+02 4.456503098824809318e-47
5.347500000000000000e+02 3.787562565409348070e-47
5.348750000000000000e+02 4.271995935975693742e-47
5.350000000000000000e+02 5.326917857386437732e-47
5.351250000000000000e+02 4.070827326353656076e-47
5.352500000000000000e+02 4.194550698638508463e-47
5.353750000000000000e+02 3.437031420651002634e-47
5.355000000000000000e+02 3.703069418410356021e-47
5.356250000000000000e+02 4.085824813797258893e-47
5.357500000000000000e+02 5.358734990357970514e-47
5.358750000000000000e+02 4.774110017930421214e-47
5.360000000000000000e+02 3.527647301593877733e-47
5.361250000000000000e+02 5.002701496807394896e-47
5.362500000000000000e+02 4.526129793681875390e-47
5.363750000000000000e+02 4.905654295230187320e-47
5.365000000000000000e+02 3.848887002355701066e-47
5.366250000000000000e+02 3.948435863239582960e-47
5.367500000000000000e+02 3.429318036317938393e-47
5.368750000000000000e+02 4.852253921533362440e-47
5.370000000000000000e+02 6.638876790210684942e-47
5.371250000000000000e+02 5.493578736105587897e-47
5.372500000000000000e+02 4.791678343101107780e-47
5.373750000000000000e+02 3.606875808572016065e-47
5.375000000000000000e+02 4.799883545546711484e-47
5.376250000000000000e+02 5.092203538947761574e-47
5.377500000000000000e+02 4.721585486974872846e-47
5.378750000000000000e+02 4.767436367277320784e-47
5.380000000000000000e+02 4.354783655215894718e-47
5.381250000000000000e+02 4.695619880165238414e-47
5.382500000000000000e+02 3.823980760340007904e-47
5.383750000000000000e+02 4.251903536263674834e-47
5.385000000000000000e+02 4.256334641775833864e-47
5.386250000000000000e+02 6.280951704310412045e-47
5.387500000000000000e+02 4.911537026364838096e-47
5.388750000000000000e+02 4.528002168471067409e-47
5.390000000000000000e+02 4.799604071905208690e-47
5.391250000000000000e+02 5.040365877452951487e-47
5.392500000000000000e+02 4.846931879521428147e-47
5.393750000000000000e+02 5.292995122265043466e-47
5.395000000000000000e+02 3.698536356767091089e-47
5.396250000000000000e+02 4.545886709003026433e-47
5.397500000000000000e+02 4.729359474613547826e-47
5.398750000000000000e+02 7.977256180883098408e-47
5.400000000000000000e+02 1.337461852964324918e-46
5.401250000000000000e+02 7.911492852542684689e-47
5.402500000000000000e+02 3.559126387888885743e-47
5.403750000000000000e+02 3.957780426228060706e-47
5.405000000000000000e+02 5.155045332918486893e-47
5.406250000000000000e+02 6.088411639343184265e-47
5.407500000000000000e+02 4.167743876261325653e-47
5.408750000000000000e+02 4.409661918771841085e-47
5.410000000000000000e+02 3.960671839355498712e-47
5.411250000000000000e+02 4.856065158222486849e-47
5.412500000000000000e+02 4.060033081706096571e-47
5.413750000000000000e+02 4.151644661333577486e-47
5.415000000000000000e+02 5.907763022355006715e-47
5.416250000000000000e+02 3.486951104059298838e-47
5.417500000000000000e+02 4.398877748623148109e-47
5.418750000000000000e+02 4.619697401743365990e-47
5.420000000000000000e+02 4.024126257562810221e-47
5.421250000000000000e+02 4.424664957078984304e-47
5.422500000000000000e+02 4.546810640336186289e-47
5.423750000000000000e+02 4.126627652951212741e-47
5.425000000000000000e+02 4.449374752645084255e-47
5.426250000000000000e+02 4.483445442006156799e-47
5.427500000000000000e+02 4.599913951324121581e-47
5.428750000000000000e+02 4.705601709829117355e-47
5.430000000000000000e+02 4.028898256732040115e-47
5.431250000000000000e+02 5.625602390165234724e-47
5.432500000000000000e+02 5.585499499103411728e-47
5.433750000000000000e+02 4.954981689905335183e-47
5.435000000000000000e+02 5.248756749376649960e-47
5.436250000000000000e+02 5.496994589602229661e-47
5.437500000000000000e+02 4.667939497970568810e-47
5.438750000000000000e+02 4.475752443872466329e-47
5.440000000000000000e+02 4.052970905026105532e-47
5.441250000000000000e+02 3.762852334235862402e-47
5.442500000000000000e+02 4.847440793247998722e-47
5.443750000000000000e+02 4.479019154639717224e-47
5.445000000000000000e+02 5.028665273699040343e-47
5.446250000000000000e+02 5.113075412489516967e-47
5.447500000000000000e+02 4.337985844794177824e-47
5.448750000000000000e+02 4.251824687212157639e-47
5.450000000000000000e+02 5.623273044250217000e-47
5.451250000000000000e+02 4.119184586783318779e-47
5.452500000000000000e+02 3.764108911081990929e-47
5.453750000000000000e+02 4.843891215102921209e-47
5.455000000000000000e+02 4.058098680761218083e-47
5.456250000000000000e+02 4.506006806434302076e-47
5.457500000000000000e+02 4.296339800808564821e-47
5.458750000000000000e+02 5.214004759477366654e-47
5.460000000000000000e+02 4.131767475713288178e-47
5.461250000000000000e+02 4.703694625547397050e-47
5.462500000000000000e+02 5.660935287103563689e-47
5.463750000000000000e+02 3.640417623946053808e-47
5.465000000000000000e+02 4.587113193844712474e-47
5.466250000000000000e+02 4.637188312734566493e-47
5.467500000000000000e+02 4.867942290010832418e-47
5.468750000000000000e+02 5.051246987661582117e-47
5.470000000000000000e+02 4.576220976706572908e-47
5.471250000000000000e+02 4.217834080319585167e-47
5.472500000000000000e+02 4.230274410593916270e-47
5.473750000000000000e+02 4.670248365738043718e-47
5.475000000000000000e+02 4.557192194177327661e-47
5.476250000000000000e+02 4.106014810108267135e-47
5.477500000000000000e+02 4.331217839765761439e-47
5.478750000000000000e+02 5.328657474125313785e-47
5.480000000000000000e+02 3.767421386305994829e-47
5.481250000000000000e+02 4.784817872527734111e-47
5.482500000000000000e+02 5.446175670314972618e-47
5.483750000000000000e+02 4.183509932626403375e-47
5.485000000000000000e+02 4.618943053168331993e-47
5.486250000000000000e+02 5.283999682275210725e-47
5.487500000000000000e+02 5.415778461615522609e-47
5.488750000000000000e+02 5.401265988341383323e-47
5.490000000000000000e+02 5.940327830590434766e-47
5.491250000000000000e+02 4.783691756434499928e-47
5.492500000000000000e+02 5.236955759671249192e-47
5.493750000000000000e+02 5.884138962820587930e-47
5.495000000000000000e+02 5.066642407370264029e-47
5.496250000000000000e+02 5.042461034237912140e-47
5.497500000000000000e+02 4.555514116380908534e-47
5.498750000000000000e+02 4.514093751981327276e-47
5.500000000000000000e+02 4.429190516841323366e-47
5.501250000000000000e+02 4.319559114755536416e-47
5.502500000000000000e+02 3.770929655978570596e-47
5.503750000000000000e+02 5.919203191035366893e-47
5.505000000000000000e+02 5.737169797305096856e-47
5.506250000000000000e+02 5.271807605239641730e-47
5.507500000000000000e+02 4.593083566386321595e-47
5.508750000000000000e+02 5.103690655128746948e-47
5.510000000000000000e+02 4.623305187080922341e-47
5.511250000000000000e+02 4.975191255935574846e-47
5.512500000000000000e+02 4.253125490348079780e-47
5.513750000000000000e+02 4.072686909773986580e-47
5.515000000000000000e+02 4.758292582661044355e-47
5.516250000000000000e+02 6.088181512664492313e-47
5.517500000000000000e+02 5.508261971061653507e-47
5.518750000000000000e+02 5.147115479154128534e-47
5.520000000000000000e+02 4.346446868137062840e-47
5.521250000000000000e+02 5.637968502724254717e-47
5.522500000000000000e+02 5.138522462274776391e-47
5.523750000000000000e+02 5.206424955151754129e-47
5.525000000000000000e+02 7.279723384372304515e-47
5.526250000000000000e+02 4.526751327421697637e-47
5.527500000000000000e+02 5.252255185026984219e-47
5.528750000000000000e+02 5.438852764041693523e-47
5.530000000000000000e+02 5.264803438112876721e-47
5.531250000000000000e+02 6.488811018108976707e-47
5.532500000000000000e+02 9.528138160607723466e-47
5.533750000000000000e+02 8.915915585490911553e-47
5.535000000000000000e+02 9.262925112881013848e-47
5.536250000000000000e+02 8.837505733742182132e-47
5.537500000000000000e+02 7.243707843634387257e-47
5.538750000000000000e+02 5.941098201080896162e-47
5.540000000000000000e+02 5.379023730056045707e-47
5.541250000000000000e+02 5.693196428982136515e-47
5.542500000000000000e+02 4.948592009826129911e-47
5.543750000000000000e+02 5.375219605926628731e-47
5.545000000000000000e+02 5.191078997756377809e-47
5.546250000000000000e+02 7.484216078696095993e-47
5.547500000000000000e+02 6.303721809893904333e-47
5.548750000000000000e+02 6.270476250226932639e-47
5.550000000000000000e+02 6.238649923063804405e-47
5.551250000000000000e+02 8.167864468167413152e-47
5.552500000000000000e+02 6.676410726515634520e-47
5.553750000000000000e+02 1.001881353930451361e-46
5.555000000000000000e+02 8.662541617473573057e-47
5.556250000000000000e+02 1.039282987603093769e-46
5.557500000000000000e+02 1.028987966286598943e-46
5.558750000000000000e+02 8.116806858785181106e-47
5.560000000000000000e+02 8.158295492407741897e-47
5.561250000000000000e+02 8.056979698916822774e-47
5.562500000000000000e+02 1.111329090974704886e-46
5.563750000000000000e+02 1.116064098204837161e-46
5.565000000000000000e+02 6.851798793128562346e-47
5.566250000000000000e+02 1.136966110361983577e-46
5.567500000000000000e+02 7.766965330439429349e-47
5.568750000000000000e+02 5.900918013600112734e-47
5.570000000000000000e+02 9.053014504549302589e-47
5.571250000000000000e+02 1.025539884094496563e-46
5.572500000000000000e+02 7.625556541414123087e-47
5.573750000000000000e+02 7.791288681645727584e-47
5.575000000000000000e+02 6.829361512035743951e-47
5.576250000000000000e+02 6.199802827548354624e-47
5.577500000000000000e+02 7.051328846323431099e-47
5.578750000000000000e+02 5.640936138668804689e-47
5.580000000000000000e+02 5.468019295022279761e-47
5.581250000000000000e+02 8.338288126498939299e-47
5.582500000000000000e+02 6.671447935975277043e-47
5.583750000000000000e+02 6.446356384524313766e-47
5.585000000000000000e+02 7.847108185073053819e-47
5.586250000000000000e+02 7.007452349416284215e-47
5.587500000000000000e+02 5.666374827757966378e-47
5.588750000000000000e+02 5.521933232259125054e-47
5.590000000000000000e+02 5.689274714075130080e-47
5.591250000000000000e+02 5.815319981864387681e-47
5.592500000000000000e+02 6.068909359253552796e-47
5.593750000000000000e+02 7.270206378356340817e-47
5.595000000000000000e+02 5.119052905948299283e-47
5.596250000000000000e+02 5.376924884048615150e-47
5.597500000000000000e+02 5.848293088608531957e-47
5.598750000000000000e+02 4.668031898565606433e-47
5.600000000000000000e+02 6.338598338983210190e-47
5.601250000000000000e+02 5.851146027831833068e-47
5.602500000000000000e+02 5.118677568955844245e-47
5.603750000000000000e+02 5.473929645951354435e-47
5.605000000000000000e+02 4.925800512074934541e-47
5.606250000000000000e+02 5.246747743190912915e-47
5.607500000000000000e+02 4.275178753456857642e-47
5.608750000000000000e+02 5.271280222435717352e-47
5.610000000000000000e+02 5.050201854725636138e-47
5.611250000000000000e+02 6.335059980811213066e-47
5.612500000000000000e+02 4.838944700234361566e-47
5.613750000000000000e+02 5.376348417679105099e-47
5.615000000000000000e+02 5.555353827018803926e-47
5.616250000000000000e+02 5.475694735756215937e-47
5.617500000000000000e+02 4.472794017097530734e-47
5.618750000000000000e+02 5.399064854219550938e-47
5.620000000000000000e+02 4.829218180331616998e-47
5.621250000000000000e+02 4.225364879412792578e-47
5.622500000000000000e+02 5.725200184583805749e-47
5.623750000000000000e+02 4.595703032916350907e-47
5.625000000000000000e+02 5.392241759216941850e-47
5.626250000000000000e+02 4.835887647209976380e-47
5.627500000000000000e+02 4.563008821863049508e-47
5.628750000000000000e+02 4.725023698829240883e-47
5.630000000000000000e+02 5.555529581303034660e-47
5.631250000000000000e+02 3.687215197799802507e-47
5.632500000000000000e+02 4.641341127443613872e-47
5.633750000000000000e+02 4.363869010421808821e-47
5.635000000000000000e+02 5.050984322437464096e-47
5.636250000000000000e+02 4.980704988993362152e-47
5.637500000000000000e+02 4.307994805189486229e-47
5.638750000000000000e+02 5.186506398341801497e-47
5.640000000000000000e+02 3.941860235672676703e-47
5.641250000000000000e+02 4.890396963512104176e-47
5.642500000000000000e+02 4.663724519662741904e-47
5.643750000000000000e+02 4.448361635051260551e-47
5.645000000000000000e+02 5.935089885085694885e-47
5.646250000000000000e+02 4.109380232357041743e-47
5.647500000000000000e+02 5.093674450517128401e-47
5.648750000000000000e+02 4.681092606287170295e-47
5.650000000000000000e+02 4.809756487952746736e-47
5.651250000000000000e+02 4.884248572502172564e-47
5.652500000000000000e+02 4.260762784802139961e-47
5.653750000000000000e+02 5.652919260165715711e-47
5.655000000000000000e+02 4.865412749586244766e-47
5.656250000000000000e+02 6.109336636733783144e-47
5.657500000000000000e+02 4.801275143041077469e-47
5.658750000000000000e+02 5.980850190444962458e-47
5.660000000000000000e+02 4.024771025379790564e-47
5.661250000000000000e+02 5.069583943005834779e-47
5.662500000000000000e+02 4.435458713194584402e-47
5.663750000000000000e+02 4.985154923783573647e-47
5.665000000000000000e+02 5.112736641790388733e-47
5.666250000000000000e+02 4.469207883828162151e-47
5.667500000000000000e+02 4.839971640120456418e-47
5.668750000000000000e+02 4.500850527186866986e-47
5.670000000000000000e+02 6.527793334217572598e-47
5.671250000000000000e+02 6.054785960799783410e-47
5.672500000000000000e+02 4.649999577454539033e-47
5.673750000000000000e+02 5.475313959321630778e-47
5.675000000000000000e+02 5.037936867811060482e-47
5.676250000000000000e+02 5.087484971064562471e-47
5.677500000000000000e+02 5.440986888349777166e-47
5.678750000000000000e+02 6.032705849371699571e-47
5.680000000000000000e+02 4.626975060980281961e-47
5.681250000000000000e+02 4.408754059189551280e-47
5.682500000000000000e+02 5.789753029949016631e-47
5.683750000000000000e+02 3.747295864431252090e-47
5.685000000000000000e+02 5.107450417454800926e-47
5.686250000000000000e+02 4.432516173514993324e-47
5.687500000000000000e+02 5.228000062682025615e-47
5.688750000000000000e+02 4.372077697294646767e-47
5.690000000000000000e+02 4.126130417833615504e-47
5.691250000000000000e+02 5.497271025560277030e-47
5.692500000000000000e+02 4.903570812814833564e-47
5.693750000000000000e+02 5.701650626497570841e-47
5.695000000000000000e+02 5.258978501418816265e-47
5.696250000000000000e+02 5.664367614446664882e-47
5.697500000000000000e+02 4.943911616947266173e-47
5.698750000000000000e+02 5.831110973376757852e-47
5.700000000000000000e+02 5.011553358064687256e-47
5.701250000000000000e+02 6.085944058146961909e-47
5.702500000000000000e+02 4.795577175093428584e-47
5.703750000000000000e+02 5.817118413626092691e-47
5.705000000000000000e+02 6.236913487520983452e-47
5.706250000000000000e+02 5.255023490618644275e-47
5.707500000000000000e+02 4.373123721062097938e-47
5.708750000000000000e+02 4.990029740342505473e-47
5.710000000000000000e+02 5.338940835682518225e-47
5.711250000000000000e+02 5.336994834335816800e-47
5.712500000000000000e+02 5.208534904322283635e-47
5.713750000000000000e+02 5.261901681192292795e-47
5.715000000000000000e+02 4.535084716495569685e-47
5.716250000000000000e+02 5.099621713133770369e-47
5.717500000000000000e+02 4.230986735348645222e-47
5.718750000000000000e+02 5.079237085438199220e-47
5.720000000000000000e+02 5.240849136409730399e-47
5.721250000000000000e+02 4.316895084978851028e-47
5.722500000000000000e+02 4.087873405385777223e-47
5.723750000000000000e+02 4.431835585423580466e-47
5.725000000000000000e+02 4.415644342536978314e-47
5.726250000000000000e+02 5.193449773643538657e-47
5.727500000000000000e+02 5.954795991761415917e-47
5.728750000000000000e+02 5.155453810982694402e-47
5.730000000000000000e+02 3.250929450585740686e-47
5.731250000000000000e+02 4.756862691765340983e-47
5.732500000000000000e+02 5.249899708533831604e-47
5.733750000000000000e+02 3.863715686876350581e-47
5.735000000000000000e+02 5.827781840203923094e-47
5.736250000000000000e+02 5.729476120653612782e-47
5.737500000000000000e+02 5.085925188331662639e-47
5.738750000000000000e+02 6.918557095371013098e-47
5.740000000000000000e+02 6.961716448199542612e-47
5.741250000000000000e+02 8.977570565868968110e-47
5.742500000000000000e+02 7.525944762764474963e-47
5.743750000000000000e+02 7.804241794641316196e-47
5.745000000000000000e+02 1.176998942819503373e-46
5.746250000000000000e+02 8.681157211985398744e-47
5.747500000000000000e+02 1.223716479667237380e-46
5.748750000000000000e+02 8.592684816106321679e-47
5.750000000000000000e+02 8.509018057192499642e-47
5.751250000000000000e+02 5.250550981841945577e-47
5.752500000000000000e+02 5.041179109230758095e-47
5.753750000000000000e+02 4.672407271141128631e-47
5.755000000000000000e+02 3.880805668133752468e-47
5.756250000000000000e+02 5.330771714328302475e-47
5.757500000000000000e+02 5.030898117215088045e-47
5.758750000000000000e+02 4.770062690583874355e-47
5.760000000000000000e+02 5.495800225484419951e-47
5.761250000000000000e+02 4.894694104037677168e-47
5.762500000000000000e+02 4.480420167116598007e-47
5.763750000000000000e+02 5.093941871781246178e-47
5.765000000000000000e+02 4.694029095298665097e-47
5.766250000000000000e+02 4.997623036476486455e-47
5.767500000000000000e+02 5.299270031686911972e-47
5.768750000000000000e+02 5.204324812835212236e-47
5.770000000000000000e+02 4.824612616194396158e-47
5.771250000000000000e+02 4.405120653804747761e-47
5.772500000000000000e+02 5.155950563600735580e-47
5.773750000000000000e+02 4.794789179468749624e-47
5.775000000000000000e+02 4.343417590206177731e-47
5.776250000000000000e+02 4.298872258471519661e-47
5.777500000000000000e+02 5.665660517539297953e-47
5.778750000000000000e+02 4.971865086735399234e-47
5.780000000000000000e+02 5.268151357343024820e-47
5.781250000000000000e+02 4.564162572203395122e-47
5.782500000000000000e+02 5.845106826191698945e-47
5.783750000000000000e+02 6.204638025847236336e-47
5.785000000000000000e+02 5.164044472700925199e-47
5.786250000000000000e+02 5.830797442057426664e-47
5.787500000000000000e+02 5.820010171019396556e-47
5.788750000000000000e+02 4.290048498844083664e-47
5.790000000000000000e+02 3.853381488636411344e-47
5.791250000000000000e+02 5.399411537269861472e-47
5.792500000000000000e+02 4.511180848198760871e-47
5.793750000000000000e+02 4.455425145789536287e-47
5.795000000000000000e+02 6.095142636345882910e-47
5.796250000000000000e+02 4.993166442912653185e-47
5.797500000000000000e+02 5.535721036750105187e-47
5.798750000000000000e+02 4.619570692337001156e-47
5.800000000000000000e+02 4.705862143212102600e-47
5.801250000000000000e+02 6.180087139443808827e-47
5.802500000000000000e+02 5.024500152166627268e-47
5.803750000000000000e+02 5.274721793091905664e-47
5.805000000000000000e+02 4.315805972685871234e-47
5.806250000000000000e+02 5.466202269149188387e-47
5.807500000000000000e+02 3.988528356600127114e-47
5.808750000000000000e+02 4.245302200426352075e-47
5.810000000000000000e+02 5.580005255148889021e-47
5.811250000000000000e+02 5.357968873064845377e-47
5.812500000000000000e+02 4.445062634390690067e-47
5.813750000000000000e+02 4.223935857067407125e-47
5.815000000000000000e+02 4.680686451921605970e-47
5.816250000000000000e+02 4.915869035173057113e-47
5.817500000000000000e+02 6.254359150344147027e-47
5.818750000000000000e+02 3.921645764843080702e-47
5.820000000000000000e+02 4.838928312941051423e-47
5.821250000000000000e+02 4.343253041933535575e-47
5.822500000000000000e+02 5.468324020540065198e-47
5.823750000000000000e+02 5.077837177386413046e-47
5.825000000000000000e+02 4.511561415194812866e-47
5.826250000000000000e+02 4.343679247077946792e-47
5.827500000000000000e+02 4.292588789763530351e-47
5.828750000000000000e+02 3.602945258730150945e-47
5.830000000000000000e+02 5.490612329937628331e-47
5.831250000000000000e+02 4.889160301901178004e-47
5.832500000000000000e+02 5.040453370658219528e-47
5.833750000000000000e+02 5.579427782973847628e-47
5.835000000000000000e+02 5.534868963630883853e-47
5.836250000000000000e+02 4.736621592032901873e-47
5.837500000000000000e+02 4.455900617542340479e-47
5.838750000000000000e+02 4.535385361946091297e-47
5.840000000000000000e+02 4.829119360255471163e-47
5.841250000000000000e+02 5.262322338856694317e-47
5.842500000000000000e+02 5.956290960942884678e-47
5.843750000000000000e+02 4.479333307718261808e-47
5.845000000000000000e+02 3.538025138776679394e-47
5.846250000000000000e+02 5.426079807246847740e-47
5.847500000000000000e+02 5.305039726030889130e-47
5.848750000000000000e+02 3.821246228734781330e-47
5.850000000000000000e+02 3.962842855073195237e-47
5.851250000000000000e+02 4.417297441560477047e-47
5.852500000000000000e+02 4.769496254873725145e-47
5.853750000000000000e+02 5.052496955142801376e-47
5.855000000000000000e+02 6.013699552839442527e-47
5.856250000000000000e+02 4.812634243667122462e-47
5.857500000000000000e+02 4.830925708262992719e-47
5.858750000000000000e+02 4.125533764188151822e-47
5.860000000000000000e+02 5.424890168724888010e-47
5.861250000000000000e+02 4.397867058865789655e-47
5.862500000000000000e+02 4.263127583324253329e-47
5.863750000000000000e+02 5.571547314283427377e-47
5.865000000000000000e+02 6.504358764494954033e-47
5.866250000000000000e+02 4.744480497671210155e-47
5.867500000000000000e+02 5.010850492541960761e-47
5.868750000000000000e+02 4.718008802172052487e-47
5.870000000000000000e+02 4.478088345841136535e-47
5.871250000000000000e+02 6.843919137722854584e-47
5.872500000000000000e+02 5.002211671712312728e-47
5.873750000000000000e+02 5.851678675041169790e-47
5.875000000000000000e+02 4.006689324600496248e-47
5.876250000000000000e+02 5.829702008859129821e-47
5.877500000000000000e+02 4.007057094297868329e-47
5.878750000000000000e+02 5.246172535793646716e-47
5.880000000000000000e+02 6.028526111284805265e-47
5.881250000000000000e+02 4.733236918647629915e-47
5.882500000000000000e+02 5.115813003261993369e-47
5.883750000000000000e+02 4.216494885382008921e-47
5.885000000000000000e+02 5.053210132773743253e-47
5.886250000000000000e+02 3.804059561627652839e-47
5.887500000000000000e+02 5.427866911987939485e-47
5.888750000000000000e+02 4.095654575353192051e-47
5.890000000000000000e+02 4.485252738358170660e-47
5.891250000000000000e+02 5.140960885192409407e-47
5.892500000000000000e+02 6.358462762266605222e-47
5.893750000000000000e+02 4.337562164305210383e-47
5.895000000000000000e+02 4.871780913366558203e-47
5.896250000000000000e+02 4.671781231848993561e-47
5.897500000000000000e+02 4.929077137822525909e-47
5.898750000000000000e+02 5.338576283537948684e-47
5.900000000000000000e+02 5.035663669502147482e-47
5.901250000000000000e+02 5.472197672423484053e-47
5.902500000000000000e+02 5.942084244416280543e-47
5.903750000000000000e+02 4.626469519914535756e-47
5.905000000000000000e+02 6.034313754201848474e-47
5.906250000000000000e+02 5.866480729877110722e-47
5.907500000000000000e+02 6.144700803610286310e-47
5.908750000000000000e+02 5.150146852655104323e-47
5.910000000000000000e+02 4.468076039252395567e-47
5.911250000000000000e+02 5.189224647653042561e-47
5.912500000000000000e+02 5.576170570621966087e-47
5.913750000000000000e+02 4.870429075667577111e-47
5.915000000000000000e+02 5.994027311852447827e-47
5.916250000000000000e+02 5.887825147694403491e-47
5.917500000000000000e+02 5.152234233364856512e-47
5.918750000000000000e+02 4.511162925299515419e-47
5.920000000000000000e+02 5.260038062415136534e-47
5.921250000000000000e+02 6.785131623290127616e-47
5.922500000000000000e+02 7.143824324348357100e-47
5.923750000000000000e+02 5.291301039836382134e-47
5.925000000000000000e+02 5.230240892467951168e-47
5.926250000000000000e+02 5.879983313317352686e-47
5.927500000000000000e+02 5.191917994316618456e-47
5.928750000000000000e+02 5.435985087474018794e-47
5.930000000000000000e+02 4.544892645854657831e-47
5.931250000000000000e+02 4.490163029884635989e-47
5.932500000000000000e+02 5.309372856933461873e-47
5.933750000000000000e+02 5.722283682500238197e-47
5.935000000000000000e+02 4.469092407630167454e-47
5.936250000000000000e+02 5.498492912996000201e-47
5.937500000000000000e+02 5.543949852000186597e-47
5.938750000000000000e+02 6.114119692940169847e-47
5.940000000000000000e+02 4.119207897856332424e-47
5.941250000000000000e+02 5.316993635471193361e-47
5.942500000000000000e+02 6.474277023381697205e-47
5.943750000000000000e+02 5.294671422411866312e-47
5.945000000000000000e+02 4.907928815832055098e-47
5.946250000000000000e+02 4.674439529169332698e-47
5.947500000000000000e+02 6.293570826929765241e-47
5.948750000000000000e+02 4.857140893499805602e-47
5.950000000000000000e+02 4.214178715294703577e-47
5.951250000000000000e+02 6.177848210888847406e-47
5.952500000000000000e+02 4.407220917892712960e-47
5.953750000000000000e+02 5.942554908573107925e-47
5.955000000000000000e+02 4.846869342210748239e-47
5.956250000000000000e+02 4.708173162456921432e-47
5.957500000000000000e+02 5.195163626284539577e-47
5.958750000000000000e+02 6.315667174558115030e-47
5.960000000000000000e+02 4.628704484596972497e-47
5.961250000000000000e+02 5.647687109657842398e-47
5.962500000000000000e+02 5.409662935933556809e-47
5.963750000000000000e+02 3.771808345752488590e-47
5.965000000000000000e+02 4.669407690094954162e-47
5.966250000000000000e+02 5.199388019102189793e-47
5.967500000000000000e+02 4.578152121459720927e-47
5.968750000000000000e+02 5.584264666358110151e-47
5.970000000000000000e+02 4.432152722401767840e-47
5.971250000000000000e+02 5.581022347475642695e-47
5.972500000000000000e+02 4.838454389590040871e-47
5.973750000000000000e+02 5.054080223471328919e-47
5.975000000000000000e+02 5.764108111956372812e-47
5.976250000000000000e+02 5.582787939567294909e-47
5.977500000000000000e+02 5.736469855171224070e-47
5.978750000000000000e+02 5.099420700275934185e-47
5.980000000000000000e+02 4.107827633460207393e-47
5.981250000000000000e+02 5.793513002260071054e-47
5.982500000000000000e+02 4.648469635064429096e-47
5.983750000000000000e+02 5.456626033634145656e-47
5.985000000000000000e+02 5.450082567878517366e-47
5.986250000000000000e+02 4.829885625283126794e-47
5.987500000000000000e+02 4.996204528538059173e-47
5.988750000000000000e+02 5.855295815086690158e-47
5.990000000000000000e+02 4.909425851146210562e-47
5.991250000000000000e+02 4.514243860283921898e-46
5.992500000000000000e+02 7.735476849660343357e-47
5.993750000000000000e+02 4.974863357078194558e-46
5.995000000000000000e+02 2.359289755972403421e-46
5.996250000000000000e+02 9.059516672125567201e-47
5.997500000000000000e+02 5.437608270755226701e-47
5.998750000000000000e+02 8.404501368886342002e-47
6.000000000000000000e+02 6.190038859893213238e-47
6.001250000000000000e+02 5.665668239627261469e-47
6.002500000000000000e+02 5.490000787064853188e-47
6.003750000000000000e+02 5.598378066852957818e-47
6.005000000000000000e+02 5.111368556260127778e-47
6.006250000000000000e+02 4.592907189622855149e-47
6.007500000000000000e+02 5.557447120346743352e-47
6.008750000000000000e+02 6.584376633852315027e-47
6.010000000000000000e+02 5.613355385089421137e-47
6.011250000000000000e+02 5.463192889789819181e-47
6.012500000000000000e+02 6.315891732838182480e-47
6.013750000000000000e+02 5.502159587033594034e-47
6.015000000000000000e+02 5.438435436819676506e-47
6.016250000000000000e+02 4.582425396378555562e-47
6.017500000000000000e+02 4.763868584617824444e-47
6.018750000000000000e+02 5.423602836674122683e-47
6.020000000000000000e+02 4.482652385595921852e-47
6.021250000000000000e+02 6.226858350363992504e-47
6.022500000000000000e+02 5.324625930128049581e-47
6.023750000000000000e+02 5.237765448423481267e-47
6.025000000000000000e+02 5.885893204410064687e-47
6.026250000000000000e+02 5.329673814230874213e-47
6.027500000000000000e+02 5.436157420323280813e-47
6.028750000000000000e+02 5.113488913258187996e-47
6.030000000000000000e+02 4.390711374911835128e-47
6.031250000000000000e+02 6.255085863511440295e-47
6.032500000000000000e+02 5.063985247867344156e-47
6.033750000000000000e+02 6.337416753856976798e-47
6.035000000000000000e+02 6.669576551183524017e-47
6.036250000000000000e+02 6.854237939347529476e-47
6.037500000000000000e+02 4.718753718687778629e-47
6.038750000000000000e+02 5.734544510438909258e-47
6.040000000000000000e+02 4.976871444072800353e-47
6.041250000000000000e+02 4.747185577935405322e-47
6.042500000000000000e+02 6.830862692998828827e-47
6.043750000000000000e+02 9.383961583311837428e-47
6.045000000000000000e+02 4.087551262187647212e-46
6.046250000000000000e+02 5.126046055729580477e-47
6.047500000000000000e+02 6.492305229667317617e-47
6.048750000000000000e+02 5.997490508361601949e-47
6.050000000000000000e+02 5.345730778045988343e-47
6.051250000000000000e+02 5.116920055052671824e-47
6.052500000000000000e+02 6.929392742948079227e-47
6.053750000000000000e+02 4.293934191073375917e-47
6.055000000000000000e+02 5.843819416444119087e-47
6.056250000000000000e+02 5.440545108303638711e-47
6.057500000000000000e+02 4.636009406453788245e-47
6.058750000000000000e+02 5.448676046542037460e-47
6.060000000000000000e+02 5.056878663186239246e-47
6.061250000000000000e+02 5.513941380808937081e-47
6.062500000000000000e+02 6.623728212825273675e-47
6.063750000000000000e+02 5.288185189148690133e-47
6.065000000000000000e+02 7.523757563722162096e-47
6.066250000000000000e+02 6.018183422635676312e-46
6.067500000000000000e+02 2.364490709456182307e-46
6.068750000000000000e+02 1.017453078652550315e-46
6.070000000000000000e+02 6.223711830895490468e-47
6.071250000000000000e+02 7.611957101947064244e-47
6.072500000000000000e+02 4.480521582923855856e-47
6.073750000000000000e+02 4.973917815020159525e-47
6.075000000000000000e+02 4.786877680497963620e-47
6.076250000000000000e+02 5.020302736804627413e-47
6.077500000000000000e+02 4.788241311971103559e-47
6.078750000000000000e+02 6.416729697692985757e-47
6.080000000000000000e+02 5.060459314507704698e-47
6.081250000000000000e+02 5.171882125701728951e-47
6.082500000000000000e+02 4.552489774322941348e-47
6.083750000000000000e+02 5.041039313384662546e-47
6.085000000000000000e+02 5.452547928257883676e-47
6.086250000000000000e+02 3.949556801479553539e-47
6.087500000000000000e+02 4.390203103768525776e-47
6.088750000000000000e+02 5.728534597143131749e-47
6.090000000000000000e+02 4.900795550895360576e-47
6.091250000000000000e+02 5.765046104445895836e-47
6.092500000000000000e+02 4.906850551432231345e-47
6.093750000000000000e+02 5.218709630349685221e-47
6.095000000000000000e+02 4.528901186389706227e-47
6.096250000000000000e+02 5.596853184278626668e-47
6.097500000000000000e+02 4.819677818981557256e-47
6.098750000000000000e+02 6.813708409715781352e-47
6.100000000000000000e+02 5.915937718910125789e-47
6.101250000000000000e+02 5.249919940270671638e-47
6.102500000000000000e+02 4.994560806396868393e-47
6.103750000000000000e+02 5.144194342313725780e-47
6.105000000000000000e+02 4.088323918023669901e-47
6.106250000000000000e+02 4.840102366394401104e-47
6.107500000000000000e+02 4.277523286425467660e-47
6.108750000000000000e+02 5.598423717864677099e-47
6.110000000000000000e+02 4.888303085699898863e-47
6.111250000000000000e+02 7.038330349029898533e-47
6.112500000000000000e+02 3.966993622903953635e-47
6.113750000000000000e+02 5.681461595577385330e-47
6.115000000000000000e+02 5.105006624186962387e-47
6.116250000000000000e+02 4.309045048222451501e-47
6.117500000000000000e+02 5.948253182860773042e-47
6.118750000000000000e+02 5.086648553119310353e-47
6.120000000000000000e+02 4.852395516019018379e-47
6.121250000000000000e+02 4.309829193540335861e-47
6.122500000000000000e+02 4.958985098657928070e-47
6.123750000000000000e+02 4.792641647666308678e-47
6.125000000000000000e+02 5.475123742733807800e-47
6.126250000000000000e+02 5.144998065681034960e-47
6.127500000000000000e+02 5.408546327228212374e-47
6.128750000000000000e+02 5.113502689242877885e-47
6.130000000000000000e+02 5.434883702056456181e-47
6.131250000000000000e+02 4.748396812992818137e-47
6.132500000000000000e+02 6.878829471190055179e-47
6.133750000000000000e+02 6.096545447333955919e-47
6.135000000000000000e+02 5.405022081839298516e-47
6.136250000000000000e+02 4.726621769234621772e-47
6.137500000000000000e+02 4.078510274678269309e-47
6.138750000000000000e+02 4.286739865057628312e-47
6.140000000000000000e+02 5.686038086073968989e-47
6.141250000000000000e+02 5.615236986433542130e-47
6.142500000000000000e+02 5.139478495097580975e-47
6.143750000000000000e+02 5.000431304715636866e-47
6.145000000000000000e+02 6.079252791595761513e-47
6.146250000000000000e+02 4.586888169498115468e-47
6.147500000000000000e+02 6.189231918019407899e-47
6.148750000000000000e+02 5.731839762435986761e-47
6.150000000000000000e+02 6.376950203085905562e-47
6.151250000000000000e+02 4.556235086172884394e-47
6.152500000000000000e+02 5.167959867914223993e-47
6.153750000000000000e+02 4.970556121522097821e-47
6.155000000000000000e+02 5.113646947670363275e-47
6.156250000000000000e+02 5.557397383720261056e-47
6.157500000000000000e+02 5.460569399033314567e-47
6.158750000000000000e+02 5.270477520647817917e-47
6.160000000000000000e+02 5.723063404141631833e-47
6.161250000000000000e+02 4.849853335660863202e-47
6.162500000000000000e+02 5.833899119758025412e-47
6.163750000000000000e+02 6.081415773620001776e-47
6.165000000000000000e+02 5.893552050338123416e-47
6.166250000000000000e+02 5.870795912018264244e-47
6.167500000000000000e+02 4.883430287001100955e-47
6.168750000000000000e+02 5.734111216584265729e-47
6.170000000000000000e+02 4.646557199396140811e-47
6.171250000000000000e+02 5.447453796415623859e-47
6.172500000000000000e+02 5.043339316471314846e-47
6.173750000000000000e+02 6.106755458765551415e-47
6.175000000000000000e+02 4.714640999435152354e-47
6.176250000000000000e+02 5.801549722904937282e-47
6.177500000000000000e+02 5.725760604575601365e-47
6.178750000000000000e+02 5.561888647333777855e-47
6.180000000000000000e+02 4.320628635874608749e-47
6.181250000000000000e+02 5.594054726547186719e-47
6.182500000000000000e+02 4.824312533062777088e-47
6.183750000000000000e+02 6.117711306775891332e-47
6.185000000000000000e+02 5.176281470582701957e-47
6.186250000000000000e+02 5.485230520923043797e-47
6.187500000000000000e+02 4.850348367050465724e-47
6.188750000000000000e+02 5.508330425476461920e-47
6.190000000000000000e+02 5.734189159400963358e-47
6.191250000000000000e+02 6.597576869640849038e-47
6.192500000000000000e+02 5.029517580090010874e-47
6.193750000000000000e+02 4.771571935107400534e-47
6.195000000000000000e+02 3.954633636567817406e-47
6.196250000000000000e+02 4.632503069346172357e-47
6.197500000000000000e+02 5.192757942088113691e-47
6.198750000000000000e+02 5.506857800638269275e-47
6.200000000000000000e+02 4.037411703080399653e-47
6.201250000000000000e+02 4.790249552697578643e-47
6.202500000000000000e+02 5.477134862159022990e-47
6.203750000000000000e+02 4.728777228035154802e-47
6.205000000000000000e+02 4.962834896383864736e-47
6.206250000000000000e+02 4.853162468254831634e-47
6.207500000000000000e+02 4.689602025474498819e-47
6.208750000000000000e+02 6.822433827896981164e-47
6.210000000000000000e+02 5.323202003825574184e-47
6.211250000000000000e+02 6.897581719676975088e-47
6.212500000000000000e+02 5.270494240850809752e-47
6.213750000000000000e+02 6.675589454440360527e-47
6.215000000000000000e+02 5.964993988485652726e-47
6.216250000000000000e+02 5.823706779887367395e-47
6.217500000000000000e+02 5.403985332506530919e-47
6.218750000000000000e+02 6.075719988210739929e-47
6.220000000000000000e+02 4.969688776349193871e-47
6.221250000000000000e+02 6.527554989498843847e-47
6.222500000000000000e+02 6.128940020036475313e-47
6.223750000000000000e+02 5.808442504545793957e-47
6.225000000000000000e+02 4.991528417442309224e-47
6.226250000000000000e+02 5.258726472043690173e-47
6.227500000000000000e+02 5.584250826434546115e-47
6.228750000000000000e+02 5.530495187988858745e-47
6.230000000000000000e+02 5.094258504073880476e-47
6.231250000000000000e+02 4.058447365402010117e-47
6.232500000000000000e+02 5.779353753370037647e-47
6.233750000000000000e+02 5.090342277953632737e-47
6.235000000000000000e+02 5.980579855216096138e-47
6.236250000000000000e+02 6.591289291284381447e-47
6.237500000000000000e+02 6.254726251697322851e-47
6.238750000000000000e+02 4.779140038235698513e-47
6.240000000000000000e+02 4.364584869812699624e-47
6.241250000000000000e+02 6.333363115258722860e-47
6.242500000000000000e+02 5.668408634334133963e-47
6.243750000000000000e+02 7.040278087202797907e-47
6.245000000000000000e+02 5.968832861488978800e-47
6.246250000000000000e+02 6.150050469085256887e-47
6.247500000000000000e+02 5.654441180068999425e-47
6.248750000000000000e+02 5.878143597213681591e-47
6.250000000000000000e+02 6.161941918703750770e-47
6.251250000000000000e+02 5.642092495646987260e-47
6.252500000000000000e+02 5.641646952733450322e-47
6.253750000000000000e+02 5.597612653009135480e-47
6.255000000000000000e+02 4.834004905425754112e-47
6.256250000000000000e+02 5.529744111936643868e-47
6.257500000000000000e+02 5.779947252983031890e-47
6.258750000000000000e+02 5.784297286514947501e-47
6.260000000000000000e+02 5.787065489540149355e-47
6.261250000000000000e+02 5.395363057930457731e-47
6.262500000000000000e+02 5.254472076774631637e-47
6.263750000000000000e+02 5.404810292615450397e-47
6.265000000000000000e+02 6.247803424747845891e-47
6.266250000000000000e+02 6.960010042944425052e-47
6.267500000000000000e+02 5.573581376097232641e-47
6.268750000000000000e+02 4.792315563745533939e-47
6.270000000000000000e+02 5.205498700334047124e-47
6.271250000000000000e+02 5.879938098269298901e-47
6.272500000000000000e+02 6.259078942067199408e-47
6.273750000000000000e+02 6.599364629770002033e-47
6.275000000000000000e+02 5.639664973836545586e-47
6.276250000000000000e+02 5.082919519637645305e-47
6.277500000000000000e+02 5.504057090388328111e-47
6.278750000000000000e+02 6.750803947727073346e-47
6.280000000000000000e+02 5.432835867019026368e-47
6.281250000000000000e+02 5.405231445135832462e-47
6.282500000000000000e+02 6.283954075487771732e-47
6.283750000000000000e+02 5.443986647275372933e-47
6.285000000000000000e+02 4.846206569010305797e-47
6.286250000000000000e+02 6.560326615452727095e-47
6.287500000000000000e+02 5.777469844503328822e-47
6.288750000000000000e+02 5.702145577223383640e-47
6.290000000000000000e+02 5.495495799292248781e-47
6.291250000000000000e+02 5.439528448017242772e-47
6.292500000000000000e+02 5.848735190315321453e-47
6.293750000000000000e+02 6.782723618820930553e-47
6.295000000000000000e+02 6.824583124282597940e-47
6.296250000000000000e+02 6.409093705193070199e-47
6.297500000000000000e+02 4.752994766367949817e-47
6.298750000000000000e+02 6.391148854357840816e-47
6.300000000000000000e+02 6.252526707137769563e-47
6.301250000000000000e+02 5.708395762991927582e-47
6.302500000000000000e+02 6.119611195732218144e-47
6.303750000000000000e+02 5.518331259951705777e-47
6.305000000000000000e+02 5.900629193753187674e-47
6.306250000000000000e+02 4.743135649640126381e-47
6.307500000000000000e+02 6.494008710738430829e-47
6.308750000000000000e+02 5.510745815704674920e-47
6.310000000000000000e+02 5.094834698595287276e-47
6.311250000000000000e+02 5.162920114130150090e-47
6.312500000000000000e+02 4.846473713668159085e-47
6.313750000000000000e+02 5.193006433752147522e-47
6.315000000000000000e+02 5.874507636110285079e-47
6.316250000000000000e+02 6.401764203575877339e-47
6.317500000000000000e+02 6.865307855852676095e-47
6.318750000000000000e+02 4.420691984766848035e-47
6.320000000000000000e+02 5.845974822444955869e-47
6.321250000000000000e+02 5.288222350124987122e-47
6.322500000000000000e+02 5.402212790774548436e-47
6.323750000000000000e+02 5.160488883695208016e-47
6.325000000000000000e+02 6.147770847491537186e-47
6.326250000000000000e+02 4.384379141192377584e-47
6.327500000000000000e+02 4.791782006732662647e-47
6.328750000000000000e+02 6.574154327146434945e-47
6.330000000000000000e+02 5.640924421173436466e-47
6.331250000000000000e+02 5.922594339985258462e-47
6.332500000000000000e+02 6.056203143979939375e-47
6.333750000000000000e+02 5.452249120825351223e-47
6.335000000000000000e+02 5.222909929501019895e-47
6.336250000000000000e+02 5.167313646198928658e-47
6.337500000000000000e+02 5.527510948964201310e-47
6.338750000000000000e+02 5.145811406439597897e-47
6.340000000000000000e+02 4.912339687122707866e-47
6.341250000000000000e+02 5.922600133206893241e-47
6.342500000000000000e+02 5.806107755049301579e-47
6.343750000000000000e+02 4.970241412202523865e-47
6.345000000000000000e+02 4.999658788310094840e-47
6.346250000000000000e+02 5.554252494252428217e-47
6.347500000000000000e+02 5.597103597248629501e-47
6.348750000000000000e+02 6.435201260485000816e-47
6.350000000000000000e+02 5.346030138569765151e-47
6.351250000000000000e+02 6.262069533541965043e-47
6.352500000000000000e+02 5.768527514493592562e-47
6.353750000000000000e+02 5.903830469019171474e-47
6.355000000000000000e+02 6.261234982568801414e-47
6.356250000000000000e+02 5.302212222416140898e-47
6.357500000000000000e+02 5.879661941335899356e-47
6.358750000000000000e+02 5.768794936215576467e-47
6.360000000000000000e+02 5.414256958937617789e-47
6.361250000000000000e+02 5.668500667585995470e-47
6.362500000000000000e+02 5.896699794571123511e-47
6.363750000000000000e+02 6.160472502804752676e-47
6.365000000000000000e+02 5.474862117736881119e-47
6.366250000000000000e+02 4.187558438888723009e-47
6.367500000000000000e+02 6.322918952171843684e-47
6.368750000000000000e+02 6.763387736883713652e-47
6.370000000000000000e+02 5.355562880051635399e-47
6.371250000000000000e+02 6.112843168811219427e-47
6.372500000000000000e+02 5.658449984342442921e-47
6.373750000000000000e+02 5.023361734748220852e-47
6.375000000000000000e+02 5.432728151816299888e-47
6.376250000000000000e+02 4.697187236172366236e-47
6.377500000000000000e+02 5.620951094004625686e-47
6.378750000000000000e+02 6.177114357568186027e-47
6.380000000000000000e+02 5.127237320342605890e-47
6.381250000000000000e+02 6.392657207351650670e-47
6.382500000000000000e+02 6.315975510868873579e-47
6.383750000000000000e+02 6.148814563690633650e-47
6.385000000000000000e+02 5.283461860222747063e-47
6.386250000000000000e+02 6.440280269069149144e-47
6.387500000000000000e+02 6.486157218232950728e-47
6.388750000000000000e+02 5.981124512289147473e-47
6.390000000000000000e+02 6.415805883919112832e-47
6.391250000000000000e+02 4.850517965867252668e-47
6.392500000000000000e+02 6.141985773679177881e-47
6.393750000000000000e+02 5.825250949729779082e-47
6.395000000000000000e+02 6.078614352219972820e-47
6.396250000000000000e+02 6.453292265797083133e-47
6.397500000000000000e+02 5.030275239072892582e-47
6.398750000000000000e+02 5.651834204627688980e-47
6.400000000000000000e+02 4.764705739486282886e-47
6.401250000000000000e+02 4.987611569727258208e-47
6.402500000000000000e+02 6.540449121207688168e-47
6.403750000000000000e+02 6.144784844665500358e-47
6.405000000000000000e+02 7.894297780832833181e-47
6.406250000000000000e+02 6.214074287205849526e-47
6.407500000000000000e+02 5.118604665479259474e-47
6.408750000000000000e+02 6.152855983492314255e-47
6.410000000000000000e+02 5.171406050522228198e-47
6.411250000000000000e+02 5.817963014964314272e-47
6.412500000000000000e+02 3.590431084246292635e-47
6.413750000000000000e+02 4.813302583706390627e-47
6.415000000000000000e+02 5.936578855815166850e-47
6.416250000000000000e+02 5.646308494583239246e-47
6.417500000000000000e+02 4.807178548726591223e-47
6.418750000000000000e+02 6.167076330116882575e-47
6.420000000000000000e+02 5.949041622497351908e-47
6.421250000000000000e+02 6.795049227576099585e-47
6.422500000000000000e+02 5.081993588587805383e-47
6.423750000000000000e+02 5.333476693359195030e-47
6.425000000000000000e+02 4.836120200806545546e-47
6.426250000000000000e+02 5.689300443702224230e-47
6.427500000000000000e+02 5.523203309652745814e-47
6.428750000000000000e+02 4.867045029470452770e-47
6.430000000000000000e+02 4.698307361181047940e-47
6.431250000000000000e+02 5.349080639729011081e-47
6.432500000000000000e+02 5.389315662166755121e-47
6.433750000000000000e+02 5.028107398776686294e-47
6.435000000000000000e+02 7.157787572335406533e-47
6.436250000000000000e+02 6.956911217009401988e-47
6.437500000000000000e+02 7.444282315386907519e-47
6.438750000000000000e+02 5.539848259318498178e-47
6.440000000000000000e+02 5.907414552440369056e-47
6.441250000000000000e+02 6.574518541732821783e-47
6.442500000000000000e+02 5.507117873009093140e-47
6.443750000000000000e+02 5.297215423974149711e-47
6.445000000000000000e+02 6.621199753526412770e-47
6.446250000000000000e+02 4.880058318902995406e-47
6.447500000000000000e+02 5.380689137593298891e-47
6.448750000000000000e+02 5.935937208273302827e-47
6.450000000000000000e+02 6.952691876048921182e-47
6.451250000000000000e+02 4.958285272717126855e-47
6.452500000000000000e+02 6.293392683505162875e-47
6.453750000000000000e+02 6.581859411427535164e-47
6.455000000000000000e+02 6.589338504375587857e-47
6.456250000000000000e+02 5.660020151582459172e-47
6.457500000000000000e+02 4.833581640849842005e-47
6.458750000000000000e+02 5.756236386764670438e-47
6.460000000000000000e+02 5.875111336963414523e-47
6.461250000000000000e+02 6.619424594732316396e-47
6.462500000000000000e+02 4.631673758586279991e-47
6.463750000000000000e+02 6.524810494991700132e-47
6.465000000000000000e+02 6.857623541714909686e-47
6.466250000000000000e+02 4.124459223467840677e-47
6.467500000000000000e+02 5.594474557819537032e-47
6.468750000000000000e+02 5.547834346255355212e-47
6.470000000000000000e+02 5.822624388438410545e-47
6.471250000000000000e+02 7.459065298844523077e-47
6.472500000000000000e+02 6.541824666600530837e-47
6.473750000000000000e+02 5.011192483174190016e-47
6.475000000000000000e+02 6.031308156751911674e-47
6.476250000000000000e+02 4.954465407357786962e-47
6.477500000000000000e+02 6.421587863714274951e-47
6.478750000000000000e+02 5.736121426379897129e-47
6.480000000000000000e+02 5.802759834884708423e-47
6.481250000000000000e+02 5.538038383751429872e-47
6.482500000000000000e+02 6.877691991262016162e-47
6.483750000000000000e+02 5.801489340361560707e-47
6.485000000000000000e+02 5.856315212749552883e-47
6.486250000000000000e+02 7.166967400043537872e-47
6.487500000000000000e+02 4.789155113817670479e-47
6.488750000000000000e+02 4.794360037549425387e-47
6.490000000000000000e+02 6.357026040597860481e-47
6.491250000000000000e+02 6.161526093059941486e-47
6.492500000000000000e+02 5.629420158302604951e-47
6.493750000000000000e+02 5.747231860443039053e-47
6.495000000000000000e+02 3.968274653003351971e-47
6.496250000000000000e+02 6.474825940250200101e-47
6.497500000000000000e+02 5.064588651407591528e-47
6.498750000000000000e+02 5.924660079839876727e-47
6.500000000000000000e+02 5.469217101707590604e-47
6.501250000000000000e+02 4.279179087101316500e-47
6.502500000000000000e+02 5.969163777424875359e-47
6.503750000000000000e+02 5.758868051420326019e-47
6.505000000000000000e+02 5.559278066022484735e-47
6.506250000000000000e+02 5.471942001828022629e-47
6.507500000000000000e+02 5.647111116818067729e-47
6.508750000000000000e+02 5.841591116661084785e-47
6.510000000000000000e+02 5.454723140106455001e-47
6.511250000000000000e+02 8.648908968026883794e-47
6.512500000000000000e+02 4.675578545856203254e-47
6.513750000000000000e+02 7.023855568634796040e-47
6.515000000000000000e+02 5.957720960620667810e-47
6.516250000000000000e+02 5.973019396799943885e-47
6.517500000000000000e+02 5.810244089547564159e-47
6.518750000000000000e+02 5.847725148678534197e-47
6.520000000000000000e+02 5.573654829328181795e-47
6.521250000000000000e+02 5.961389801187667678e-47
6.522500000000000000e+02 5.943099222027318774e-47
6.523750000000000000e+02 5.214148890418355415e-47
6.525000000000000000e+02 6.379677133029542596e-47
6.526250000000000000e+02 6.579648389979477633e-47
6.527500000000000000e+02 6.707923234651799829e-47
6.528750000000000000e+02 5.475134882802490102e-47
6.530000000000000000e+02 5.785231267933019745e-47
6.531250000000000000e+02 6.155412450103770286e-47
6.532500000000000000e+02 6.408796060340705810e-47
6.533750000000000000e+02 5.395705574719491201e-47
6.535000000000000000e+02 6.557109301364817596e-47
6.536250000000000000e+02 4.571257268012131397e-47
6.537500000000000000e+02 6.143962696913106670e-47
6.538750000000000000e+02 6.293345368591653096e-47
6.540000000000000000e+02 6.420152825824472585e-47
6.541250000000000000e+02 3.852256933565671673e-47
6.542500000000000000e+02 6.181588485600584592e-47
6.543750000000000000e+02 5.712757714047395193e-47
6.545000000000000000e+02 5.059716191542580692e-47
6.546250000000000000e+02 5.187394466973893621e-47
6.547500000000000000e+02 5.366686445715995600e-47
6.548750000000000000e+02 5.747554017737146942e-47
6.550000000000000000e+02 5.929429570688052124e-47
6.551250000000000000e+02 6.417727604466650114e-47
6.552500000000000000e+02 5.627974886758183594e-47
6.553750000000000000e+02 4.534881000964545382e-47
6.555000000000000000e+02 5.380120207201145832e-47
6.556250000000000000e+02 5.526404907038348453e-47
6.557500000000000000e+02 6.554036457380416656e-47
6.558750000000000000e+02 5.768348699870103334e-47
6.560000000000000000e+02 4.989390822944079104e-47
6.561250000000000000e+02 5.708956505301241701e-47
6.562500000000000000e+02 6.699600453870406543e-47
6.563750000000000000e+02 4.911043332043250494e-47
6.565000000000000000e+02 6.590844813017518263e-47
6.566250000000000000e+02 5.824556670026230505e-47
6.567500000000000000e+02 5.985930454389318212e-47
6.568750000000000000e+02 5.639182121331243344e-47
6.570000000000000000e+02 4.266733006458306136e-47
6.571250000000000000e+02 6.686414972955535067e-47
6.572500000000000000e+02 4.914382617538407103e-47
6.573750000000000000e+02 6.067991899118932393e-47
6.575000000000000000e+02 5.397092773177277801e-47
6.576250000000000000e+02 6.865886160578033501e-47
6.577500000000000000e+02 6.727441870243356502e-47
6.578750000000000000e+02 6.605869841801261139e-47
6.580000000000000000e+02 5.309233797785468682e-47
6.581250000000000000e+02 5.488400223839385871e-47
6.582500000000000000e+02 4.223165377344361960e-47
6.583750000000000000e+02 4.851410316310752881e-47
6.585000000000000000e+02 5.957318944986066277e-47
6.586250000000000000e+02 6.825459395863302736e-47
6.587500000000000000e+02 5.544493856841335428e-47
6.588750000000000000e+02 5.707016354788975929e-47
6.590000000000000000e+02 4.549638377511431628e-47
6.591250000000000000e+02 5.034491949357817528e-47
6.592500000000000000e+02 5.588088628175463247e-47
6.593750000000000000e+02 6.893046346483530926e-47
6.595000000000000000e+02 6.829087216767600069e-47
6.596250000000000000e+02 5.014601472559627380e-47
6.597500000000000000e+02 5.356576116956234103e-47
6.598750000000000000e+02 6.491821862200746244e-47
6.600000000000000000e+02 6.049122269992147932e-47
6.601250000000000000e+02 4.984761181332366611e-47
6.602500000000000000e+02 4.845432977107247750e-47
6.603750000000000000e+02 5.757348862051652865e-47
6.605000000000000000e+02 6.125561000921600726e-47
6.606250000000000000e+02 4.089238996642882543e-47
6.607500000000000000e+02 6.526753908859476473e-47
6.608750000000000000e+02 6.267687765730554594e-47
6.610000000000000000e+02 4.719568977306346972e-47
6.611250000000000000e+02 7.272388589321969070e-47
6.612500000000000000e+02 5.408708600179595198e-47
6.613750000000000000e+02 6.280855451693244554e-47
6.615000000000000000e+02 6.518334183030944274e-47
6.616250000000000000e+02 7.401630619083297454e-47
6.617500000000000000e+02 6.338513814814974751e-47
6.618750000000000000e+02 6.168433466705207976e-47
6.620000000000000000e+02 6.132242156670380809e-47
6.621250000000000000e+02 6.387738399845517432e-47
6.622500000000000000e+02 6.328726455399117089e-47
6.623750000000000000e+02 5.105592950794827058e-47
6.625000000000000000e+02 5.982479851787850700e-47
6.626250000000000000e+02 5.080473363957571622e-47
6.627500000000000000e+02 6.583749201198168895e-47
6.628750000000000000e+02 5.587363663618454404e-47
6.630000000000000000e+02 6.183696153910040513e-47
6.631250000000000000e+02 6.235992913939043316e-47
6.632500000000000000e+02 5.762561296210142366e-47
6.633750000000000000e+02 5.858658434045823619e-47
6.635000000000000000e+02 8.497380579388005679e-47
6.636250000000000000e+02 5.970730383535852903e-47
6.637500000000000000e+02 5.666264404640732719e-47
6.638750000000000000e+02 5.450578025034257626e-47
6.640000000000000000e+02 6.941624706671564327e-47
6.641250000000000000e+02 8.228960749852557283e-47
6.642500000000000000e+02 6.570264305212051629e-47
6.643750000000000000e+02 6.280805266958166801e-47
6.645000000000000000e+02 5.589728044751751592e-47
6.646250000000000000e+02 5.907649105294907191e-47
6.647500000000000000e+02 6.982158434792502445e-47
6.648750000000000000e+02 6.939927396985882785e-47
6.650000000000000000e+02 5.522798739157000144e-47
6.651250000000000000e+02 6.731574890889424788e-47
6.652500000000000000e+02 5.747076623028366529e-47
6.653750000000000000e+02 5.509161266051672754e-47
6.655000000000000000e+02 6.137325274637751878e-47
6.656250000000000000e+02 5.509618423449230516e-47
6.657500000000000000e+02 5.252927157892403247e-47
6.658750000000000000e+02 5.750453160754906679e-47
6.660000000000000000e+02 5.107786832195829165e-47
6.661250000000000000e+02 4.859998737119611782e-47
6.662500000000000000e+02 6.519068321065448782e-47
6.663750000000000000e+02 6.169425475719473963e-47
6.665000000000000000e+02 5.666416006669946002e-47
6.666250000000000000e+02 5.476813692686414572e-47
6.667500000000000000e+02 6.095690937789462007e-47
6.668750000000000000e+02 5.537596740663755006e-47
6.670000000000000000e+02 6.329261745272123537e-47
6.671250000000000000e+02 4.989171501231191041e-47
6.672500000000000000e+02 5.515233072388820746e-47
6.673750000000000000e+02 6.549266695485580698e-47
6.675000000000000000e+02 5.503291586034097316e-47
6.676250000000000000e+02 6.460876010136254632e-47
6.677500000000000000e+02 4.879068767527756431e-47
6.678750000000000000e+02 5.666524381366732691e-47
6.680000000000000000e+02 7.816768157082048140e-47
6.681250000000000000e+02 6.406294712187914184e-47
6.682500000000000000e+02 6.651317787987640400e-47
6.683750000000000000e+02 5.802193627962124172e-47
6.685000000000000000e+02 6.185810194146289921e-47
6.686250000000000000e+02 6.116875949665859045e-47
6.687500000000000000e+02 5.468534551568136472e-47
6.688750000000000000e+02 5.314501038238369677e-47
6.690000000000000000e+02 5.223576448616920897e-47
6.691250000000000000e+02 6.468354704018432801e-47
6.692500000000000000e+02 5.209256716878086693e-47
6.693750000000000000e+02 5.642702546876492575e-47
6.695000000000000000e+02 8.119704979059695974e-47
6.696250000000000000e+02 5.862831729339588711e-47
6.697500000000000000e+02 7.355871245646649954e-47
6.698750000000000000e+02 5.901640064714643481e-47
6.700000000000000000e+02 5.689023964425784042e-47
6.701250000000000000e+02 5.685261188894892228e-47
6.702500000000000000e+02 5.535060963055292332e-47
6.703750000000000000e+02 6.363583964853421418e-47
6.705000000000000000e+02 7.192958908497312741e-47
6.706250000000000000e+02 5.169204768387642086e-47
6.707500000000000000e+02 5.739731285632435979e-47
6.708750000000000000e+02 5.809273733059714751e-47
6.710000000000000000e+02 7.216976429943731335e-47
6.711250000000000000e+02 4.983866716872930968e-47
6.712500000000000000e+02 6.156334206929346264e-47
6.713750000000000000e+02 5.255879801043401213e-47
6.715000000000000000e+02 6.419137182212292805e-47
6.716250000000000000e+02 5.947816779372049902e-47
6.717500000000000000e+02 7.467766453955775641e-47
6.718750000000000000e+02 5.698476722450741196e-47
6.720000000000000000e+02 5.399769943855602746e-47
6.721250000000000000e+02 5.510800151905473510e-47
6.722500000000000000e+02 6.325761475700833074e-47
6.723750000000000000e+02 5.064382182457847695e-47
6.725000000000000000e+02 6.634697940475656145e-47
6.726250000000000000e+02 6.239134926015338749e-47
6.727500000000000000e+02 7.970008386951988459e-47
6.728750000000000000e+02 6.471588762992413753e-47
6.730000000000000000e+02 5.764605631210398550e-47
6.731250000000000000e+02 5.923067891621883612e-47
6.732500000000000000e+02 5.886706497941560854e-47
6.733750000000000000e+02 5.854972013521301243e-47
6.735000000000000000e+02 5.333274165197571382e-47
6.736250000000000000e+02 5.324246759693282193e-47
6.737500000000000000e+02 6.035437123732265865e-47
6.738750000000000000e+02 6.000347516272798096e-47
6.740000000000000000e+02 6.126594531360851174e-47
6.741250000000000000e+02 6.382126248832926257e-47
6.742500000000000000e+02 4.638418537649275158e-47
6.743750000000000000e+02 5.259404987524072679e-47
6.745000000000000000e+02 6.284884396824427365e-47
6.746250000000000000e+02 6.055007075801535530e-47
6.747500000000000000e+02 5.662798198244631785e-47
6.748750000000000000e+02 6.217915181030960144e-47
6.750000000000000000e+02 6.674555947047554181e-47
6.751250000000000000e+02 6.323083726551981407e-47
6.752500000000000000e+02 6.525709674356591298e-47
6.753750000000000000e+02 7.983516937593543548e-47
6.755000000000000000e+02 5.951323454053231982e-47
6.756250000000000000e+02 6.704611750826151371e-47
6.757500000000000000e+02 5.217090571156963248e-47
6.758750000000000000e+02 6.762926232967072623e-47
6.760000000000000000e+02 7.128585431293963951e-47
6.761250000000000000e+02 6.084705600046046786e-47
6.762500000000000000e+02 6.206919755387065435e-47
6.763750000000000000e+02 6.155518130878423805e-47
6.765000000000000000e+02 4.972408408364836133e-47
6.766250000000000000e+02 5.589539870906662716e-47
6.767500000000000000e+02 6.275935990363785446e-47
6.768750000000000000e+02 6.060298971321794859e-47
6.770000000000000000e+02 5.536440216272683316e-47
6.771250000000000000e+02 7.251227070537413803e-47
6.772500000000000000e+02 5.130220099107857473e-47
6.773750000000000000e+02 5.734915991621121674e-47
6.775000000000000000e+02 5.830744955111123093e-47
6.776250000000000000e+02 5.604043041007993219e-47
6.777500000000000000e+02 5.387056678460760802e-47
6.778750000000000000e+02 7.064924229674673608e-47
6.780000000000000000e+02 7.599516958238914458e-47
6.781250000000000000e+02 7.141066361128409040e-47
6.782500000000000000e+02 6.028335238872813099e-47
6.783750000000000000e+02 7.067266101933661571e-47
6.785000000000000000e+02 5.907985408168813348e-47
6.786250000000000000e+02 5.569501939734140721e-47
6.787500000000000000e+02 6.118227770460406129e-47
6.788750000000000000e+02 7.722942741660540371e-47
6.790000000000000000e+02 6.141809056981382168e-47
6.791250000000000000e+02 6.270412128896575117e-47
6.792500000000000000e+02 4.559423927168748574e-47
6.793750000000000000e+02 6.617972420341329794e-47
6.795000000000000000e+02 6.057392952641547248e-47
6.796250000000000000e+02 5.563888460775860500e-47
6.797500000000000000e+02 5.527159262456870272e-47
6.798750000000000000e+02 6.202236341945336717e-47
6.800000000000000000e+02 6.001821434802964384e-47
6.801250000000000000e+02 5.829759293981504598e-47
6.802500000000000000e+02 6.280502727026628208e-47
6.803750000000000000e+02 8.513841954389778407e-47
6.805000000000000000e+02 7.014839338824734242e-47
6.806250000000000000e+02 5.443383210873609524e-47
6.807500000000000000e+02 7.313317685045411255e-47
6.808750000000000000e+02 5.590449568238172567e-47
6.810000000000000000e+02 6.352727783444798234e-47
6.811250000000000000e+02 6.587897233049274140e-47
6.812500000000000000e+02 5.708025668963782314e-47
6.813750000000000000e+02 7.640290614552888468e-47
6.815000000000000000e+02 6.668457254713687941e-47
6.816250000000000000e+02 5.717854465120283588e-47
6.817500000000000000e+02 6.976013184289548470e-47
6.818750000000000000e+02 5.070031540535540210e-47
6.820000000000000000e+02 6.196085757589628004e-47
6.821250000000000000e+02 6.441407805755172572e-47
6.822500000000000000e+02 6.668140458162026588e-47
6.823750000000000000e+02 7.389533657162702553e-47
6.825000000000000000e+02 5.660661168302897280e-47
6.826250000000000000e+02 5.488559080070917397e-47
6.827500000000000000e+02 5.641435601131873376e-47
6.828750000000000000e+02 5.214696465503473162e-47
6.830000000000000000e+02 8.034447405325600291e-47
6.831250000000000000e+02 5.468243985886267340e-47
6.832500000000000000e+02 5.863950017982964373e-47
6.833750000000000000e+02 5.706875598434941725e-47
6.835000000000000000e+02 6.562179069299290451e-47
6.836250000000000000e+02 6.162019275714706743e-47
6.837500000000000000e+02 6.020789273702317013e-47
6.838750000000000000e+02 6.747971934611229060e-47
6.840000000000000000e+02 5.768030757618071591e-47
6.841250000000000000e+02 5.994400763385810214e-47
6.842500000000000000e+02 7.129279843911114394e-47
6.843750000000000000e+02 5.844813787091431614e-47
6.845000000000000000e+02 6.868234786504907314e-47
6.846250000000000000e+02 4.853760548153932572e-47
6.847500000000000000e+02 5.736211446859808012e-47
6.848750000000000000e+02 7.332451098640788026e-47
6.850000000000000000e+02 6.904931151236994838e-47
6.851250000000000000e+02 5.939608182530418580e-47
6.852500000000000000e+02 6.447797223112388727e-47
6.853750000000000000e+02 6.457737003523956243e-47
6.855000000000000000e+02 6.581029591492237679e-47
6.856250000000000000e+02 5.002946973412687549e-47
6.857500000000000000e+02 5.668267004506156946e-47
6.858750000000000000e+02 5.809230824654179283e-47
6.860000000000000000e+02 6.637917503680920642e-47
6.861250000000000000e+02 6.485605447385568282e-47
6.862500000000000000e+02 6.851388982014980383e-47
6.863750000000000000e+02 5.891380412984329532e-47
6.865000000000000000e+02 5.990313571549284191e-47
6.866250000000000000e+02 6.570425178200938482e-47
6.867500000000000000e+02 7.441099237868569916e-47
6.868750000000000000e+02 6.644242646957000628e-47
6.870000000000000000e+02 6.227717218231335473e-47
6.871250000000000000e+02 5.861680721597718149e-47
6.872500000000000000e+02 7.486013839833477364e-47
6.873750000000000000e+02 6.334940390515533571e-47
6.875000000000000000e+02 6.815459348937516967e-47
6.876250000000000000e+02 6.755033544128089103e-47
6.877500000000000000e+02 5.646765929313974829e-47
6.878750000000000000e+02 6.355940936100217295e-47
6.880000000000000000e+02 6.423658189280787617e-47
6.881250000000000000e+02 6.349733393611401143e-47
6.882500000000000000e+02 6.549950100064394809e-47
6.883750000000000000e+02 5.745682940939114229e-47
6.885000000000000000e+02 7.164089044357595488e-47
6.886250000000000000e+02 5.220984529208398554e-47
6.887500000000000000e+02 6.165411369629121128e-47
6.888750000000000000e+02 7.187036177056415745e-47
6.890000000000000000e+02 5.522662852192846600e-47
6.891250000000000000e+02 5.654097797593699903e-47
6.892500000000000000e+02 6.293613000248249496e-47
6.893750000000000000e+02 6.082346932450562040e-47
6.895000000000000000e+02 6.360653195365718189e-47
6.896250000000000000e+02 5.337913022302055457e-47
6.897500000000000000e+02 4.809742951362873863e-47
6.898750000000000000e+02 7.876050294544320886e-47
6.900000000000000000e+02 6.951454936639564148e-47
6.901250000000000000e+02 6.979882894009148491e-47
6.902500000000000000e+02 6.875963143343934655e-47
6.903750000000000000e+02 5.158792935696401440e-47
6.905000000000000000e+02 7.142013659189428340e-47
6.906250000000000000e+02 6.424843548934209018e-47
6.907500000000000000e+02 6.315377331386397517e-47
6.908750000000000000e+02 6.457375382022450158e-47
6.910000000000000000e+02 5.636064096415183467e-47
6.911250000000000000e+02 6.970801531925686444e-47
6.912500000000000000e+02 7.479245659397370787e-47
6.913750000000000000e+02 7.751184381338984006e-47
6.915000000000000000e+02 7.928924459130203160e-47
6.916250000000000000e+02 5.222021635453127644e-47
6.917500000000000000e+02 8.796598078997105777e-47
6.918750000000000000e+02 6.721509164555555736e-47
6.920000000000000000e+02 5.677751464869296454e-47
6.921250000000000000e+02 7.989779855768683863e-47
6.922500000000000000e+02 6.692101888039950313e-47
6.923750000000000000e+02 7.271833285323203642e-47
6.925000000000000000e+02 5.460552637619623377e-47
6.926250000000000000e+02 6.723666885077148997e-47
6.927500000000000000e+02 6.626018589983214488e-47
6.928750000000000000e+02 5.751105609028630438e-47
6.930000000000000000e+02 5.664069749031450767e-47
6.931250000000000000e+02 7.122474359623738800e-47
6.932500000000000000e+02 6.610336079982350186e-47
6.933750000000000000e+02 6.257182211496667442e-47
6.935000000000000000e+02 7.251596699203987270e-47
6.936250000000000000e+02 5.830986097751833108e-47
6.937500000000000000e+02 6.229514269169000166e-47
6.938750000000000000e+02 7.367088564867934450e-47
6.940000000000000000e+02 6.520649848060070167e-47
6.941250000000000000e+02 7.356882937126757498e-47
6.942500000000000000e+02 6.548410705982239899e-47
6.943750000000000000e+02 6.683868622633654738e-47
6.945000000000000000e+02 6.659320305196087331e-47
6.946250000000000000e+02 5.270463197230380065e-47
6.947500000000000000e+02 6.974360563860990904e-47
6.948750000000000000e+02 6.571312518173117350e-47
6.950000000000000000e+02 6.809646814062017756e-47
6.951250000000000000e+02 5.820835795448566705e-47
6.952500000000000000e+02 5.986778534200241514e-47
6.953750000000000000e+02 7.018613442773560034e-47
6.955000000000000000e+02 5.939260888795294850e-47
6.956250000000000000e+02 5.586794592624519010e-47
6.957500000000000000e+02 7.438717563632648009e-47
6.958750000000000000e+02 7.359869563854728982e-47
6.960000000000000000e+02 6.595388952537074267e-47
6.961250000000000000e+02 5.736905453308375435e-47
6.962500000000000000e+02 6.150969508083113883e-47
6.963750000000000000e+02 6.813233934503939082e-47
6.965000000000000000e+02 9.124774030047985244e-47
6.966250000000000000e+02 7.475649937286490827e-47
6.967500000000000000e+02 6.005739005033277671e-47
6.968750000000000000e+02 6.381984995942411516e-47
6.970000000000000000e+02 6.901234388673912506e-47
6.971250000000000000e+02 6.332412701650636376e-47
6.972500000000000000e+02 5.990230999475139836e-47
6.973750000000000000e+02 6.096824914137657171e-47
6.975000000000000000e+02 6.159384424899428648e-47
6.976250000000000000e+02 7.310837429941072381e-47
6.977500000000000000e+02 7.067850026695560143e-47
6.978750000000000000e+02 6.112918517802863087e-47
6.980000000000000000e+02 6.359557043941408332e-47
6.981250000000000000e+02 6.656884342631854606e-47
6.982500000000000000e+02 7.625559122118869182e-47
6.983750000000000000e+02 6.095465764182199325e-47
6.985000000000000000e+02 7.186656070417423613e-47
6.986250000000000000e+02 8.156923527128477030e-47
6.987500000000000000e+02 5.704075071105297597e-47
6.988750000000000000e+02 7.873497137637682000e-47
6.990000000000000000e+02 8.006757750207668269e-47
6.991250000000000000e+02 8.264108826539399193e-47
6.992500000000000000e+02 5.192760401498890522e-47
6.993750000000000000e+02 7.104793253649843936e-47
6.995000000000000000e+02 5.084953737307147266e-47
6.996250000000000000e+02 5.939425494717967557e-47
6.997500000000000000e+02 6.142771667642802295e-47
6.998750000000000000e+02 8.188510687290213862e-47
7.000000000000000000e+02 7.128185495404796834e-47
7.001250000000000000e+02 6.222184922321766750e-47
7.002500000000000000e+02 5.774310554205240624e-47
7.003750000000000000e+02 4.805832810775545159e-47
7.005000000000000000e+02 5.365435237968373844e-47
7.006250000000000000e+02 6.604859980035495378e-47
7.007500000000000000e+02 8.148669005739222805e-47
7.008750000000000000e+02 5.971638136741674517e-47
7.010000000000000000e+02 6.686207550013944650e-47
7.011250000000000000e+02 7.256426490830485841e-47
7.012500000000000000e+02 6.390531448998622181e-47
7.013750000000000000e+02 6.970549990107123858e-47
7.015000000000000000e+02 6.951455734632191855e-47
7.016250000000000000e+02 5.460265660765588556e-47
7.017500000000000000e+02 5.095353325703026008e-47
7.018750000000000000e+02 5.482853685078240150e-47
7.020000000000000000e+02 6.751106304709395383e-47
7.021250000000000000e+02 7.782692803673863084e-47
7.022500000000000000e+02 7.266610383248062946e-47
7.023750000000000000e+02 6.477027958118148125e-47
7.025000000000000000e+02 5.824925808767901841e-47
7.026250000000000000e+02 6.819846934693107847e-47
7.027500000000000000e+02 6.407124167614860154e-47
7.028750000000000000e+02 6.446661999255393380e-47
7.030000000000000000e+02 7.308072077452280123e-47
7.031250000000000000e+02 7.176993321903730213e-47
7.032500000000000000e+02 6.821037648650148280e-47
7.033750000000000000e+02 6.754271565137151281e-47
7.035000000000000000e+02 6.637636809474468171e-47
7.036250000000000000e+02 5.812361135460251712e-47
7.037500000000000000e+02 6.816208440266697277e-47
7.038750000000000000e+02 6.462468469517664715e-47
7.040000000000000000e+02 6.993329384744186975e-47
7.041250000000000000e+02 6.859948753356389892e-47
7.042500000000000000e+02 5.260633857463080255e-47
7.043750000000000000e+02 6.709861860993268965e-47
7.045000000000000000e+02 7.027338874034069717e-47
7.046250000000000000e+02 6.505100553092701036e-47
7.047500000000000000e+02 8.285076337777644344e-47
7.048750000000000000e+02 5.175171127292164992e-47
7.050000000000000000e+02 4.710292151302163365e-47
7.051250000000000000e+02 5.559663186306554478e-47
7.052500000000000000e+02 6.388598917152500494e-47
7.053750000000000000e+02 6.691028653394433090e-47
7.055000000000000000e+02 6.525720653622772736e-47
7.056250000000000000e+02 7.236056140884088871e-47
7.057500000000000000e+02 6.710970629582044533e-47
7.058750000000000000e+02 5.776416666452462498e-47
7.060000000000000000e+02 7.481077829135689109e-47
7.061250000000000000e+02 5.599064963442062898e-47
7.062500000000000000e+02 6.305622298806649624e-47
7.063750000000000000e+02 7.640297282370184982e-47
7.065000000000000000e+02 5.974011697031976161e-47
7.066250000000000000e+02 6.621102889114000154e-47
7.067500000000000000e+02 7.303250874130939336e-47
7.068750000000000000e+02 7.543157272659930718e-47
7.070000000000000000e+02 8.104254999102854461e-47
7.071250000000000000e+02 7.799877941304166244e-47
7.072500000000000000e+02 7.243824539999196726e-47
7.073750000000000000e+02 6.005055302726790293e-47
7.075000000000000000e+02 6.284475661283207766e-47
7.076250000000000000e+02 5.644736429507603091e-47
7.077500000000000000e+02 6.589220509184035374e-47
7.078750000000000000e+02 6.802161684722416340e-47
7.080000000000000000e+02 6.025322734166064015e-47
7.081250000000000000e+02 6.746013591615266535e-47
7.082500000000000000e+02 5.762069452601941397e-47
7.083750000000000000e+02 6.556387552101114177e-47
7.085000000000000000e+02 6.964949861810094289e-47
7.086250000000000000e+02 7.740465111270900137e-47
7.087500000000000000e+02 6.285652798762061856e-47
7.088750000000000000e+02 7.560658123145073325e-47
7.090000000000000000e+02 6.600732326313907433e-47
7.091250000000000000e+02 8.657515612011787382e-47
7.092500000000000000e+02 5.736750088256435263e-47
7.093750000000000000e+02 5.902229711870377126e-47
7.095000000000000000e+02 7.318341876478759561e-47
7.096250000000000000e+02 7.363604480054600146e-47
7.097500000000000000e+02 6.210115366318781834e-47
7.098750000000000000e+02 6.522180484265293603e-47
7.100000000000000000e+02 6.613496434969329462e-47
7.101250000000000000e+02 6.527603112107363213e-47
7.102500000000000000e+02 7.002282274503400858e-47
7.103750000000000000e+02 6.088684683260508340e-47
7.105000000000000000e+02 7.023259153806509163e-47
7.106250000000000000e+02 5.859027925136065867e-47
7.107500000000000000e+02 6.462990869635536040e-47
7.108750000000000000e+02 6.830874916659631775e-47
7.110000000000000000e+02 5.938093499310622747e-47
7.111250000000000000e+02 8.018031799994499887e-47
7.112500000000000000e+02 5.989347189757320310e-47
7.113750000000000000e+02 5.426154305315017400e-47
7.115000000000000000e+02 5.336744106120302132e-47
7.116250000000000000e+02 6.133237446327364181e-47
7.117500000000000000e+02 6.215480163103842815e-47
7.118750000000000000e+02 7.939783006372605582e-47
7.120000000000000000e+02 7.157534586695809098e-47
7.121250000000000000e+02 8.435370779524437827e-47
7.122500000000000000e+02 7.296767361437807453e-47
7.123750000000000000e+02 5.626489187561493746e-47
7.125000000000000000e+02 7.508944495603052686e-47
7.126250000000000000e+02 6.939180831137457123e-47
7.127500000000000000e+02 6.774002565563334047e-47
7.128750000000000000e+02 7.630592361694578053e-47
7.130000000000000000e+02 7.514750690683765923e-47
7.131250000000000000e+02 7.149553399514441241e-47
7.132500000000000000e+02 7.788759684667272622e-47
7.133750000000000000e+02 5.574535768651089448e-47
7.135000000000000000e+02 6.821665488161437542e-47
7.136250000000000000e+02 6.829554053081645506e-47
7.137500000000000000e+02 4.697511323102770708e-47
7.138750000000000000e+02 6.596985033248103577e-47
7.140000000000000000e+02 6.947479015860477962e-47
7.141250000000000000e+02 7.134181718378067139e-47
7.142500000000000000e+02 5.791257206995990102e-47
7.143750000000000000e+02 7.597947767557789188e-47
7.145000000000000000e+02 6.358061129897011369e-47
7.146250000000000000e+02 6.883894123282811434e-47
7.147500000000000000e+02 6.698388870495155379e-47
7.148750000000000000e+02 6.909159084381481634e-47
7.150000000000000000e+02 6.250630418612900956e-47
7.151250000000000000e+02 7.282524152586950289e-47
7.152500000000000000e+02 8.538844882862027729e-47
7.153750000000000000e+02 7.301628557942361013e-47
7.155000000000000000e+02 7.194298868369486584e-47
7.156250000000000000e+02 7.469309808826387200e-47
7.157500000000000000e+02 7.417176946509978428e-47
7.158750000000000000e+02 5.399520911154477258e-47
7.160000000000000000e+02 6.270296545150770593e-47
7.161250000000000000e+02 6.645613890150257095e-47
7.162500000000000000e+02 7.252634723865556518e-47
7.163750000000000000e+02 5.183410591361733919e-47
7.165000000000000000e+02 6.284577959293144144e-47
7.166250000000000000e+02 5.090264280076766483e-47
7.167500000000000000e+02 7.625733108321141677e-47
7.168750000000000000e+02 7.805089665891063005e-47
7.170000000000000000e+02 7.187552345321627425e-47
7.171250000000000000e+02 6.702157304512766888e-47
7.172500000000000000e+02 6.905716320886623587e-47
7.173750000000000000e+02 7.210092388593840133e-47
7.175000000000000000e+02 8.343732781721569074e-47
7.176250000000000000e+02 8.365359804190875107e-47
7.177500000000000000e+02 6.163676931403279564e-47
7.178750000000000000e+02 6.408834833087567516e-47
7.180000000000000000e+02 5.120025571821726441e-47
7.181250000000000000e+02 6.784457168322407608e-47
7.182500000000000000e+02 6.471376237966704854e-47
7.183750000000000000e+02 7.920786463712541836e-47
7.185000000000000000e+02 7.014007367297286952e-47
7.186250000000000000e+02 7.562628081665603170e-47
7.187500000000000000e+02 6.118344693808171275e-47
7.188750000000000000e+02 6.350688422889799209e-47
7.190000000000000000e+02 8.039156127164918984e-47
7.191250000000000000e+02 7.538078977711405685e-47
7.192500000000000000e+02 6.255384542191314204e-47
7.193750000000000000e+02 5.326043173826936750e-47
7.195000000000000000e+02 6.062141014832731623e-47
7.196250000000000000e+02 5.682246201096476081e-47
7.197500000000000000e+02 6.475421438871796396e-47
7.198750000000000000e+02 6.328642403598670205e-47
7.200000000000000000e+02 6.510801671336320197e-47
7.201250000000000000e+02 6.382877543026820780e-47
7.202500000000000000e+02 6.580230428420096455e-47
7.203750000000000000e+02 7.798277757234801305e-47
7.205000000000000000e+02 6.397516600916059944e-47
7.206250000000000000e+02 7.368384410551191203e-47
7.207500000000000000e+02 6.515608212619494601e-47
7.208750000000000000e+02 7.435912704287758415e-47
7.210000000000000000e+02 5.948622379894158719e-47
7.211250000000000000e+02 6.609640517342265573e-47
7.212500000000000000e+02 5.038706775639419234e-47
7.213750000000000000e+02 5.813478945470545930e-47
7.215000000000000000e+02 6.314426583513100067e-47
7.216250000000000000e+02 6.385657635023338185e-47
7.217500000000000000e+02 6.567114895473612363e-47
7.218750000000000000e+02 7.117218374356789858e-47
7.220000000000000000e+02 7.532535396931529323e-47
7.221250000000000000e+02 5.964711123839661750e-47
7.222500000000000000e+02 7.635308020963977756e-47
7.223750000000000000e+02 6.469618155309931942e-47
7.225000000000000000e+02 7.011883481828354401e-47
7.226250000000000000e+02 7.811579776510044498e-47
7.227500000000000000e+02 6.710535970590241337e-47
7.228750000000000000e+02 5.324908458593960144e-47
7.230000000000000000e+02 7.851435735368806397e-47
7.231250000000000000e+02 7.412919195588955616e-47
7.232500000000000000e+02 6.351968023547599505e-47
7.233750000000000000e+02 6.147816043512625496e-47
7.235000000000000000e+02 6.908183609709194433e-47
7.236250000000000000e+02 7.100004674592833716e-47
7.237500000000000000e+02 7.700262339031892460e-47
7.238750000000000000e+02 7.031589056225364382e-47
7.240000000000000000e+02 7.837937392250642519e-47
7.241250000000000000e+02 7.002499741634387204e-47
7.242500000000000000e+02 6.009477812697155974e-47
7.243750000000000000e+02 7.428924663787304790e-47
7.245000000000000000e+02 6.112417046248746616e-47
7.246250000000000000e+02 6.125930015537255218e-47
7.247500000000000000e+02 6.675764107993006933e-47
7.248750000000000000e+02 5.622765200855610541e-47
7.250000000000000000e+02 6.232692939937196764e-47
7.251250000000000000e+02 6.545484528763192493e-47
7.252500000000000000e+02 6.997893568355277854e-47
7.253750000000000000e+02 7.039994848781802260e-47
7.255000000000000000e+02 6.668754085427661744e-47
7.256250000000000000e+02 6.524028908733553447e-47
7.257500000000000000e+02 7.510081884674755551e-47
7.258750000000000000e+02 7.175226850815554309e-47
7.260000000000000000e+02 6.311934794891770820e-47
7.261250000000000000e+02 7.987472685705668764e-47
7.262500000000000000e+02 6.392921580348591743e-47
7.263750000000000000e+02 5.846559879449301848e-47
7.265000000000000000e+02 6.197053154803280367e-47
7.266250000000000000e+02 6.688725426199325304e-47
7.267500000000000000e+02 7.447799520722510763e-47
7.268750000000000000e+02 7.165411915675421371e-47
7.270000000000000000e+02 5.508106978065541971e-47
7.271250000000000000e+02 6.518168351683610768e-47
7.272500000000000000e+02 9.175350290578003454e-47
7.273750000000000000e+02 7.353485537711668345e-47
7.275000000000000000e+02 6.324573081165743446e-47
7.276250000000000000e+02 6.382578450972457342e-47
7.277500000000000000e+02 8.084323268355175585e-47
7.278750000000000000e+02 6.631763546604468673e-47
7.280000000000000000e+02 6.026590108821591579e-47
7.281250000000000000e+02 6.877977581527730794e-47
7.282500000000000000e+02 5.919219915087377299e-47
7.283750000000000000e+02 6.910190070780688088e-47
7.285000000000000000e+02 6.693511747840378654e-47
7.286250000000000000e+02 6.563365704189477051e-47
7.287500000000000000e+02 8.062357920477982318e-47
7.288750000000000000e+02 6.907834189587162061e-47
7.290000000000000000e+02 8.728391597558631058e-47
7.291250000000000000e+02 7.545231525653090516e-47
7.292500000000000000e+02 5.811261896677697725e-47
7.293750000000000000e+02 7.982807563220026730e-47
7.295000000000000000e+02 6.419748359063870303e-47
7.296250000000000000e+02 6.441323194938594187e-47
7.297500000000000000e+02 8.111905489880376760e-47
7.298750000000000000e+02 6.530959458839088928e-47
7.300000000000000000e+02 5.729161010583436547e-47
7.301250000000000000e+02 7.741132352605680639e-47
7.302500000000000000e+02 7.971420472077560573e-47
7.303750000000000000e+02 6.760135316065691145e-47
7.305000000000000000e+02 5.712223738524322799e-47
7.306250000000000000e+02 6.937912268709166668e-47
7.307500000000000000e+02 8.371913841656800158e-47
7.308750000000000000e+02 6.717380248964883102e-47
7.310000000000000000e+02 6.620709945164955482e-47
7.311250000000000000e+02 8.600426321175186573e-47
7.312500000000000000e+02 7.520910442519125107e-47
7.313750000000000000e+02 7.272786608056221748e-47
7.315000000000000000e+02 8.400778675736540261e-47
7.316250000000000000e+02 6.779884073421789904e-47
7.317500000000000000e+02 8.096856832288927574e-47
7.318750000000000000e+02 7.818186900697475448e-47
7.320000000000000000e+02 7.520956765007526651e-47
7.321250000000000000e+02 6.974107768064358418e-47
7.322500000000000000e+02 7.556159567568024360e-47
7.323750000000000000e+02 7.940355598023996603e-47
7.325000000000000000e+02 7.034128078579280142e-47
7.326250000000000000e+02 7.043531404183225458e-47
7.327500000000000000e+02 6.373161478663116960e-47
7.328750000000000000e+02 5.349020248317817315e-47
7.330000000000000000e+02 7.477549222632521709e-47
7.331250000000000000e+02 7.103247276256544123e-47
7.332500000000000000e+02 6.222957744002993954e-47
7.333750000000000000e+02 6.587919730887138696e-47
7.335000000000000000e+02 7.053375747721175768e-47
7.336250000000000000e+02 6.282681633884805278e-47
7.337500000000000000e+02 7.836141799492885334e-47
7.338750000000000000e+02 7.603505683299832291e-47
7.340000000000000000e+02 7.388379511558286775e-47
7.341250000000000000e+02 5.892576286825957962e-47
7.342500000000000000e+02 7.333013663851302056e-47
7.343750000000000000e+02 6.843950800827441070e-47
7.345000000000000000e+02 6.796398111862788030e-47
7.346250000000000000e+02 6.152897534093480931e-47
7.347500000000000000e+02 6.556924861590523639e-47
7.348750000000000000e+02 6.420741332568748328e-47
7.350000000000000000e+02 6.818288468445536700e-47
7.351250000000000000e+02 6.860611233483605004e-47
7.352500000000000000e+02 7.538856358302576118e-47
7.353750000000000000e+02 6.662257371580562009e-47
7.355000000000000000e+02 5.434947493478779121e-47
7.356250000000000000e+02 6.126276411313231873e-47
7.357500000000000000e+02 8.049963003242290288e-47
7.358750000000000000e+02 8.310803917981654527e-47
7.360000000000000000e+02 7.913287734700334450e-47
7.361250000000000000e+02 7.621878935296891088e-47
7.362500000000000000e+02 8.384775773628123571e-47
7.363750000000000000e+02 7.636176465361841949e-47
7.365000000000000000e+02 7.629532523129244214e-47
7.366250000000000000e+02 6.913779393854764685e-47
7.367500000000000000e+02 7.002312581064714541e-47
7.368750000000000000e+02 6.837164395544032933e-47
7.370000000000000000e+02 7.100821096365197948e-47
7.371250000000000000e+02 6.675202994971024237e-47
7.372500000000000000e+02 6.833441336554065923e-47
7.373750000000000000e+02 7.744105359123201606e-47
7.375000000000000000e+02 7.445386894272445545e-47
7.376250000000000000e+02 6.258669985465911162e-47
7.377500000000000000e+02 6.293884154357476131e-47
7.378750000000000000e+02 8.357698059931661000e-47
7.380000000000000000e+02 6.663990832766360719e-47
7.381250000000000000e+02 5.697497640049403845e-47
7.382500000000000000e+02 7.457093825005743090e-47
7.383750000000000000e+02 5.717424683350141489e-47
7.385000000000000000e+02 5.725156373849334518e-47
7.386250000000000000e+02 5.415021812080190961e-47
7.387500000000000000e+02 8.317555323089367886e-47
7.388750000000000000e+02 5.881931163133830793e-47
7.390000000000000000e+02 7.810214512148126192e-47
7.391250000000000000e+02 7.002121614246300887e-47
7.392500000000000000e+02 6.333557035652922359e-47
7.393750000000000000e+02 7.122575661627435567e-47
7.395000000000000000e+02 6.852958004121955210e-47
7.396250000000000000e+02 9.091351697844157173e-47
7.397500000000000000e+02 7.202012242839891298e-47
7.398750000000000000e+02 7.557534834449830908e-47
7.400000000000000000e+02 7.061734543253054386e-47
7.401250000000000000e+02 7.120229369771246464e-47
7.402500000000000000e+02 6.212955850034700476e-47
7.403750000000000000e+02 7.328130032087629616e-47
7.405000000000000000e+02 8.413540588489134599e-47
7.406250000000000000e+02 6.409383434359019471e-47
7.407500000000000000e+02 7.825304133552009987e-47
7.408750000000000000e+02 6.316196431607595932e-47
7.410000000000000000e+02 7.014891386343060551e-47
7.411250000000000000e+02 6.434172839226634368e-47
7.412500000000000000e+02 7.642277184405822580e-47
7.413750000000000000e+02 6.560017542448185349e-47
7.415000000000000000e+02 6.164744629503227305e-47
7.416250000000000000e+02 7.515023378336805350e-47
7.417500000000000000e+02 6.731614969120875062e-47
7.418750000000000000e+02 5.879862666941025666e-47
7.420000000000000000e+02 5.947515906065724712e-47
7.421250000000000000e+02 5.953256507564373788e-47
7.422500000000000000e+02 7.515291894184320047e-47
7.423750000000000000e+02 7.541614770331879773e-47
7.425000000000000000e+02 6.535157432346460981e-47
7.426250000000000000e+02 7.403316035242344308e-47
7.427500000000000000e+02 6.608111533718221753e-47
7.428750000000000000e+02 8.440699525797736647e-47
7.430000000000000000e+02 8.171866773479197005e-47
7.431250000000000000e+02 6.262234997718231589e-47
7.432500000000000000e+02 5.831386531661479326e-47
7.433750000000000000e+02 6.334772482745066262e-47
7.435000000000000000e+02 7.284485761149312915e-47
7.436250000000000000e+02 6.704719450027869113e-47
7.437500000000000000e+02 7.835891741277955651e-47
7.438750000000000000e+02 6.577823144815225852e-47
7.440000000000000000e+02 7.839174963505950617e-47
7.441250000000000000e+02 5.842959816798658676e-47
7.442500000000000000e+02 6.586954030223645844e-47
7.443750000000000000e+02 7.674752032531301021e-47
7.445000000000000000e+02 7.361090685683137853e-47
7.446250000000000000e+02 6.953607191266322428e-47
7.447500000000000000e+02 7.580895445236424817e-47
7.448750000000000000e+02 7.507174475608722972e-47
7.450000000000000000e+02 5.206523629350718809e-47
7.451250000000000000e+02 8.868303804103139433e-47
7.452500000000000000e+02 7.039263254822489143e-47
7.453750000000000000e+02 8.337421632403542591e-47
7.455000000000000000e+02 7.784277188382819370e-47
7.456250000000000000e+02 7.136676967482185488e-47
7.457500000000000000e+02 5.663375738527417213e-47
7.458750000000000000e+02 7.014528811053901544e-47
7.460000000000000000e+02 9.655462132072631157e-47
7.461250000000000000e+02 6.484643325967522181e-47
7.462500000000000000e+02 8.278110073182740768e-47
7.463750000000000000e+02 7.518017904130066547e-47
7.465000000000000000e+02 6.701528997334363258e-47
7.466250000000000000e+02 6.039716216063610366e-47
7.467500000000000000e+02 8.255522292769993926e-47
7.468750000000000000e+02 5.787392461027479107e-47
7.470000000000000000e+02 7.355282988233514726e-47
7.471250000000000000e+02 6.766172709914473998e-47
7.472500000000000000e+02 7.452652749200370952e-47
7.473750000000000000e+02 6.957024011428136964e-47
7.475000000000000000e+02 7.579121792474845079e-47
7.476250000000000000e+02 7.694767889112334109e-47
7.477500000000000000e+02 7.936108372774167674e-47
7.478750000000000000e+02 7.961195823634975080e-47
7.480000000000000000e+02 6.528682603389565758e-47
7.481250000000000000e+02 7.367798821893433444e-47
7.482500000000000000e+02 6.871281831479836101e-47
7.483750000000000000e+02 8.156930877052271157e-47
7.485000000000000000e+02 5.355499887176885331e-47
7.486250000000000000e+02 6.293805089651748304e-47
7.487500000000000000e+02 6.801319345773812969e-47
7.488750000000000000e+02 6.550457962615166263e-47
7.490000000000000000e+02 8.321365632225538395e-47
7.491250000000000000e+02 8.363227439085312977e-47
7.492500000000000000e+02 7.575806477353588262e-47
7.493750000000000000e+02 6.822899230785706990e-47
7.495000000000000000e+02 5.687902304590716374e-47
7.496250000000000000e+02 7.001377859927082249e-47
7.497500000000000000e+02 6.379914277150401952e-47
7.498750000000000000e+02 7.462645053793369056e-47
7.500000000000000000e+02 5.650018572974541751e-47
7.501250000000000000e+02 9.234411279041683080e-47
7.502500000000000000e+02 6.832710204769798518e-47
7.503750000000000000e+02 7.026721894812772172e-47
7.505000000000000000e+02 7.657465473005811811e-47
7.506250000000000000e+02 7.282755191737828429e-47
7.507500000000000000e+02 6.895510165217480872e-47
7.508750000000000000e+02 9.553682870247809187e-47
7.510000000000000000e+02 6.014765474812777797e-47
7.511250000000000000e+02 6.177577289636010925e-47
7.512500000000000000e+02 5.336458052729458488e-47
7.513750000000000000e+02 7.290398256046169084e-47
7.515000000000000000e+02 6.372911694767539351e-47
7.516250000000000000e+02 8.250219173582431199e-47
7.517500000000000000e+02 6.438895286728940690e-47
7.518750000000000000e+02 7.772524589382401169e-47
7.520000000000000000e+02 9.562097283312572544e-47
7.521250000000000000e+02 6.558040634053931048e-47
7.522500000000000000e+02 5.834207195883049868e-47
7.523750000000000000e+02 7.922339772342172734e-47
7.525000000000000000e+02 7.321439527652017427e-47
7.526250000000000000e+02 7.027047137407425849e-47
7.527500000000000000e+02 6.522120129093468568e-47
7.528750000000000000e+02 7.918552111376169721e-47
7.530000000000000000e+02 7.675455140848913390e-47
7.531250000000000000e+02 6.589603267424890890e-47
7.532500000000000000e+02 6.678638740251929721e-47
7.533750000000000000e+02 5.529081789930045342e-47
7.535000000000000000e+02 6.788766714589483031e-47
7.536250000000000000e+02 5.442951395567633864e-47
7.537500000000000000e+02 7.641581114716334617e-47
7.538750000000000000e+02 7.553517775051548308e-47
7.540000000000000000e+02 7.022667068325463717e-47
7.541250000000000000e+02 7.211798615492078464e-47
7.542500000000000000e+02 6.584281687548753558e-47
7.543750000000000000e+02 7.433694565668238371e-47
7.545000000000000000e+02 9.211870673450245012e-47
7.546250000000000000e+02 6.546618541877734933e-47
7.547500000000000000e+02 7.069737067677491055e-47
7.548750000000000000e+02 5.605461754033823326e-47
7.550000000000000000e+02 7.598550061690731743e-47
7.551250000000000000e+02 6.287554362707796468e-47
7.552500000000000000e+02 6.245516386860745230e-47
7.553750000000000000e+02 8.337790307724157202e-47
7.555000000000000000e+02 8.987683066963924971e-47
7.556250000000000000e+02 8.403528675109212848e-47
7.557500000000000000e+02 8.549508985108664914e-47
7.558750000000000000e+02 7.621150648142282333e-47
7.560000000000000000e+02 7.134462469247460824e-47
7.561250000000000000e+02 7.954661743509467889e-47
7.562500000000000000e+02 6.739093072622806104e-47
7.563750000000000000e+02 7.718552483173302513e-47
7.565000000000000000e+02 7.620881252373282182e-47
7.566250000000000000e+02 7.508204306621580636e-47
7.567500000000000000e+02 7.935726321627754907e-47
7.568750000000000000e+02 6.925405281472962083e-47
7.570000000000000000e+02 7.271871315522295570e-47
7.571250000000000000e+02 5.663941513017291367e-47
7.572500000000000000e+02 7.909914508418759041e-47
7.573750000000000000e+02 7.483485833897035348e-47
7.575000000000000000e+02 7.842970245311954471e-47
7.576250000000000000e+02 7.722221616654530698e-47
7.577500000000000000e+02 8.144858199769618222e-47
7.578750000000000000e+02 6.429443826111911154e-47
7.580000000000000000e+02 7.006177515470999604e-47
7.581250000000000000e+02 6.268751913330652787e-47
7.582500000000000000e+02 8.037073911126462167e-47
7.583750000000000000e+02 5.530445269377311098e-47
7.585000000000000000e+02 8.462668803503545234e-47
7.586250000000000000e+02 7.724341696939522955e-47
7.587500000000000000e+02 6.270954877237694458e-47
7.588750000000000000e+02 7.691756512700521031e-47
7.590000000000000000e+02 7.973585564392509998e-47
7.591250000000000000e+02 8.365183055372463887e-47
7.592500000000000000e+02 5.418972442886688711e-47
7.593750000000000000e+02 7.414295572303290476e-47
7.595000000000000000e+02 7.434374764112608839e-47
7.596250000000000000e+02 6.731264198248786781e-47
7.597500000000000000e+02 8.527442339730212000e-47
7.598750000000000000e+02 8.571724674250423630e-47
7.600000000000000000e+02 7.282213819699326254e-47
7.601250000000000000e+02 5.993407496553149502e-47
7.602500000000000000e+02 8.224547211093801512e-47
7.603750000000000000e+02 6.082682150279708123e-47
7.605000000000000000e+02 6.847476865686498282e-47
7.606250000000000000e+02 6.906819839746398548e-47
7.607500000000000000e+02 7.848091764594777908e-47
7.608750000000000000e+02 8.116012077119914219e-47
7.610000000000000000e+02 7.289841141190059299e-47
7.611250000000000000e+02 7.845588907280372265e-47
7.612500000000000000e+02 7.873758954386121855e-47
7.613750000000000000e+02 6.798192669309374534e-47
7.615000000000000000e+02 9.365031125405042690e-47
7.616250000000000000e+02 7.588812910920503419e-47
7.617500000000000000e+02 9.039211393826212226e-47
7.618750000000000000e+02 5.482576743878060997e-47
7.620000000000000000e+02 7.303379709294108208e-47
7.621250000000000000e+02 6.891125145212007922e-47
7.622500000000000000e+02 6.497482452002510849e-47
7.623750000000000000e+02 7.579140342882098216e-47
7.625000000000000000e+02 7.037173537465627657e-47
7.626250000000000000e+02 7.448055397966827754e-47
7.627500000000000000e+02 7.328456022772952093e-47
7.628750000000000000e+02 6.840783469324355944e-47
7.630000000000000000e+02 7.252045155794469962e-47
7.631250000000000000e+02 7.683872469997186969e-47
7.632500000000000000e+02 6.615416194334822220e-47
7.633750000000000000e+02 6.701129705868743972e-47
7.635000000000000000e+02 1.027135394613690289e-46
7.636250000000000000e+02 8.222733048396236840e-47
7.637500000000000000e+02 7.822758637118950172e-47
7.638750000000000000e+02 7.673947099604266744e-47
7.640000000000000000e+02 6.894518868202759819e-47
7.641250000000000000e+02 7.539859358250322498e-47
7.642500000000000000e+02 6.616062189039802003e-47
7.643750000000000000e+02 6.144486177054690414e-47
7.645000000000000000e+02 7.642255939980291660e-47
7.646250000000000000e+02 6.992204526299306540e-47
7.647500000000000000e+02 6.769498337931453223e-47
7.648750000000000000e+02 9.229515194502390888e-47
7.650000000000000000e+02 7.271175977379520282e-47
7.651250000000000000e+02 7.021809751958056158e-47
7.652500000000000000e+02 7.791961124397076104e-47
7.653750000000000000e+02 8.305590308720768501e-47
7.655000000000000000e+02 9.241974923916893785e-47
7.656250000000000000e+02 7.484403053294038442e-47
7.657500000000000000e+02 7.844575694265764886e-47
7.658750000000000000e+02 6.639934648783353853e-47
7.660000000000000000e+02 9.046680509932443511e-47
7.661250000000000000e+02 7.329319633831738242e-47
7.662500000000000000e+02 8.104963926038953301e-47
7.663750000000000000e+02 8.072542975382899545e-47
7.665000000000000000e+02 6.614344415770075688e-47
7.666250000000000000e+02 7.155180370764358589e-47
7.667500000000000000e+02 7.065650156609387304e-47
7.668750000000000000e+02 8.812837998492029935e-47
7.670000000000000000e+02 7.091422802145079048e-47
7.671250000000000000e+02 7.930635401674630301e-47
7.672500000000000000e+02 7.260479506023941393e-47
7.673750000000000000e+02 6.985089126740338506e-47
7.675000000000000000e+02 7.916762243565966942e-47
7.676250000000000000e+02 6.695632294783945500e-47
7.677500000000000000e+02 6.955453294812639754e-47
7.678750000000000000e+02 7.836123473883905989e-47
7.680000000000000000e+02 7.754901720772857581e-47
7.681250000000000000e+02 6.053356856831390229e-47
7.682500000000000000e+02 7.372290496611957634e-47
7.683750000000000000e+02 6.613240442856559292e-47
7.685000000000000000e+02 8.763351021463007898e-47
7.686250000000000000e+02 8.373594168363778623e-47
7.687500000000000000e+02 7.407720586854583466e-47
7.688750000000000000e+02 8.129229295449175491e-47
7.690000000000000000e+02 7.386271666261497270e-47
7.691250000000000000e+02 7.266243832601496331e-47
7.692500000000000000e+02 8.558628129250911660e-47
7.693750000000000000e+02 7.036045219752036313e-47
7.695000000000000000e+02 7.340021671273685017e-47
7.696250000000000000e+02 8.161881072435965356e-47
7.697500000000000000e+02 7.337524306774845388e-47
7.698750000000000000e+02 9.856499356188421453e-47
7.700000000000000000e+02 7.659358384838241568e-47
7.701250000000000000e+02 6.306183289722791952e-47
7.702500000000000000e+02 8.595992790353382642e-47
7.703750000000000000e+02 6.898669768064466556e-47
7.705000000000000000e+02 8.116276420523226405e-47
7.706250000000000000e+02 8.975869707900188827e-47
7.707500000000000000e+02 7.032769070467623191e-47
7.708750000000000000e+02 8.363019234551978024e-47
7.710000000000000000e+02 7.463561957062291869e-47
7.711250000000000000e+02 8.387969219808070337e-47
7.712500000000000000e+02 8.527268155868354940e-47
7.713750000000000000e+02 7.390904942317322234e-47
7.715000000000000000e+02 7.891344612391405993e-47
7.716250000000000000e+02 7.094996783672645255e-47
7.717500000000000000e+02 7.349509330877342806e-47
7.718750000000000000e+02 7.939014435692459887e-47
7.720000000000000000e+02 6.895529105523300953e-47
7.721250000000000000e+02 9.171864363630134966e-47
7.722500000000000000e+02 6.498318923587813253e-47
7.723750000000000000e+02 8.514490570157720556e-47
7.725000000000000000e+02 7.528605480514058297e-47
7.726250000000000000e+02 8.039763967622350156e-47
7.727500000000000000e+02 8.341984147992777080e-47
7.728750000000000000e+02 7.107066962580520128e-47
7.730000000000000000e+02 7.317681001149892439e-47
7.731250000000000000e+02 1.046225935710893317e-46
7.732500000000000000e+02 7.084260085031170446e-47
7.733750000000000000e+02 7.848507618237147386e-47
7.735000000000000000e+02 7.155203797936846739e-47
7.736250000000000000e+02 7.288814905505766893e-47
7.737500000000000000e+02 5.783629780631554683e-47
7.738750000000000000e+02 8.029864025946764459e-47
7.740000000000000000e+02 8.120133158695140925e-47
7.741250000000000000e+02 8.442578438007968151e-47
7.742500000000000000e+02 8.370292935232237181e-47
7.743750000000000000e+02 9.295441071257267483e-47
7.745000000000000000e+02 5.951055601768995516e-47
7.746250000000000000e+02 8.513166855469701728e-47
7.747500000000000000e+02 8.599456353111028097e-47
7.748750000000000000e+02 6.585200367968152794e-47
7.750000000000000000e+02 7.153708139608431192e-47
7.751250000000000000e+02 8.204116111994033897e-47
7.752500000000000000e+02 8.613068656201169734e-47
7.753750000000000000e+02 7.387553205595540914e-47
7.755000000000000000e+02 7.181043053523574035e-47
7.756250000000000000e+02 7.192590593960067436e-47
7.757500000000000000e+02 8.088404285112073179e-47
7.758750000000000000e+02 8.787962059332695660e-47
7.760000000000000000e+02 6.982077385664181395e-47
7.761250000000000000e+02 7.830326246026117263e-47
7.762500000000000000e+02 6.521605760116045443e-47
7.763750000000000000e+02 6.602213380863179688e-47
7.765000000000000000e+02 9.497065004826602943e-47
7.766250000000000000e+02 6.074258280942375499e-47
7.767500000000000000e+02 6.982617798483525545e-47
7.768750000000000000e+02 8.118684733356952842e-47
7.770000000000000000e+02 8.429284982422063224e-47
7.771250000000000000e+02 7.159928221500903564e-47
7.772500000000000000e+02 7.822171886205073285e-47
7.773750000000000000e+02 8.225441827163861197e-47
7.775000000000000000e+02 9.062511561661873495e-47
7.776250000000000000e+02 7.476915090951227123e-47
7.777500000000000000e+02 6.009154145449989040e-47
7.778750000000000000e+02 7.049005878958074208e-47
7.780000000000000000e+02 6.842527590460487065e-47
7.781250000000000000e+02 9.668757193649745674e-47
7.782500000000000000e+02 7.368709608849927209e-47
7.783750000000000000e+02 8.349000213498359024e-47
7.785000000000000000e+02 7.744905381220249271e-47
7.786250000000000000e+02 7.283535283149285656e-47
7.787500000000000000e+02 7.042417590411666614e-47
7.788750000000000000e+02 9.690463351525579166e-47
7.790000000000000000e+02 7.651789948146033384e-47
7.791250000000000000e+02 7.827888861912077221e-47
7.792500000000000000e+02 7.647865358940171587e-47
7.793750000000000000e+02 6.694011091333021687e-47
7.795000000000000000e+02 7.349333230698468227e-47
7.796250000000000000e+02 9.030682515849947057e-47
7.797500000000000000e+02 6.685914117742685284e-47
7.798750000000000000e+02 7.114726376432085505e-47
7.800000000000000000e+02 7.963656679685537545e-47
7.801250000000000000e+02 5.625971038415937070e-47
7.802500000000000000e+02 8.604161035354000960e-47
7.803750000000000000e+02 7.059884071949905745e-47
7.805000000000000000e+02 8.364483692991738642e-47
7.806250000000000000e+02 8.092190006146242277e-47
7.807500000000000000e+02 8.542494811825543095e-47
7.808750000000000000e+02 9.613232202992441626e-47
7.810000000000000000e+02 6.159892121413073809e-47
7.811250000000000000e+02 8.682494278816574299e-47
7.812500000000000000e+02 9.141617531613508387e-47
7.813750000000000000e+02 7.195273331918245141e-47
7.815000000000000000e+02 7.676893420784224208e-47
7.816250000000000000e+02 6.868404390990233040e-47
7.817500000000000000e+02 7.736261324932289275e-47
7.818750000000000000e+02 7.792059279125706049e-47
7.820000000000000000e+02 8.683997849658033746e-47
7.821250000000000000e+02 8.438911204087851294e-47
7.822500000000000000e+02 1.111113950984148703e-46
7.823750000000000000e+02 6.713419267462842017e-47
7.825000000000000000e+02 8.594844029717288085e-47
7.826250000000000000e+02 6.766630704870042200e-47
7.827500000000000000e+02 8.204628761319722354e-47
7.828750000000000000e+02 7.004745464193267642e-47
7.830000000000000000e+02 7.257528401483428299e-47
7.831250000000000000e+02 8.791579382639402063e-47
7.832500000000000000e+02 7.608107014491175340e-47
7.833750000000000000e+02 7.401061646104299109e-47
7.835000000000000000e+02 6.426371937493682495e-47
7.836250000000000000e+02 7.545107718121082184e-47
7.837500000000000000e+02 6.892794687013643013e-47
7.838750000000000000e+02 7.675237512158044383e-47
7.840000000000000000e+02 8.895846375385385453e-47
7.841250000000000000e+02 6.971557126619911590e-47
7.842500000000000000e+02 9.163857511713559112e-47
7.843750000000000000e+02 7.103854589572397388e-47
7.845000000000000000e+02 7.319381059153290804e-47
7.846250000000000000e+02 8.230292774232223188e-47
7.847500000000000000e+02 7.272456372611373736e-47
7.848750000000000000e+02 7.120023968134411724e-47
7.850000000000000000e+02 8.789248948712069554e-47
7.851250000000000000e+02 9.498618618407899254e-47
7.852500000000000000e+02 7.564988510824996750e-47
7.853750000000000000e+02 7.628031103157653498e-47
7.855000000000000000e+02 6.996114335539122912e-47
7.856250000000000000e+02 7.725645469524069872e-47
7.857500000000000000e+02 8.647073293032322980e-47
7.858750000000000000e+02 8.067680883277342485e-47
7.860000000000000000e+02 8.153396431241532078e-47
7.861250000000000000e+02 7.699909277083760891e-47
7.862500000000000000e+02 7.825948621143670535e-47
7.863750000000000000e+02 7.541612504372686521e-47
7.865000000000000000e+02 7.370361497128533418e-47
7.866250000000000000e+02 7.629023696751423760e-47
7.867500000000000000e+02 7.523027915053644168e-47
7.868750000000000000e+02 7.064873695637179254e-47
7.870000000000000000e+02 9.761681947383314100e-47
7.871250000000000000e+02 8.219368268842614241e-47
7.872500000000000000e+02 7.013281280768915475e-47
7.873750000000000000e+02 6.288616274040405016e-47
7.875000000000000000e+02 5.847963755629710789e-47
7.876250000000000000e+02 7.973488048911748022e-47
7.877500000000000000e+02 7.955887993799213955e-47
7.878750000000000000e+02 6.192398821792197615e-47
7.880000000000000000e+02 6.857082520766891843e-47
7.881250000000000000e+02 8.822008610012604621e-47
7.882500000000000000e+02 7.633123347289343460e-47
7.883750000000000000e+02 7.211932638796849993e-47
7.885000000000000000e+02 8.743683296289237134e-47
7.886250000000000000e+02 6.682162271951650817e-47
7.887500000000000000e+02 8.149969240293611801e-47
7.888750000000000000e+02 7.934004908948647102e-47
7.890000000000000000e+02 6.608600539452093159e-47
7.891250000000000000e+02 7.444375059943405402e-47
7.892500000000000000e+02 7.247735979179777022e-47
7.893750000000000000e+02 8.316370120277288098e-47
7.895000000000000000e+02 6.378415589685819128e-47
7.896250000000000000e+02 7.704800448209519448e-47
7.897500000000000000e+02 6.997920942474101402e-47
7.898750000000000000e+02 6.643584820199923891e-47
7.900000000000000000e+02 7.285202385579451042e-47
7.901250000000000000e+02 7.388718265553047052e-47
7.902500000000000000e+02 7.883827065254927709e-47
7.903750000000000000e+02 6.541354100253663132e-47
7.905000000000000000e+02 9.171966692664690372e-47
7.906250000000000000e+02 8.303303121803338322e-47
7.907500000000000000e+02 7.194498837988198840e-47
7.908750000000000000e+02 6.756438699533927250e-47
7.910000000000000000e+02 8.931696532178123106e-47
7.911250000000000000e+02 9.568647555869990939e-47
7.912500000000000000e+02 6.528920645620973288e-47
7.913750000000000000e+02 8.725686645783232752e-47
7.915000000000000000e+02 9.261378864717692757e-47
7.916250000000000000e+02 6.864181661295154575e-47
7.917500000000000000e+02 7.539621172561307300e-47
7.918750000000000000e+02 7.743869981729278780e-47
7.920000000000000000e+02 8.675409611367424256e-47
7.921250000000000000e+02 6.504654376851076513e-47
7.922500000000000000e+02 9.050646551139650258e-47
7.923750000000000000e+02 8.239204039239483601e-47
7.925000000000000000e+02 7.171183284813231544e-47
7.926250000000000000e+02 8.580560335483455835e-47
7.927500000000000000e+02 6.087793800955471828e-47
7.928750000000000000e+02 8.161147839670706183e-47
7.930000000000000000e+02 8.155625837701509631e-47
7.931250000000000000e+02 7.372924240716194738e-47
7.932500000000000000e+02 7.700530371714953517e-47
7.933750000000000000e+02 9.809055372111873979e-47
7.935000000000000000e+02 7.277465590281624289e-47
7.936250000000000000e+02 9.551803087516103630e-47
7.937500000000000000e+02 7.197170104802613850e-47
7.938750000000000000e+02 7.715814246703505813e-47
7.940000000000000000e+02 6.457242490078792469e-47
7.941250000000000000e+02 8.551258454073454211e-47
7.942500000000000000e+02 6.846743440324645323e-47
7.943750000000000000e+02 7.092414695830881705e-47
7.945000000000000000e+02 9.694566455179625418e-47
7.946250000000000000e+02 7.056740060774943727e-47
7.947500000000000000e+02 8.610765453986464596e-47
7.948750000000000000e+02 8.612836530167424912e-47
7.950000000000000000e+02 6.445274670578560806e-47
7.951250000000000000e+02 8.862264532217189773e-47
7.952500000000000000e+02 8.411259461446069662e-47
7.953750000000000000e+02 7.645333928197304256e-47
7.955000000000000000e+02 8.421090887608962073e-47
7.956250000000000000e+02 8.912495464142492925e-47
7.957500000000000000e+02 8.370615463667938865e-47
7.958750000000000000e+02 8.107788062100479182e-47
7.960000000000000000e+02 8.563021880343938320e-47
7.961250000000000000e+02 9.090596238816371240e-47
7.962500000000000000e+02 8.720230295033922620e-47
7.963750000000000000e+02 7.193929856108799985e-47
7.965000000000000000e+02 7.588882367356249339e-47
7.966250000000000000e+02 5.924610560825193078e-47
7.967500000000000000e+02 8.082378178485611872e-47
7.968750000000000000e+02 9.456013103577383199e-47
7.970000000000000000e+02 7.375099705342982537e-47
7.971250000000000000e+02 7.383619066978526601e-47
7.972500000000000000e+02 8.633795958161098287e-47
7.973750000000000000e+02 8.696165636446712225e-47
7.975000000000000000e+02 8.490781024387825765e-47
7.976250000000000000e+02 6.487665088418998510e-47
7.977500000000000000e+02 7.407737502461400449e-47
7.978750000000000000e+02 6.400197674325187442e-47
7.980000000000000000e+02 6.509979570953312667e-47
7.981250000000000000e+02 7.219295037760853563e-47
7.982500000000000000e+02 9.690850518217627191e-47
7.983750000000000000e+02 9.067095909379816813e-47
7.985000000000000000e+02 8.263917484949223980e-47
7.986250000000000000e+02 8.824084938519044771e-47
7.987500000000000000e+02 9.369898432035719977e-47
7.988750000000000000e+02 7.453375072287251340e-47
7.990000000000000000e+02 7.367168659905533955e-47
7.991250000000000000e+02 8.722655574078067002e-47
7.992500000000000000e+02 7.792444266544240885e-47
7.993750000000000000e+02 9.147257893423823739e-47
7.995000000000000000e+02 9.048545761439641658e-47
7.996250000000000000e+02 6.999485459437860541e-47
7.997500000000000000e+02 8.865409217855680112e-47
7.998750000000000000e+02 6.230457249053892645e-47
8.000000000000000000e+02 9.267487920362034272e-47
8.001250000000000000e+02 6.255221618821089792e-47
8.002500000000000000e+02 6.975611017011370084e-47
8.003750000000000000e+02 7.782908870833201737e-47
8.005000000000000000e+02 8.016845027455335171e-47
8.006250000000000000e+02 9.665937658517332214e-47
8.007500000000000000e+02 8.446664974965611702e-47
8.008750000000000000e+02 7.350601247925152276e-47
8.010000000000000000e+02 7.694492881774713186e-47
8.011250000000000000e+02 1.046793010584490432e-46
8.012500000000000000e+02 9.466855449489354425e-47
8.013750000000000000e+02 7.983391760084791992e-47
8.015000000000000000e+02 6.949751984023269813e-47
8.016250000000000000e+02 8.572912911421532681e-47
8.017500000000000000e+02 7.364499659813523210e-47
8.018750000000000000e+02 9.015643073828527216e-47
8.020000000000000000e+02 6.422460023590671487e-47
8.021250000000000000e+02 9.069578292913771039e-47
8.022500000000000000e+02 8.959993190641114736e-47
8.023750000000000000e+02 7.251853869998075198e-47
8.025000000000000000e+02 7.145744902608034990e-47
8.026250000000000000e+02 9.344807570905996431e-47
8.027500000000000000e+02 1.007402307372156012e-46
8.028750000000000000e+02 8.540493795862306925e-47
8.030000000000000000e+02 7.763945021894307855e-47
8.031250000000000000e+02 8.912377682236871276e-47
8.032500000000000000e+02 9.542276197103567444e-47
8.033750000000000000e+02 8.213054504122435966e-47
8.035000000000000000e+02 6.924341134115525509e-47
8.036250000000000000e+02 6.855958705775700042e-47
8.037500000000000000e+02 1.225322011943693138e-46
8.038750000000000000e+02 1.005441955661319392e-46
8.040000000000000000e+02 8.460208724475055367e-47
8.041250000000000000e+02 8.950227591472003939e-47
8.042500000000000000e+02 9.300537263286219168e-47
8.043750000000000000e+02 8.178338700236067833e-47
8.045000000000000000e+02 8.443453458084237036e-47
8.046250000000000000e+02 7.792799744580277839e-47
8.047500000000000000e+02 8.170286036698224202e-47
8.048750000000000000e+02 6.953049924165207616e-47
8.050000000000000000e+02 7.168587572667966278e-47
8.051250000000000000e+02 7.411810659949227982e-47
8.052500000000000000e+02 9.686843675702270378e-47
8.053750000000000000e+02 9.913095437884517660e-47
8.055000000000000000e+02 7.606283868774627564e-47
8.056250000000000000e+02 7.838499102145367518e-47
8.057500000000000000e+02 7.392026736036877441e-47
8.058750000000000000e+02 8.315515439256438472e-47
8.060000000000000000e+02 8.579787434865044640e-47
8.061250000000000000e+02 1.040324226124208280e-46
8.062500000000000000e+02 8.101394384271723639e-47
8.063750000000000000e+02 7.711704075246816625e-47
8.065000000000000000e+02 6.906584192840853145e-47
8.066250000000000000e+02 7.951694820934044474e-47
8.067500000000000000e+02 7.961691347703665723e-47
8.068750000000000000e+02 7.521825630620646260e-47
8.070000000000000000e+02 7.745102954016277534e-47
8.071250000000000000e+02 6.772535351225322632e-47
8.072500000000000000e+02 9.213318883759827537e-47
8.073750000000000000e+02 8.314417459347148362e-47
8.075000000000000000e+02 6.541919774253845133e-47
8.076250000000000000e+02 8.273516735708343368e-47
8.077500000000000000e+02 8.059475471483515182e-47
8.078750000000000000e+02 9.144315564512255671e-47
8.080000000000000000e+02 8.701385095375261323e-47
8.081250000000000000e+02 7.358977944975019732e-47
8.082500000000000000e+02 8.798095377780552816e-47
8.083750000000000000e+02 7.890585993454433990e-47
8.085000000000000000e+02 7.513184098154739946e-47
8.086250000000000000e+02 6.690177247905556207e-47
8.087500000000000000e+02 7.797306530666624480e-47
8.088750000000000000e+02 7.989012322697038007e-47
8.090000000000000000e+02 6.805443280250074506e-47
8.091250000000000000e+02 7.775331974688982396e-47
8.092500000000000000e+02 9.597193807689126054e-47
8.093750000000000000e+02 7.348131344953942302e-47
8.095000000000000000e+02 1.030735453383411629e-46
8.096250000000000000e+02 8.573933833924350929e-47
8.097500000000000000e+02 7.809095468921452371e-47
8.098750000000000000e+02 9.242619785905651478e-47
8.100000000000000000e+02 9.453484156836775366e-47
8.101250000000000000e+02 7.207494395732925370e-47
8.102500000000000000e+02 7.809624263441418777e-47
8.103750000000000000e+02 8.056302415578488238e-47
8.105000000000000000e+02 7.734145236921744130e-47
8.106250000000000000e+02 7.448146464973631278e-47
8.107500000000000000e+02 7.641145682761303856e-47
8.108750000000000000e+02 1.010758982237149494e-46
8.110000000000000000e+02 8.229434274447546964e-47
8.111250000000000000e+02 6.931353822217420740e-47
8.112500000000000000e+02 7.658167236593922609e-47
8.113750000000000000e+02 7.926999622651322639e-47
8.115000000000000000e+02 7.128664577000047448e-47
8.116250000000000000e+02 8.435357341136286780e-47
8.117500000000000000e+02 8.085278996851603331e-47
8.118750000000000000e+02 7.385284356518603577e-47
8.120000000000000000e+02 9.932148099549448297e-47
8.121250000000000000e+02 8.671262784416575031e-47
8.122500000000000000e+02 6.994209283551231222e-47
8.123750000000000000e+02 8.806820654347494459e-47
8.125000000000000000e+02 8.974835697394061575e-47
8.126250000000000000e+02 7.919144666659753337e-47
8.127500000000000000e+02 7.244053731630216185e-47
8.128750000000000000e+02 9.815503418494559778e-47
8.130000000000000000e+02 8.629924310841026597e-47
8.131250000000000000e+02 7.788385994429270341e-47
8.132500000000000000e+02 8.676408733129688617e-47
8.133750000000000000e+02 9.847452029076141725e-47
8.135000000000000000e+02 1.025890057192466198e-46
8.136250000000000000e+02 1.065782809471639890e-46
8.137500000000000000e+02 8.178857659319434083e-47
8.138750000000000000e+02 7.641129142729621229e-47
8.140000000000000000e+02 8.437811884806776284e-47
8.141250000000000000e+02 7.637695867871607200e-47
8.142500000000000000e+02 8.466882605114205435e-47
8.143750000000000000e+02 8.841480985790551831e-47
8.145000000000000000e+02 7.729020238390492892e-47
8.146250000000000000e+02 9.278569663743691329e-47
8.147500000000000000e+02 8.808071393309333174e-47
8.148750000000000000e+02 1.026819087371963750e-46
8.150000000000000000e+02 9.549250705105441392e-47
8.151250000000000000e+02 6.023155336762974223e-47
8.152500000000000000e+02 7.318082688975450357e-47
8.153750000000000000e+02 7.703301589677938634e-47
8.155000000000000000e+02 7.390720388226511824e-47
8.156250000000000000e+02 8.117801420975701093e-47
8.157500000000000000e+02 9.042442953911796604e-47
8.158750000000000000e+02 8.118582043314422978e-47
8.160000000000000000e+02 7.559937986135167318e-47
8.161250000000000000e+02 1.037691458893356923e-46
8.162500000000000000e+02 8.586192472279105271e-47
8.163750000000000000e+02 9.407781839742673669e-47
8.165000000000000000e+02 7.021702936578886296e-47
8.166250000000000000e+02 8.721868220604702968e-47
8.167500000000000000e+02 8.954854791975938924e-47
8.168750000000000000e+02 1.104330793818195738e-46
8.170000000000000000e+02 8.373563598597185761e-47
8.171250000000000000e+02 8.448679904473915697e-47
8.172500000000000000e+02 6.885197713079955751e-47
8.173750000000000000e+02 8.549303419777317144e-47
8.175000000000000000e+02 7.979186153313709721e-47
8.176250000000000000e+02 7.729074717526981665e-47
8.177500000000000000e+02 9.385813416883081911e-47
8.178750000000000000e+02 5.694017359274214651e-47
8.180000000000000000e+02 7.800760393343074910e-47
8.181250000000000000e+02 1.043570025698884505e-46
8.182500000000000000e+02 7.165038631127916043e-47
8.183750000000000000e+02 9.046242989139763101e-47
8.185000000000000000e+02 7.928535163665312292e-47
8.186250000000000000e+02 8.117212767280034104e-47
8.187500000000000000e+02 8.291527021628248837e-47
8.188750000000000000e+02 7.239383722421167994e-47
8.190000000000000000e+02 7.311635098795813926e-47
8.191250000000000000e+02 8.922038365740551740e-47
8.192500000000000000e+02 8.836045552968824978e-47
8.193750000000000000e+02 8.381750274569027503e-47
8.195000000000000000e+02 1.018494642293852053e-46
8.196250000000000000e+02 9.190226778181628597e-47
8.197500000000000000e+02 6.839185311958720971e-47
8.198750000000000000e+02 7.193988792679423332e-47
8.200000000000000000e+02 7.332510377478372770e-47
8.201250000000000000e+02 9.581274515074902180e-47
8.202500000000000000e+02 9.125791307510063792e-47
8.203750000000000000e+02 8.142424849429159460e-47
8.205000000000000000e+02 7.731274515528971769e-47
8.206250000000000000e+02 8.214814510318156198e-47
8.207500000000000000e+02 6.842447940985498698e-47
8.208750000000000000e+02 8.018462730050618828e-47
8.210000000000000000e+02 8.278175916758680041e-47
8.211250000000000000e+02 6.340921562705195280e-47
8.212500000000000000e+02 9.020278855883338116e-47
8.213750000000000000e+02 7.176123631183100595e-47
8.215000000000000000e+02 5.832672630580134400e-47
8.216250000000000000e+02 9.036644766029917412e-47
8.217500000000000000e+02 9.278020232002138322e-47
8.218750000000000000e+02 8.797754936997827808e-47
8.220000000000000000e+02 6.596645870930512828e-47
8.221250000000000000e+02 8.726927716253802929e-47
8.222500000000000000e+02 8.690492497713818061e-47
8.223750000000000000e+02 1.004806515036761941e-46
8.225000000000000000e+02 7.789526090189500675e-47
8.226250000000000000e+02 9.539461329044937906e-47
8.227500000000000000e+02 8.659377034805015478e-47
8.228750000000000000e+02 1.099753916381715907e-46
8.230000000000000000e+02 9.050644627470215058e-47
8.231250000000000000e+02 8.327104095542345831e-47
8.232500000000000000e+02 7.898968573616721967e-47
8.233750000000000000e+02 7.992485040231826665e-47
8.235000000000000000e+02 6.699724000998099314e-47
8.236250000000000000e+02 8.113820667735447770e-47
8.237500000000000000e+02 8.071093255370211217e-47
8.238750000000000000e+02 7.557797739983375142e-47
8.240000000000000000e+02 1.072420585203470979e-46
8.241250000000000000e+02 7.672180723452341794e-47
8.242500000000000000e+02 7.270111034547956957e-47
8.243750000000000000e+02 8.482250841764793106e-47
8.245000000000000000e+02 8.666963322375992553e-47
8.246250000000000000e+02 8.176628975135624719e-47
8.247500000000000000e+02 7.870597455755873511e-47
8.248750000000000000e+02 9.027000935050642681e-47
8.250000000000000000e+02 8.724824282960397370e-47
8.251250000000000000e+02 7.667361806848346188e-47
8.252500000000000000e+02 7.842514197688274074e-47
8.253750000000000000e+02 9.625843726194763272e-47
8.255000000000000000e+02 6.159086501929523007e-47
8.256250000000000000e+02 7.608592477637455807e-47
8.257500000000000000e+02 9.286052396631736744e-47
8.258750000000000000e+02 8.611433798288114150e-47
8.260000000000000000e+02 7.659652464955615767e-47
8.261250000000000000e+02 7.721035542679331475e-47
8.262500000000000000e+02 8.458918316850358942e-47
8.263750000000000000e+02 6.698051549916690368e-47
8.265000000000000000e+02 1.020816096652822008e-46
8.266250000000000000e+02 8.744183807522716042e-47
8.267500000000000000e+02 7.272992034915289398e-47
8.268750000000000000e+02 8.033721608505565797e-47
8.270000000000000000e+02 9.017613296531658844e-47
8.271250000000000000e+02 9.499258678890737777e-47
8.272500000000000000e+02 1.041172220950209372e-46
8.273750000000000000e+02 8.203301893443344786e-47
8.275000000000000000e+02 9.577628675469396588e-47
8.276250000000000000e+02 7.228290013412123764e-47
8.277500000000000000e+02 8.627320769939321439e-47
8.278750000000000000e+02 9.627802492336211784e-47
8.280000000000000000e+02 8.419141529546851125e-47
8.281250000000000000e+02 9.427340989738979078e-47
8.282500000000000000e+02 8.645155148975808233e-47
8.283750000000000000e+02 7.595684861071653494e-47
8.285000000000000000e+02 9.337186288931733264e-47
8.286250000000000000e+02 1.038857440696571218e-46
8.287500000000000000e+02 1.114083992952660325e-46
8.288750000000000000e+02 9.230569239588189720e-47
8.290000000000000000e+02 1.208099907412890896e-46
8.291250000000000000e+02 1.108843132729820867e-46
8.292500000000000000e+02 1.005609807152474543e-46
8.293750000000000000e+02 9.815564408057904032e-47
8.295000000000000000e+02 1.078936069756737025e-46
8.296250000000000000e+02 1.165326562872250585e-46
8.297500000000000000e+02 1.037408401225316663e-46
8.298750000000000000e+02 1.080572223048153414e-46
8.300000000000000000e+02 1.156059357563712094e-46
8.301250000000000000e+02 9.877508182374690738e-47
8.302500000000000000e+02 1.190994176123840436e-46
8.303750000000000000e+02 1.195675116517972626e-46
8.305000000000000000e+02 1.008646050244851673e-46
8.306250000000000000e+02 1.211900030274318631e-46
8.307500000000000000e+02 1.161041945393602937e-46
8.308750000000000000e+02 1.182296899964926619e-46
8.310000000000000000e+02 1.020080230601004982e-46
8.311250000000000000e+02 1.229521921515424044e-46
8.312500000000000000e+02 1.077948066512215395e-46
8.313750000000000000e+02 1.028083456947041066e-46
8.315000000000000000e+02 8.195178630269138967e-47
8.316250000000000000e+02 1.158199992575826263e-46
8.317500000000000000e+02 1.122555294940933389e-46
8.318750000000000000e+02 1.124433355824469061e-46
8.320000000000000000e+02 1.151627488081201961e-46
8.321250000000000000e+02 1.523172369073768242e-46
8.322500000000000000e+02 1.212409784848237920e-46
8.323750000000000000e+02 1.364130067398535281e-46
8.325000000000000000e+02 1.487269391388448890e-46
8.326250000000000000e+02 1.391321766698758770e-46
8.327500000000000000e+02 1.520372372841985346e-46
8.328750000000000000e+02 1.797215092553483128e-46
8.330000000000000000e+02 1.288270413914676797e-46
8.331250000000000000e+02 1.623735246420172647e-46
8.332500000000000000e+02 1.523168851075100366e-46
8.333750000000000000e+02 1.310654901904160431e-46
8.335000000000000000e+02 1.453074763412718429e-46
8.336250000000000000e+02 1.992694056937733044e-46
8.337500000000000000e+02 1.545002120614002130e-46
8.338750000000000000e+02 1.564333011403744745e-46
8.340000000000000000e+02 1.557630405971863925e-46
8.341250000000000000e+02 1.874548958481671897e-46
8.342500000000000000e+02 1.461369957440419692e-46
8.343750000000000000e+02 1.860469642129174602e-46
8.345000000000000000e+02 1.814318538445492499e-46
8.346250000000000000e+02 1.675608550200415112e-46
8.347500000000000000e+02 1.675773176844380632e-46
8.348750000000000000e+02 2.113618908504964508e-46
8.350000000000000000e+02 1.944815325923337912e-46
8.351250000000000000e+02 1.570236890264421251e-46
8.352500000000000000e+02 1.593349967296219140e-46
8.353750000000000000e+02 1.810570649428607379e-46
8.355000000000000000e+02 1.253702328489622747e-46
8.356250000000000000e+02 1.625332157448489674e-46
8.357500000000000000e+02 1.451891450460917620e-46
8.358750000000000000e+02 1.307740170703939263e-46
8.360000000000000000e+02 1.532933168786099426e-46
8.361250000000000000e+02 1.414992059210475660e-46
8.362500000000000000e+02 1.375955352926255036e-46
8.363750000000000000e+02 1.144104687316373723e-46
8.365000000000000000e+02 1.240755735546865897e-46
8.366250000000000000e+02 1.138722308490174782e-46
8.367500000000000000e+02 1.002086317589062733e-46
8.368750000000000000e+02 1.057910098408590238e-46
8.370000000000000000e+02 1.242259349328386449e-46
8.371250000000000000e+02 1.213088898575680843e-46
8.372500000000000000e+02 1.095955882530549290e-46
8.373750000000000000e+02 1.295617669410865677e-46
8.375000000000000000e+02 1.331015765578350285e-46
8.376250000000000000e+02 1.123484167162285420e-46
8.377500000000000000e+02 1.015263988702497815e-46
8.378750000000000000e+02 1.183718707955575233e-46
8.380000000000000000e+02 9.162221487643502830e-47
8.381250000000000000e+02 7.894074913513729905e-47
8.382500000000000000e+02 9.736518991733799781e-47
8.383750000000000000e+02 1.203210291636851750e-46
8.385000000000000000e+02 9.895255575346027875e-47
8.386250000000000000e+02 1.156036170970498963e-46
8.387500000000000000e+02 1.023369881924027932e-46
8.388750000000000000e+02 1.017616836185561705e-46
8.390000000000000000e+02 1.005518327817666881e-46
8.391250000000000000e+02 9.706362415814475405e-47
8.392500000000000000e+02 9.598073562028450571e-47
8.393750000000000000e+02 1.056107480095278603e-46
8.395000000000000000e+02 9.314919374842928505e-47
8.396250000000000000e+02 1.139138322073538863e-46
8.397500000000000000e+02 8.775466269039933392e-47
8.398750000000000000e+02 1.011288835206702764e-46
8.400000000000000000e+02 9.326011287005408898e-47
8.401250000000000000e+02 1.049672084729219273e-46
8.402500000000000000e+02 8.892332348712068575e-47
8.403750000000000000e+02 9.745032477112851343e-47
8.405000000000000000e+02 1.077819885735449677e-46
8.406250000000000000e+02 9.262326725013406506e-47
8.407500000000000000e+02 1.023409971039843662e-46
8.408750000000000000e+02 8.881942648874726608e-47
8.410000000000000000e+02 1.050519769894251580e-46
8.411250000000000000e+02 8.138633192488617243e-47
8.412500000000000000e+02 9.828589886000189997e-47
8.413750000000000000e+02 8.998801348760080422e-47
8.415000000000000000e+02 7.981107117955054421e-47
8.416250000000000000e+02 9.549593392113394495e-47
8.417500000000000000e+02 7.692971039631364825e-47
8.418750000000000000e+02 9.484852994057684830e-47
8.420000000000000000e+02 8.883867555236789091e-47
8.421250000000000000e+02 8.873408062746297284e-47
8.422500000000000000e+02 9.615478804799032902e-47
8.423750000000000000e+02 6.903976983881177351e-47
8.425000000000000000e+02 9.220643251011850267e-47
8.426250000000000000e+02 1.006662479621551075e-46
8.427500000000000000e+02 1.162043905740445152e-46
8.428750000000000000e+02 1.227726208112309448e-46
8.430000000000000000e+02 8.444569803327983099e-47
8.431250000000000000e+02 1.002882391057510974e-46
8.432500000000000000e+02 1.033889091684094374e-46
8.433750000000000000e+02 1.025083577619645815e-46
8.435000000000000000e+02 7.939404399444417786e-47
8.436250000000000000e+02 9.017097428161101728e-47
8.437500000000000000e+02 9.828944558154181046e-47
8.438750000000000000e+02 8.415367465464961774e-47
8.440000000000000000e+02 8.915230081116500628e-47
8.441250000000000000e+02 9.042101734797695057e-47
8.442500000000000000e+02 9.824047758040583355e-47
8.443750000000000000e+02 8.533874192459200614e-47
8.445000000000000000e+02 8.985011162600037045e-47
8.446250000000000000e+02 1.100691393419513936e-46
8.447500000000000000e+02 1.046555835173834199e-46
8.448750000000000000e+02 9.504234260630431624e-47
8.450000000000000000e+02 8.474525383399889085e-47
8.451250000000000000e+02 8.878327863093495794e-47
8.452500000000000000e+02 9.287002341780995465e-47
8.453750000000000000e+02 8.478782243695916980e-47
8.455000000000000000e+02 1.116241768727370106e-46
8.456250000000000000e+02 1.091316757699630669e-46
8.457500000000000000e+02 1.072616448444490765e-46
8.458750000000000000e+02 1.100147180272952789e-46
8.460000000000000000e+02 1.040297190249556080e-46
8.461250000000000000e+02 1.004183936061681713e-46
8.462500000000000000e+02 8.080373559467158127e-47
8.463750000000000000e+02 8.145384971733164718e-47
8.465000000000000000e+02 8.739411255946111306e-47
8.466250000000000000e+02 9.177486790018725540e-47
8.467500000000000000e+02 1.029118061286243220e-46
8.468750000000000000e+02 9.689813848097076552e-47
8.470000000000000000e+02 9.048875145184049848e-47
8.471250000000000000e+02 9.991689530140123794e-47
8.472500000000000000e+02 9.317558417397791709e-47
8.473750000000000000e+02 8.750458639953411331e-47
8.475000000000000000e+02 7.341691586743244189e-47
8.476250000000000000e+02 8.549413011842407243e-47
8.477500000000000000e+02 9.147200020958894789e-47
8.478750000000000000e+02 8.886810703283607319e-47
8.480000000000000000e+02 8.000913481732596531e-47
8.481250000000000000e+02 8.155472494972544618e-47
8.482500000000000000e+02 1.014208303621724510e-46
8.483750000000000000e+02 9.552363874790347485e-47
8.485000000000000000e+02 8.270442665777851288e-47
8.486250000000000000e+02 9.659143369235001631e-47
8.487500000000000000e+02 9.642901531070448056e-47
8.488750000000000000e+02 6.962586644452927578e-47
8.490000000000000000e+02 9.503223548399737659e-47
8.491250000000000000e+02 9.141629766354320029e-47
8.492500000000000000e+02 8.157964401853616588e-47
8.493750000000000000e+02 8.892817176001164846e-47
8.495000000000000000e+02 8.424769239481574293e-47
8.496250000000000000e+02 6.050259160721239255e-47
8.497500000000000000e+02 7.012318547228098204e-47
8.498750000000000000e+02 9.068725210442339157e-47
8.500000000000000000e+02 1.009083974586292373e-46
8.501250000000000000e+02 8.543253423384657926e-47
8.502500000000000000e+02 8.354793908860767813e-47
8.503750000000000000e+02 7.419642879214475659e-47
8.505000000000000000e+02 7.123670905591742985e-47
8.506250000000000000e+02 6.874595271597362134e-47
8.507500000000000000e+02 9.363643047543863883e-47
8.508750000000000000e+02 1.004794748933019221e-46
8.510000000000000000e+02 1.027779870533190347e-46
8.511250000000000000e+02 8.679461577621739335e-47
8.512500000000000000e+02 8.467345262940070205e-47
8.513750000000000000e+02 7.947101098484463395e-47
8.515000000000000000e+02 8.359442873575130209e-47
8.516250000000000000e+02 7.340376720710986305e-47
8.517500000000000000e+02 7.997478140661813372e-47
8.518750000000000000e+02 7.990215524403309504e-47
8.520000000000000000e+02 8.799117097032564476e-47
8.521250000000000000e+02 8.252232144919805515e-47
8.522500000000000000e+02 9.639129706941312164e-47
8.523750000000000000e+02 9.557777536521668901e-47
8.525000000000000000e+02 1.060103321999335191e-46
8.526250000000000000e+02 9.553038193413333228e-47
8.527500000000000000e+02 1.007521508570371127e-46
8.528750000000000000e+02 1.059025511098860972e-46
8.530000000000000000e+02 9.809322105324226623e-47
8.531250000000000000e+02 1.133216905668461496e-46
8.532500000000000000e+02 8.936349017264013995e-47
8.533750000000000000e+02 9.439428029477543089e-47
8.535000000000000000e+02 9.302862759088216291e-47
8.536250000000000000e+02 8.746583908448888726e-47
8.537500000000000000e+02 9.534883474689273569e-47
8.538750000000000000e+02 8.866211810827488091e-47
8.540000000000000000e+02 1.200337461093218543e-46
8.541250000000000000e+02 1.131205634324130088e-46
8.542500000000000000e+02 9.963181954356411398e-47
8.543750000000000000e+02 8.803942987607100694e-47
8.545000000000000000e+02 8.720086505507947935e-47
8.546250000000000000e+02 9.197451094088165406e-47
8.547500000000000000e+02 6.385210989134163577e-47
8.548750000000000000e+02 1.011748746897505839e-46
8.550000000000000000e+02 7.420154548052101156e-47
8.551250000000000000e+02 9.069103951680986693e-47
8.552500000000000000e+02 1.088745792056439959e-46
8.553750000000000000e+02 7.467796189413879540e-47
8.555000000000000000e+02 8.123171334031470012e-47
8.556250000000000000e+02 8.806402330982770023e-47
8.557500000000000000e+02 9.160333346793621539e-47
8.558750000000000000e+02 9.950343512878003134e-47
8.560000000000000000e+02 9.489157515667774156e-47
8.561250000000000000e+02 1.081477058236236337e-46
8.562500000000000000e+02 1.022377650394439814e-46
8.563750000000000000e+02 8.869269289698402649e-47
8.565000000000000000e+02 9.460605290130519170e-47
8.566250000000000000e+02 1.005674764758290140e-46
8.567500000000000000e+02 9.066556506304718589e-47
8.568750000000000000e+02 9.611798793838504910e-47
8.570000000000000000e+02 9.568447662810586307e-47
8.571250000000000000e+02 9.464315605183838481e-47
8.572500000000000000e+02 7.743696234414051508e-47
8.573750000000000000e+02 7.629627577976689810e-47
8.575000000000000000e+02 8.451430010682845903e-47
8.576250000000000000e+02 1.208931194567032582e-46
8.577500000000000000e+02 6.277427002730071271e-47
8.578750000000000000e+02 7.794239693252108761e-47
8.580000000000000000e+02 9.892078485841749644e-47
8.581250000000000000e+02 9.101031421774573012e-47
8.582500000000000000e+02 8.691817106236090374e-47
8.583750000000000000e+02 8.966066062048182226e-47
8.585000000000000000e+02 1.086934013059289989e-46
8.586250000000000000e+02 8.849718303615677322e-47
8.587500000000000000e+02 8.171492488853030165e-47
8.588750000000000000e+02 1.081219162903721057e-46
8.590000000000000000e+02 7.703827712774885248e-47
8.591250000000000000e+02 1.004558182808189842e-46
8.592500000000000000e+02 7.855802328055772395e-47
8.593750000000000000e+02 9.097457415337064247e-47
8.595000000000000000e+02 9.621583785285112859e-47
8.596250000000000000e+02 9.906048217552677527e-47
8.597500000000000000e+02 9.244639820340325337e-47
8.598750000000000000e+02 9.680610252191875939e-47
8.600000000000000000e+02 9.051560655976752805e-47
8.601250000000000000e+02 9.321335856561395473e-47
8.602500000000000000e+02 1.060022049620712483e-46
8.603750000000000000e+02 9.748944141180628427e-47
8.605000000000000000e+02 1.073080559366592602e-46
8.606250000000000000e+02 1.040591827955651816e-46
8.607500000000000000e+02 1.384889762779149083e-46
8.608750000000000000e+02 1.213626811896493080e-46
8.610000000000000000e+02 1.010066674017025017e-46
8.611250000000000000e+02 1.217192682419165148e-46
8.612500000000000000e+02 1.378781141638509535e-46
8.613750000000000000e+02 1.324353194477195235e-46
8.615000000000000000e+02 1.372384191863221869e-46
8.616250000000000000e+02 1.721104046352462882e-46
8.617500000000000000e+02 1.940315764735333014e-46
8.618750000000000000e+02 1.979283343834472912e-46
8.620000000000000000e+02 1.860405535352545184e-46
8.621250000000000000e+02 1.525041544764129147e-46
8.622500000000000000e+02 1.311852232197131944e-46
8.623750000000000000e+02 1.489226927819370137e-46
8.625000000000000000e+02 1.302665042559220696e-46
8.626250000000000000e+02 1.330613596178292293e-46
8.627500000000000000e+02 1.251453747112552041e-46
8.628750000000000000e+02 1.101812597146084729e-46
8.630000000000000000e+02 9.643003947520947563e-47
8.631250000000000000e+02 9.502917213617098219e-47
8.632500000000000000e+02 1.065087145505424725e-46
8.633750000000000000e+02 9.751977522808037958e-47
8.635000000000000000e+02 1.005908338639650066e-46
8.636250000000000000e+02 9.706063178015020144e-47
8.637500000000000000e+02 6.979807688333251086e-47
8.638750000000000000e+02 1.037863169033219371e-46
8.640000000000000000e+02 8.562975247412138167e-47
8.641250000000000000e+02 1.032525614154618798e-46
8.642500000000000000e+02 9.626757553450502482e-47
8.643750000000000000e+02 7.457077893287924285e-47
8.645000000000000000e+02 6.335486010437554816e-47
8.646250000000000000e+02 9.585569040645191301e-47
8.647500000000000000e+02 8.797931513935572066e-47
8.648750000000000000e+02 1.057092261720118554e-46
8.650000000000000000e+02 1.002984159768800633e-46
8.651250000000000000e+02 8.970752747564181929e-47
8.652500000000000000e+02 7.799989245913884592e-47
8.653750000000000000e+02 9.692579811787039615e-47
8.655000000000000000e+02 8.171891851441896530e-47
8.656250000000000000e+02 9.624841836640016213e-47
8.657500000000000000e+02 8.679967682243117079e-47
8.658750000000000000e+02 9.180769630208374150e-47
8.660000000000000000e+02 9.395399232187350180e-47
8.661250000000000000e+02 7.702592590530108583e-47
8.662500000000000000e+02 8.970829616151991321e-47
8.663750000000000000e+02 8.499563667343075729e-47
8.665000000000000000e+02 9.826245759809370428e-47
8.666250000000000000e+02 9.184712700996080672e-47
8.667500000000000000e+02 8.286530322622897964e-47
8.668750000000000000e+02 9.159562503146613152e-47
8.670000000000000000e+02 9.374268861435283282e-47
8.671250000000000000e+02 7.305238220812050504e-47
8.672500000000000000e+02 8.993349916384624675e-47
8.673750000000000000e+02 9.461588428957754037e-47
8.675000000000000000e+02 7.106760023420565064e-47
8.676250000000000000e+02 9.954563058494485955e-47
8.677500000000000000e+02 7.869995877336353905e-47
8.678750000000000000e+02 8.327056261422504961e-47
8.680000000000000000e+02 9.767358455248698681e-47
8.681250000000000000e+02 1.135087395376923110e-46
8.682500000000000000e+02 1.035895901516406470e-46
8.683750000000000000e+02 1.109702590784419701e-46
8.685000000000000000e+02 8.924251900636241123e-47
8.686250000000000000e+02 1.142332663226770272e-46
8.687500000000000000e+02 9.296463216709350653e-47
8.688750000000000000e+02 9.438893983315869128e-47
8.690000000000000000e+02 1.076921384279348589e-46
8.691250000000000000e+02 1.007240793265922223e-46
8.692500000000000000e+02 1.118274190360989959e-46
8.693750000000000000e+02 8.845228312589987450e-47
8.695000000000000000e+02 1.173972716556139972e-46
8.696250000000000000e+02 1.052133211123910352e-46
8.697500000000000000e+02 8.131726260317335841e-47
8.698750000000000000e+02 1.048713402998117348e-46
8.700000000000000000e+02 9.476196036214786233e-47
8.701250000000000000e+02 1.054796554664443055e-46
8.702500000000000000e+02 1.028137921557003897e-46
8.703750000000000000e+02 9.924891649931106228e-47
8.705000000000000000e+02 1.086569894436044582e-46
8.706250000000000000e+02 7.664240151756674202e-47
8.707500000000000000e+02 8.335069255851325967e-47
8.708750000000000000e+02 8.643648901173317958e-47
8.710000000000000000e+02 8.541942951549454209e-47
8.711250000000000000e+02 7.655509627722059995e-47
8.712500000000000000e+02 8.973285987673239560e-47
8.713750000000000000e+02 9.886381493921329401e-47
8.715000000000000000e+02 1.018377684958308368e-46
8.716250000000000000e+02 7.312785902911780136e-47
8.717500000000000000e+02 8.429344574991549410e-47
8.718750000000000000e+02 8.806592864520015037e-47
8.720000000000000000e+02 1.028354385226164304e-46
8.721250000000000000e+02 7.819675479780289778e-47
8.722500000000000000e+02 9.681596931614998480e-47
8.723750000000000000e+02 8.453014700056268640e-47
8.725000000000000000e+02 8.617680316937949515e-47
8.726250000000000000e+02 8.436537722062581872e-47
8.727500000000000000e+02 9.658326735170656289e-47
8.728750000000000000e+02 1.127619029378284605e-46
8.730000000000000000e+02 9.071718128124476853e-47
8.731250000000000000e+02 9.768171861623827625e-47
8.732500000000000000e+02 1.018812125860869572e-46
8.733750000000000000e+02 9.242640127728511751e-47
8.735000000000000000e+02 7.232814836216163559e-47
8.736250000000000000e+02 8.430211527793434802e-47
8.737500000000000000e+02 9.887789187808229916e-47
8.738750000000000000e+02 8.522080963200909873e-47
8.740000000000000000e+02 8.960974412605179844e-47
8.741250000000000000e+02 9.269554722225228705e-47
8.742500000000000000e+02 9.875740052403183606e-47
8.743750000000000000e+02 8.348613986650441554e-47
8.745000000000000000e+02 8.903557334209229776e-47
8.746250000000000000e+02 8.870254855917413874e-47
8.747500000000000000e+02 1.042993123115117078e-46
8.748750000000000000e+02 8.518254047962112408e-47
8.750000000000000000e+02 1.022375921232420164e-46
8.751250000000000000e+02 9.084594639727399133e-47
8.752500000000000000e+02 9.480668807332267689e-47
8.753750000000000000e+02 9.034308341643820786e-47
8.755000000000000000e+02 9.675839956610152945e-47
8.756250000000000000e+02 9.675149488830978379e-47
8.757500000000000000e+02 8.518338738985382541e-47
8.758750000000000000e+02 7.071356885221160917e-47
8.760000000000000000e+02 8.155138232159835413e-47
8.761250000000000000e+02 9.445708709854801144e-47
8.762500000000000000e+02 9.143660067329987916e-47
8.763750000000000000e+02 1.121863549405440589e-46
8.765000000000000000e+02 8.739965932318442151e-47
8.766250000000000000e+02 8.680456959411284557e-47
8.767500000000000000e+02 8.530509720104721372e-47
8.768750000000000000e+02 7.086822753782432042e-47
8.770000000000000000e+02 9.502330479891699039e-47
8.771250000000000000e+02 9.136454583094327817e-47
8.772500000000000000e+02 1.069574286309646748e-46
8.773750000000000000e+02 9.618492485310196863e-47
8.775000000000000000e+02 7.427449568097934305e-47
8.776250000000000000e+02 9.480323655068195329e-47
8.777500000000000000e+02 8.511658372877864903e-47
8.778750000000000000e+02 9.188898135207831939e-47
8.780000000000000000e+02 1.140926428568182457e-46
8.781250000000000000e+02 9.990641794201608577e-47
8.782500000000000000e+02 1.085734406890370580e-46
8.783750000000000000e+02 9.769030054798565301e-47
8.785000000000000000e+02 7.307664084778599943e-47
8.786250000000000000e+02 1.150161589408952982e-46
8.787500000000000000e+02 9.747908233046553014e-47
8.788750000000000000e+02 8.147938020995342571e-47
8.790000000000000000e+02 8.462920638451928612e-47
8.791250000000000000e+02 8.670324856483552642e-47
8.792500000000000000e+02 8.959949667272959384e-47
8.793750000000000000e+02 6.952207754780540825e-47
8.795000000000000000e+02 8.224146498082580304e-47
8.796250000000000000e+02 9.670529759672826850e-47
8.797500000000000000e+02 8.247971354613150771e-47
8.798750000000000000e+02 9.763910799234132328e-47
8.800000000000000000e+02 1.075864743420386495e-46
8.801250000000000000e+02 1.141543583038615349e-46
8.802500000000000000e+02 1.154539876734586531e-46
8.803750000000000000e+02 1.112770322348340679e-46
8.805000000000000000e+02 7.158310242434601959e-47
8.806250000000000000e+02 8.604360555680761813e-47
8.807500000000000000e+02 1.020160040044585079e-46
8.808750000000000000e+02 8.399448926328412383e-47
8.810000000000000000e+02 9.381082124288475574e-47
8.811250000000000000e+02 9.832181577206605007e-47
8.812500000000000000e+02 8.456700361595100430e-47
8.813750000000000000e+02 1.214516655189550977e-46
8.815000000000000000e+02 8.412060875787568189e-47
8.816250000000000000e+02 1.010479479022836329e-46
8.817500000000000000e+02 1.019717189053061223e-46
8.818750000000000000e+02 7.332993064372462580e-47
8.820000000000000000e+02 9.497164028577393925e-47
8.821250000000000000e+02 9.761092358437109182e-47
8.822500000000000000e+02 8.678346439540924035e-47
8.823750000000000000e+02 9.756416055032551705e-47
8.825000000000000000e+02 1.033336790907112133e-46
8.826250000000000000e+02 1.040237671529072535e-46
8.827500000000000000e+02 9.806537004227037131e-47
8.828750000000000000e+02 7.601439297008051111e-47
8.830000000000000000e+02 9.324030090973710015e-47
8.831250000000000000e+02 1.100217790051279571e-46
8.832500000000000000e+02 1.092017813596427737e-46
8.833750000000000000e+02 1.050916013142032950e-46
8.835000000000000000e+02 9.951632556808483085e-47
8.836250000000000000e+02 9.117309001118937199e-47
8.837500000000000000e+02 1.081408730143300078e-46
8.838750000000000000e+02 8.153958110822093449e-47
8.840000000000000000e+02 8.688428114760417520e-47
8.841250000000000000e+02 8.435960258892193024e-47
8.842500000000000000e+02 8.067051493754793362e-47
8.843750000000000000e+02 9.249722066714638569e-47
8.845000000000000000e+02 7.911782471717637222e-47
8.846250000000000000e+02 1.036227359706262734e-46
8.847500000000000000e+02 9.297084611256554453e-47
8.848750000000000000e+02 9.480495119312536845e-47
8.850000000000000000e+02 1.038819529846151481e-46
8.851250000000000000e+02 1.046760355176174264e-46
8.852500000000000000e+02 9.758945489594045618e-47
8.853750000000000000e+02 1.132503890981542841e-46
8.855000000000000000e+02 1.030961451226973656e-46
8.856250000000000000e+02 6.922610790435426784e-47
8.857500000000000000e+02 1.058219904392271344e-46
8.858750000000000000e+02 1.141028619165342022e-46
8.860000000000000000e+02 1.008578698538728549e-46
8.861250000000000000e+02 8.926053279032499060e-47
8.862500000000000000e+02 8.362854333838001676e-47
8.863750000000000000e+02 1.127548742103563540e-46
8.865000000000000000e+02 9.491422612577632204e-47
8.866250000000000000e+02 9.550596467259253363e-47
8.867500000000000000e+02 8.956640013663988115e-47
8.868750000000000000e+02 1.024592045496184162e-46
8.870000000000000000e+02 9.474971483846001595e-47
8.871250000000000000e+02 9.719509260760978190e-47
8.872500000000000000e+02 1.018808258480507381e-46
8.873750000000000000e+02 1.060138953832540545e-46
8.875000000000000000e+02 1.190312475534121903e-46
8.876250000000000000e+02 8.718862921984469320e-47
8.877500000000000000e+02 1.033844418927742882e-46
8.878750000000000000e+02 8.846750195931491901e-47
8.880000000000000000e+02 7.197713043203555638e-47
8.881250000000000000e+02 9.048715088471914842e-47
8.882500000000000000e+02 8.000559204198323252e-47
8.883750000000000000e+02 1.026747399024420965e-46
8.885000000000000000e+02 9.099182494775880711e-47
8.886250000000000000e+02 9.599965110537344566e-47
8.887500000000000000e+02 1.281654081775575712e-46
8.888750000000000000e+02 9.956439002296915325e-47
8.890000000000000000e+02 9.964477813619076060e-47
8.891250000000000000e+02 8.701705257497329006e-47
8.892500000000000000e+02 1.039751302585719135e-46
8.893750000000000000e+02 9.130223692058591962e-47
8.895000000000000000e+02 9.956059439986535845e-47
8.896250000000000000e+02 9.974551269764326921e-47
8.897500000000000000e+02 7.636588574135008007e-47
8.898750000000000000e+02 8.289400587463361030e-47
8.900000000000000000e+02 9.730417643781505650e-47
8.901250000000000000e+02 1.002656781102422060e-46
8.902500000000000000e+02 9.245792448575491123e-47
8.903750000000000000e+02 1.025627397965074394e-46
8.905000000000000000e+02 9.196944764304061038e-47
8.906250000000000000e+02 1.086442287639007841e-46
8.907500000000000000e+02 9.092771143975334836e-47
8.908750000000000000e+02 7.781838931331862314e-47
8.910000000000000000e+02 1.142382978671884653e-46
8.911250000000000000e+02 8.967049962884415744e-47
8.912500000000000000e+02 8.783723710665605693e-47
8.913750000000000000e+02 1.042285057159782209e-46
8.915000000000000000e+02 1.052480821663254695e-46
8.916250000000000000e+02 1.103857640322487625e-46
8.917500000000000000e+02 8.088429696546664933e-47
8.918750000000000000e+02 7.849123438395250902e-47
8.920000000000000000e+02 9.031377831107214170e-47
8.921250000000000000e+02 8.573786651728650013e-47
8.922500000000000000e+02 8.699215063260083065e-47
8.923750000000000000e+02 1.041722793340895126e-46
8.925000000000000000e+02 7.888145103307454001e-47
8.926250000000000000e+02 9.771641012780096643e-47
8.927500000000000000e+02 1.060182740371694819e-46
8.928750000000000000e+02 8.166937541791591839e-47
8.930000000000000000e+02 1.160932298458973645e-46
8.931250000000000000e+02 9.602896010174700342e-47
8.932500000000000000e+02 8.708968064563349633e-47
8.933750000000000000e+02 8.807194934309878895e-47
8.935000000000000000e+02 8.775690663307645361e-47
8.936250000000000000e+02 1.132995875468581203e-46
8.937500000000000000e+02 9.830335920827113398e-47
8.938750000000000000e+02 8.346980081767333303e-47
8.940000000000000000e+02 1.004142405039240856e-46
8.941250000000000000e+02 1.017782342865630898e-46
8.942500000000000000e+02 1.113202689006514183e-46
8.943750000000000000e+02 1.053282925736395077e-46
8.945000000000000000e+02 1.156175371742476314e-46
8.946250000000000000e+02 1.013635899616835607e-46
8.947500000000000000e+02 7.117291540183512329e-47
8.948750000000000000e+02 9.140894846945805538e-47
8.950000000000000000e+02 1.026251315936127156e-46
8.951250000000000000e+02 8.751515222845691841e-47
8.952500000000000000e+02 1.095761432556825139e-46
8.953750000000000000e+02 1.004098811256150386e-46
8.955000000000000000e+02 8.593117363779517495e-47
8.956250000000000000e+02 9.865291279126201796e-47
8.957500000000000000e+02 1.031209479938100618e-46
8.958750000000000000e+02 7.954367055840289624e-47
8.960000000000000000e+02 1.044364708741421386e-46
8.961250000000000000e+02 8.938334615731275981e-47
8.962500000000000000e+02 1.122474153455684340e-46
8.963750000000000000e+02 9.418918301971763747e-47
8.965000000000000000e+02 1.234523555732195651e-46
8.966250000000000000e+02 9.000893483390236414e-47
8.967500000000000000e+02 1.151793707716432621e-46
8.968750000000000000e+02 9.145937925512490864e-47
8.970000000000000000e+02 9.227244435330915547e-47
8.971250000000000000e+02 9.458155965861304361e-47
8.972500000000000000e+02 9.741518854261322161e-47
8.973750000000000000e+02 9.132623372550396524e-47
8.975000000000000000e+02 9.802384459256853510e-47
8.976250000000000000e+02 9.812838648253851621e-47
8.977500000000000000e+02 1.022579885222966515e-46
8.978750000000000000e+02 9.508626809136322323e-47
8.980000000000000000e+02 8.883422809787454462e-47
8.981250000000000000e+02 1.149275234433757992e-46
8.982500000000000000e+02 9.720526459152635071e-47
8.983750000000000000e+02 9.850811005831067525e-47
8.985000000000000000e+02 1.147431081547649657e-46
8.986250000000000000e+02 8.779751446958015314e-47
8.987500000000000000e+02 1.430641892252429210e-46
8.988750000000000000e+02 1.027675995275086449e-46
8.990000000000000000e+02 9.981877242116566389e-47
8.991250000000000000e+02 1.308197145035405242e-46
8.992500000000000000e+02 1.480484940639046806e-46
8.993750000000000000e+02 1.133530066338505518e-46
8.995000000000000000e+02 1.076024860852936546e-46
8.996250000000000000e+02 8.655377194446275452e-47
8.997500000000000000e+02 8.711724774467878769e-47
8.998750000000000000e+02 1.040121107676375044e-46
9.000000000000000000e+02 1.046502344804574226e-46
9.001250000000000000e+02 1.044123287001018261e-46
9.002500000000000000e+02 7.454261235501243921e-47
9.003750000000000000e+02 1.012987132589766904e-46
9.005000000000000000e+02 9.153988981836803159e-47
9.006250000000000000e+02 1.245479908932770320e-46
9.007500000000000000e+02 9.977977587488856593e-47
9.008750000000000000e+02 8.766129023087624297e-47
9.010000000000000000e+02 9.556179145158756992e-47
9.011250000000000000e+02 1.084174349090024142e-46
9.012500000000000000e+02 1.080195582297777770e-46
9.013750000000000000e+02 9.264387175774045858e-47
9.015000000000000000e+02 8.290023611621397124e-47
9.016250000000000000e+02 9.296669892126092154e-47
9.017500000000000000e+02 1.090386678708400131e-46
9.018750000000000000e+02 9.357730575340527117e-47
9.020000000000000000e+02 1.021483581525023623e-46
9.021250000000000000e+02 1.052694697352501700e-46
9.022500000000000000e+02 9.350607821797349583e-47
9.023750000000000000e+02 8.999968745745020298e-47
9.025000000000000000e+02 1.145614291794222972e-46
9.026250000000000000e+02 1.180158867723443686e-46
9.027500000000000000e+02 1.050142768558840933e-46
9.028750000000000000e+02 7.901434635351968736e-47
9.030000000000000000e+02 9.066753908527492617e-47
9.031250000000000000e+02 1.133074342319703849e-46
9.032500000000000000e+02 7.768050794630188040e-47
9.033750000000000000e+02 1.225477475229456755e-46
9.035000000000000000e+02 1.033866632095214763e-46
9.036250000000000000e+02 1.017527275394585985e-46
9.037500000000000000e+02 1.053886909326126866e-46
9.038750000000000000e+02 1.109957824010980992e-46
9.040000000000000000e+02 1.042954200426774709e-46
9.041250000000000000e+02 1.017248697577722218e-46
9.042500000000000000e+02 1.053055170934947120e-46
9.043750000000000000e+02 1.162248128910790150e-46
9.045000000000000000e+02 9.115363517638815850e-47
9.046250000000000000e+02 1.068050180872781180e-46
9.047500000000000000e+02 1.276345840040644266e-46
9.048750000000000000e+02 1.264684837894001353e-46
9.050000000000000000e+02 9.900815833055898205e-47
9.051250000000000000e+02 1.173483860044782491e-46
9.052500000000000000e+02 8.022994721226356603e-47
9.053750000000000000e+02 1.194533701726873259e-46
9.055000000000000000e+02 9.057119766401456892e-47
9.056250000000000000e+02 1.050781492275348731e-46
9.057500000000000000e+02 9.662326475039181040e-47
9.058750000000000000e+02 8.131196281061455501e-47
9.060000000000000000e+02 1.225380386098941065e-46
9.061250000000000000e+02 9.450489341593503300e-47
9.062500000000000000e+02 8.864070677958070061e-47
9.063750000000000000e+02 1.414955324328617803e-46
9.065000000000000000e+02 1.160807387101194721e-46
9.066250000000000000e+02 1.162917111093433841e-46
9.067500000000000000e+02 1.156883243914375591e-46
9.068750000000000000e+02 1.394975215557913677e-46
9.070000000000000000e+02 1.061306623369150001e-46
9.071250000000000000e+02 1.119138400732391763e-46
9.072500000000000000e+02 1.288578519266063530e-46
9.073750000000000000e+02 8.996068418419393577e-47
9.075000000000000000e+02 9.786214953341161137e-47
9.076250000000000000e+02 7.765861536825028648e-47
9.077500000000000000e+02 1.054935727064172616e-46
9.078750000000000000e+02 9.460141918376046683e-47
9.080000000000000000e+02 1.025140400365563879e-46
9.081250000000000000e+02 9.405742594408946537e-47
9.082500000000000000e+02 1.051323847544493350e-46
9.083750000000000000e+02 8.402067114049249562e-47
9.085000000000000000e+02 1.053293596901629567e-46
9.086250000000000000e+02 1.095303351100028990e-46
9.087500000000000000e+02 1.031818453242876700e-46
9.088750000000000000e+02 1.087922547232034815e-46
9.090000000000000000e+02 1.371003163537877787e-46
9.091250000000000000e+02 1.099414576810225215e-46
9.092500000000000000e+02 1.077698081430597062e-46
9.093750000000000000e+02 9.367735100031227981e-47
9.095000000000000000e+02 1.202691176102294275e-46
9.096250000000000000e+02 9.766862114040930047e-47
9.097500000000000000e+02 9.947922171234838392e-47
9.098750000000000000e+02 1.004222616423877693e-46
9.100000000000000000e+02 1.274632868235974275e-46
9.101250000000000000e+02 1.886062539899464548e-46
9.102500000000000000e+02 9.925975639597280708e-47
9.103750000000000000e+02 1.017455443530937438e-46
9.105000000000000000e+02 9.443843862047370976e-47
9.106250000000000000e+02 1.174407366604465197e-46
9.107500000000000000e+02 8.879446243955913770e-47
9.108750000000000000e+02 1.090451998787148658e-46
9.110000000000000000e+02 1.120123592010079431e-46
9.111250000000000000e+02 9.129689609078603685e-47
9.112500000000000000e+02 1.287817368416779219e-46
9.113750000000000000e+02 1.207301219212386899e-46
9.115000000000000000e+02 1.097136710946452067e-46
9.116250000000000000e+02 9.371463029186428349e-47
9.117500000000000000e+02 1.068673983967352878e-46
9.118750000000000000e+02 1.143706546001232610e-46
9.120000000000000000e+02 1.001318872077671729e-46
9.121250000000000000e+02 8.718750965990122694e-47
9.122500000000000000e+02 1.079892077282423460e-46
9.123750000000000000e+02 9.408509597116616110e-47
9.125000000000000000e+02 1.005429392991061236e-46
9.126250000000000000e+02 9.481353843867635948e-47
9.127500000000000000e+02 9.714666087962722400e-47
9.128750000000000000e+02 1.113176115240822579e-46
9.130000000000000000e+02 1.052619669621971082e-46
9.131250000000000000e+02 8.217529642683855191e-47
9.132500000000000000e+02 9.016780457854286475e-47
9.133750000000000000e+02 1.095366551130223072e-46
9.135000000000000000e+02 1.072971119642226645e-46
9.136250000000000000e+02 1.109291378903780761e-46
9.137500000000000000e+02 1.012419751150998252e-46
9.138750000000000000e+02 9.082822687003847704e-47
9.140000000000000000e+02 1.172995233411454383e-46
9.141250000000000000e+02 9.144890222205803108e-47
9.142500000000000000e+02 9.076578654714525287e-47
9.143750000000000000e+02 1.401183467425843929e-46
9.145000000000000000e+02 9.544703495163665819e-47
9.146250000000000000e+02 1.041501491030482554e-46
9.147500000000000000e+02 9.394317619376477010e-47
9.148750000000000000e+02 8.147947001949275423e-47
9.150000000000000000e+02 1.188881937878340047e-46
9.151250000000000000e+02 1.025131669072540207e-46
9.152500000000000000e+02 1.084658668301868046e-46
9.153750000000000000e+02 9.588865385332426582e-47
9.155000000000000000e+02 1.007795736571140957e-46
9.156250000000000000e+02 1.070294648657083100e-46
9.157500000000000000e+02 1.175299556059695094e-46
9.158750000000000000e+02 1.379854673992508245e-46
9.160000000000000000e+02 1.009185323215066889e-46
9.161250000000000000e+02 1.114257810695258827e-46
9.162500000000000000e+02 1.118725575436371463e-46
9.163750000000000000e+02 9.105448485143000020e-47
9.165000000000000000e+02 8.175894397212570782e-47
9.166250000000000000e+02 8.882771541540275728e-47
9.167500000000000000e+02 9.880522305801270009e-47
9.168750000000000000e+02 9.887219741868197135e-47
9.170000000000000000e+02 8.337749416580544000e-47
9.171250000000000000e+02 1.036007720382791101e-46
9.172500000000000000e+02 1.075641073775099164e-46
9.173750000000000000e+02 1.109877113137400303e-46
9.175000000000000000e+02 8.166189205631126238e-47
9.176250000000000000e+02 1.027482339251146871e-46
9.177500000000000000e+02 1.017579465605874349e-46
9.178750000000000000e+02 1.016680702505351163e-46
9.180000000000000000e+02 8.568151233937550046e-47
9.181250000000000000e+02 1.028180700965888839e-46
9.182500000000000000e+02 9.762037344069954236e-47
9.183750000000000000e+02 1.068243031768784317e-46
9.185000000000000000e+02 1.044234283424150273e-46
9.186250000000000000e+02 8.561673359028463138e-47
9.187500000000000000e+02 1.133262195584603571e-46
9.188750000000000000e+02 9.753847674483571784e-47
9.190000000000000000e+02 1.175343327695147247e-46
9.191250000000000000e+02 1.101223214264046532e-46
9.192500000000000000e+02 1.094217732639931044e-46
9.193750000000000000e+02 1.053064675111720146e-46
9.195000000000000000e+02 1.011926404399046538e-46
9.196250000000000000e+02 1.047839088077395482e-46
9.197500000000000000e+02 7.896157644254752468e-47
9.198750000000000000e+02 1.166316147917857955e-46
9.200000000000000000e+02 1.076558039682679732e-46
9.201250000000000000e+02 1.113396624544107876e-46
9.202500000000000000e+02 1.178242800240455131e-46
9.203750000000000000e+02 1.221379902616333256e-46
9.205000000000000000e+02 1.107609468908019576e-46
9.206250000000000000e+02 1.065293864036364801e-46
9.207500000000000000e+02 1.172289320072162248e-46
9.208750000000000000e+02 8.725773157880954163e-47
9.210000000000000000e+02 1.114627379928525832e-46
9.211250000000000000e+02 9.423652568795281833e-47
9.212500000000000000e+02 1.137830117605701660e-46
9.213750000000000000e+02 8.611509536458422038e-47
9.215000000000000000e+02 9.625650233327461873e-47
9.216250000000000000e+02 1.186472192674529532e-46
9.217500000000000000e+02 9.707610639738474336e-47
9.218750000000000000e+02 9.652455423996097627e-47
9.220000000000000000e+02 8.515831941035205852e-47
9.221250000000000000e+02 9.748325753113855927e-47
9.222500000000000000e+02 1.000194727726686575e-46
9.223750000000000000e+02 9.922496899348825591e-47
9.225000000000000000e+02 8.356099297124911224e-47
9.226250000000000000e+02 7.282679980872221180e-47
9.227500000000000000e+02 1.111129563171167754e-46
9.228750000000000000e+02 9.854601049607754687e-47
9.230000000000000000e+02 8.166199075554101863e-47
9.231250000000000000e+02 1.018878393353977508e-46
9.232500000000000000e+02 1.047064908061381361e-46
9.233750000000000000e+02 8.987711760612442398e-47
9.235000000000000000e+02 9.224098846351707865e-47
9.236250000000000000e+02 1.097026657886597253e-46
9.237500000000000000e+02 8.595244684169077919e-47
9.238750000000000000e+02 1.107097100552822864e-46
9.240000000000000000e+02 1.087631366649270138e-46
9.241250000000000000e+02 1.005507512125364544e-46
9.242500000000000000e+02 8.712937994460129393e-47
9.243750000000000000e+02 9.712130800411137424e-47
9.245000000000000000e+02 9.559452054053671175e-47
9.246250000000000000e+02 8.507965863081970400e-47
9.247500000000000000e+02 8.666855399761833464e-47
9.248750000000000000e+02 9.618105538400023761e-47
9.250000000000000000e+02 1.036113366812281618e-46
9.251250000000000000e+02 1.001175269766364879e-46
9.252500000000000000e+02 1.001303833286476519e-46
9.253750000000000000e+02 1.125953494123150444e-46
9.255000000000000000e+02 1.190921283755636058e-46
9.256250000000000000e+02 1.019848060607691602e-46
9.257500000000000000e+02 1.017853410607126246e-46
9.258750000000000000e+02 1.053516828049185323e-46
9.260000000000000000e+02 1.204922056281847559e-46
9.261250000000000000e+02 8.349492787819546140e-47
9.262500000000000000e+02 1.055107116870537709e-46
9.263750000000000000e+02 1.298272234264009756e-46
9.265000000000000000e+02 1.338573943385006403e-46
9.266250000000000000e+02 9.494440649047581031e-47
9.267500000000000000e+02 9.659568290957247772e-47
9.268750000000000000e+02 1.269255524803903181e-46
9.270000000000000000e+02 1.094722249525701507e-46
9.271250000000000000e+02 1.091223368895037427e-46
9.272500000000000000e+02 1.148485646084906875e-46
9.273750000000000000e+02 1.153215946067710823e-46
9.275000000000000000e+02 9.741426748884114618e-47
9.276250000000000000e+02 9.556288257311556793e-47
9.277500000000000000e+02 1.213896255020296725e-46
9.278750000000000000e+02 9.629262821903260521e-47
9.280000000000000000e+02 9.300933712795124331e-47
9.281250000000000000e+02 1.002376430778272511e-46
9.282500000000000000e+02 1.072987668822738579e-46
9.283750000000000000e+02 9.758788654337378976e-47
9.285000000000000000e+02 1.107010383167311506e-46
9.286250000000000000e+02 1.135296639245432670e-46
9.287500000000000000e+02 1.022662645991684859e-46
9.288750000000000000e+02 9.713495024502277029e-47
9.290000000000000000e+02 9.259694147897491536e-47
9.291250000000000000e+02 9.507244046207109087e-47
9.292500000000000000e+02 1.070826666938390839e-46
9.293750000000000000e+02 9.722766802072969620e-47
9.295000000000000000e+02 1.251281277451021203e-46
9.296250000000000000e+02 7.623814144567852712e-47
9.297500000000000000e+02 9.200516344333652161e-47
9.298750000000000000e+02 1.085832353081827173e-46
9.300000000000000000e+02 1.365395063630140075e-46
9.301250000000000000e+02 9.892786183208173336e-47
9.302500000000000000e+02 1.138259375073308686e-46
9.303750000000000000e+02 1.087426324647164823e-46
9.305000000000000000e+02 9.574327367839933001e-47
9.306250000000000000e+02 7.701558264442214700e-47
9.307500000000000000e+02 9.769989124684387769e-47
9.308750000000000000e+02 1.218348635530811877e-46
9.310000000000000000e+02 9.700500546024815544e-47
9.311250000000000000e+02 1.249442530597021245e-46
9.312500000000000000e+02 9.382461713386466305e-47
9.313750000000000000e+02 1.001699229024125854e-46
9.315000000000000000e+02 1.042791907992382071e-46
9.316250000000000000e+02 1.231520820855921575e-46
9.317500000000000000e+02 1.362941482944988526e-46
9.318750000000000000e+02 1.110566496677483884e-46
9.320000000000000000e+02 9.941334080549018757e-47
9.321250000000000000e+02 1.052281410483252021e-46
9.322500000000000000e+02 1.156595254307443924e-46
9.323750000000000000e+02 8.917395880118006238e-47
9.325000000000000000e+02 1.123383596143405637e-46
9.326250000000000000e+02 8.658663104260577684e-47
9.327500000000000000e+02 9.987281711984681164e-47
9.328750000000000000e+02 1.124100308599722771e-46
9.330000000000000000e+02 1.407633660111442088e-46
9.331250000000000000e+02 1.131380764577284013e-46
9.332500000000000000e+02 1.152290693793229469e-46
9.333750000000000000e+02 1.143116560595208059e-46
9.335000000000000000e+02 1.053366282647520900e-46
9.336250000000000000e+02 7.550054379229510037e-47
9.337500000000000000e+02 1.094761308652030219e-46
9.338750000000000000e+02 1.206949729631927634e-46
9.340000000000000000e+02 1.118322255013197423e-46
9.341250000000000000e+02 9.068908858312774687e-47
9.342500000000000000e+02 9.385653543749691464e-47
9.343750000000000000e+02 1.003025026596613273e-46
9.345000000000000000e+02 9.023761656472543961e-47
9.346250000000000000e+02 1.233262813128755409e-46
9.347500000000000000e+02 1.096259909965421927e-46
9.348750000000000000e+02 1.121645914305549404e-46
9.350000000000000000e+02 1.153281206560591390e-46
9.351250000000000000e+02 9.877608013583655985e-47
9.352500000000000000e+02 1.197420764779141536e-46
9.353750000000000000e+02 1.105950167287135799e-46
9.355000000000000000e+02 1.292769616882121019e-46
9.356250000000000000e+02 1.190212189118359138e-46
9.357500000000000000e+02 7.474993786191329539e-47
9.358750000000000000e+02 9.029823524949743499e-47
9.360000000000000000e+02 1.149876722497732961e-46
9.361250000000000000e+02 1.084683522858077566e-46
9.362500000000000000e+02 1.230227441001928063e-46
9.363750000000000000e+02 1.143571539272722167e-46
9.365000000000000000e+02 1.141882880147641134e-46
9.366250000000000000e+02 9.071580698783904898e-47
9.367500000000000000e+02 8.741382003642831409e-47
9.368750000000000000e+02 1.034809814705598263e-46
9.370000000000000000e+02 1.208549791248692570e-46
9.371250000000000000e+02 1.062786842844398762e-46
9.372500000000000000e+02 1.054383719316532612e-46
9.373750000000000000e+02 1.263004838709086319e-46
9.375000000000000000e+02 1.027875809280747874e-46
9.376250000000000000e+02 1.136829788269893319e-46
9.377500000000000000e+02 1.022848945419228820e-46
9.378750000000000000e+02 1.264647088325706797e-46
9.380000000000000000e+02 9.589456236827457121e-47
9.381250000000000000e+02 1.207596302474577304e-46
9.382500000000000000e+02 1.004846737782518409e-46
9.383750000000000000e+02 1.012319694416634106e-46
9.385000000000000000e+02 9.849327044424346643e-47
9.386250000000000000e+02 1.152144848419476503e-46
9.387500000000000000e+02 1.038309446878601827e-46
9.388750000000000000e+02 1.098199855847631184e-46
9.390000000000000000e+02 9.938727079683439376e-47
9.391250000000000000e+02 9.980899587666020147e-47
9.392500000000000000e+02 1.132862149806058636e-46
9.393750000000000000e+02 8.663936431860899714e-47
9.395000000000000000e+02 1.068600247570517171e-46
9.396250000000000000e+02 1.324951509959526250e-46
9.397500000000000000e+02 1.301953847425208387e-46
9.398750000000000000e+02 9.697564923236793900e-47
9.400000000000000000e+02 1.115877110998310635e-46
9.401250000000000000e+02 8.891012842604441450e-47
9.402500000000000000e+02 1.095672814285206207e-46
9.403750000000000000e+02 1.105028331898635941e-46
9.405000000000000000e+02 1.032022430481956350e-46
9.406250000000000000e+02 1.052039293577658845e-46
9.407500000000000000e+02 1.337722454239788985e-46
9.408750000000000000e+02 1.022742464695073185e-46
9.410000000000000000e+02 8.372825520119694359e-47
9.411250000000000000e+02 9.391894931043011509e-47
9.412500000000000000e+02 9.020977284798756829e-47
9.413750000000000000e+02 1.011385853053958594e-46
9.415000000000000000e+02 8.997918549312069632e-47
9.416250000000000000e+02 9.930810522809442488e-47
9.417500000000000000e+02 1.006695035062787220e-46
9.418750000000000000e+02 1.025077688150169573e-46
9.420000000000000000e+02 1.138701523108052037e-46
9.421250000000000000e+02 1.006073343347710439e-46
9.422500000000000000e+02 1.123469303413034347e-46
9.423750000000000000e+02 9.929323652014142218e-47
9.425000000000000000e+02 8.860805956222712295e-47
9.426250000000000000e+02 1.009796366520762972e-46
9.427500000000000000e+02 1.224798968218576456e-46
9.428750000000000000e+02 1.184873576585285584e-46
9.430000000000000000e+02 1.003737303981550112e-46
9.431250000000000000e+02 9.887322233152812325e-47
9.432500000000000000e+02 8.634694006724628058e-47
9.433750000000000000e+02 9.947532893950795865e-47
9.435000000000000000e+02 1.024218609538038973e-46
9.436250000000000000e+02 9.331617620488281660e-47
9.437500000000000000e+02 1.193051388566017642e-46
9.438750000000000000e+02 1.123426748352819481e-46
9.440000000000000000e+02 1.091201187993917847e-46
9.441250000000000000e+02 1.245967086359807926e-46
9.442500000000000000e+02 1.028993433017403848e-46
9.443750000000000000e+02 9.369223356175045857e-47
9.445000000000000000e+02 1.295663929558135133e-46
9.446250000000000000e+02 1.171760079333699313e-46
9.447500000000000000e+02 8.831826654961058680e-47
9.448750000000000000e+02 1.197917378616424421e-46
9.450000000000000000e+02 1.040185329998841411e-46
9.451250000000000000e+02 7.964050561312724240e-47
9.452500000000000000e+02 1.227919991402982398e-46
9.453750000000000000e+02 1.188228713175941838e-46
9.455000000000000000e+02 1.080887935938918329e-46
9.456250000000000000e+02 1.130558840729323650e-46
9.457500000000000000e+02 8.948128766462324039e-47
9.458750000000000000e+02 7.425119389188296723e-47
9.460000000000000000e+02 1.045545536103861605e-46
9.461250000000000000e+02 1.006323386922507008e-46
9.462500000000000000e+02 1.194451118751099638e-46
9.463750000000000000e+02 8.957597333605918427e-47
9.465000000000000000e+02 9.997471076523833585e-47
9.466250000000000000e+02 1.095772982336734821e-46
9.467500000000000000e+02 1.188549158322105643e-46
9.468750000000000000e+02 9.676510794947385774e-47
9.470000000000000000e+02 1.165555748644531606e-46
9.471250000000000000e+02 1.078614642937619370e-46
9.472500000000000000e+02 1.441256659417032519e-46
9.473750000000000000e+02 8.345110968664887103e-47
9.475000000000000000e+02 9.156196371623821642e-47
9.476250000000000000e+02 1.167347861475454506e-46
9.477500000000000000e+02 1.074786932408825230e-46
9.478750000000000000e+02 1.188771451187475203e-46
9.480000000000000000e+02 1.061498017410199091e-46
9.481250000000000000e+02 1.106462771820739936e-46
9.482500000000000000e+02 1.095145806376069677e-46
9.483750000000000000e+02 1.223844732845557277e-46
9.485000000000000000e+02 1.163963944717893497e-46
9.486250000000000000e+02 1.311183105593864110e-46
9.487500000000000000e+02 9.855743251086559293e-47
9.488750000000000000e+02 9.512643275858018486e-47
9.490000000000000000e+02 1.204481285796229450e-46
9.491250000000000000e+02 9.583137940930091384e-47
9.492500000000000000e+02 1.248144572804776609e-46
9.493750000000000000e+02 1.254854539304666404e-46
9.495000000000000000e+02 1.070699768541153451e-46
9.496250000000000000e+02 9.630584567125360108e-47
9.497500000000000000e+02 1.000083479208661142e-46
9.498750000000000000e+02 9.542112703767994089e-47
9.500000000000000000e+02 1.170084459419661323e-46
9.501250000000000000e+02 1.090385854839696828e-46
9.502500000000000000e+02 1.093441954486243430e-46
9.503750000000000000e+02 9.227888795878071070e-47
9.505000000000000000e+02 9.548693989527233984e-47
9.506250000000000000e+02 9.962499868214695954e-47
9.507500000000000000e+02 1.022439603944330117e-46
9.508750000000000000e+02 1.136298652528653245e-46
9.510000000000000000e+02 7.818364458703531197e-47
9.511250000000000000e+02 9.868816129137189275e-47
9.512500000000000000e+02 1.024760998889925150e-46
9.513750000000000000e+02 1.070439950787774755e-46
9.515000000000000000e+02 1.055955775973407666e-46
9.516250000000000000e+02 1.129876241676482288e-46
9.517500000000000000e+02 9.350973222361580431e-47
9.518750000000000000e+02 1.172167521831465915e-46
9.520000000000000000e+02 1.185215185901212500e-46
9.521250000000000000e+02 1.181931494147123594e-46
9.522500000000000000e+02 1.189915491631408782e-46
9.523750000000000000e+02 9.158541390511155399e-47
9.525000000000000000e+02 8.603214409560181333e-47
9.526250000000000000e+02 9.113700188396719483e-47
9.527500000000000000e+02 9.874459597199989957e-47
9.528750000000000000e+02 6.759628377913542856e-47
9.530000000000000000e+02 9.664969024579570309e-47
9.531250000000000000e+02 1.138789872749211993e-46
9.532500000000000000e+02 1.035466449936525335e-46
9.533750000000000000e+02 1.037748863813077070e-46
9.535000000000000000e+02 7.990832021807715281e-47
9.536250000000000000e+02 1.087303594308873176e-46
9.537500000000000000e+02 9.685701446530738579e-47
9.538750000000000000e+02 1.089526913079625979e-46
9.540000000000000000e+02 1.093158665378309367e-46
9.541250000000000000e+02 1.065013512404954017e-46
9.542500000000000000e+02 1.193383129150465360e-46
9.543750000000000000e+02 1.290772099828085424e-46
9.545000000000000000e+02 1.126353446831205529e-46
9.546250000000000000e+02 1.077278893556692636e-46
9.547500000000000000e+02 1.087175301131323895e-46
9.548750000000000000e+02 1.039103779690802465e-46
9.550000000000000000e+02 1.021143163930715560e-46
9.551250000000000000e+02 1.013722893918189350e-46
9.552500000000000000e+02 9.347959116749041644e-47
9.553750000000000000e+02 1.454425023444569248e-46
9.555000000000000000e+02 9.674179289620348076e-47
9.556250000000000000e+02 1.173878120741368822e-46
9.557500000000000000e+02 1.140315713836487335e-46
9.558750000000000000e+02 1.040437871969045728e-46
9.560000000000000000e+02 1.065411296985469931e-46
9.561250000000000000e+02 1.061565935547842477e-46
9.562500000000000000e+02 9.355092115646426792e-47
9.563750000000000000e+02 9.477506493754831242e-47
9.565000000000000000e+02 9.368728381928101240e-47
9.566250000000000000e+02 7.927724488683318179e-47
9.567500000000000000e+02 9.640858612388894625e-47
9.568750000000000000e+02 9.287643358011651156e-47
9.570000000000000000e+02 9.119160551859477428e-47
9.571250000000000000e+02 1.154650339296294209e-46
9.572500000000000000e+02 1.073074252711113401e-46
9.573750000000000000e+02 1.234802804608435416e-46
9.575000000000000000e+02 1.055188072121719889e-46
9.576250000000000000e+02 1.151944215407704737e-46
9.577500000000000000e+02 1.202433914409704209e-46
9.578750000000000000e+02 1.143149446846774190e-46
9.580000000000000000e+02 1.146451400124720629e-46
9.581250000000000000e+02 1.249962025283297180e-46
9.582500000000000000e+02 1.184674341649562605e-46
9.583750000000000000e+02 9.611825177145947264e-47
9.585000000000000000e+02 1.225884874186233282e-46
9.586250000000000000e+02 1.018003835134620959e-46
9.587500000000000000e+02 9.201251864167602123e-47
9.588750000000000000e+02 1.087780520654204232e-46
9.590000000000000000e+02 1.059718361110652518e-46
9.591250000000000000e+02 1.272851322668315883e-46
9.592500000000000000e+02 8.531155110131755553e-47
9.593750000000000000e+02 1.284424809165360525e-46
9.595000000000000000e+02 1.062619583620944302e-46
9.596250000000000000e+02 1.201681364119940341e-46
9.597500000000000000e+02 1.213497069256419476e-46
9.598750000000000000e+02 1.117841252987716688e-46
9.600000000000000000e+02 1.219252319781158131e-46
9.601250000000000000e+02 8.994642446512325337e-47
9.602500000000000000e+02 9.578273241633687169e-47
9.603750000000000000e+02 1.023842871963736411e-46
9.605000000000000000e+02 9.754192992590909898e-47
9.606250000000000000e+02 1.271388646676650173e-46
9.607500000000000000e+02 1.288307630786052478e-46
9.608750000000000000e+02 8.480978775849939851e-47
9.610000000000000000e+02 1.181027524842459627e-46
9.611250000000000000e+02 1.232901690504405043e-46
9.612500000000000000e+02 8.788653643488861725e-47
9.613750000000000000e+02 1.175602076935292298e-46
9.615000000000000000e+02 1.077769812349296134e-46
9.616250000000000000e+02 1.012806051248062279e-46
9.617500000000000000e+02 1.246743999161025559e-46
9.618750000000000000e+02 1.012983468495330377e-46
9.620000000000000000e+02 8.953998015291715619e-47
9.621250000000000000e+02 1.156742649982091245e-46
9.622500000000000000e+02 9.362152400635679359e-47
9.623750000000000000e+02 1.530659193301326396e-46
9.625000000000000000e+02 1.048764906898010842e-46
9.626250000000000000e+02 1.201165803650630113e-46
9.627500000000000000e+02 1.147358309736585031e-46
9.628750000000000000e+02 1.181753340770196996e-46
9.630000000000000000e+02 1.187446640957660650e-46
9.631250000000000000e+02 1.192204874414136229e-46
9.632500000000000000e+02 1.314236004731590965e-46
9.633750000000000000e+02 9.781439517115665652e-47
9.635000000000000000e+02 1.234988064586222918e-46
9.636250000000000000e+02 1.275921615898323269e-46
9.637500000000000000e+02 1.391540184570557835e-46
9.638750000000000000e+02 1.063338277563970040e-46
9.640000000000000000e+02 1.270435419454751171e-46
9.641250000000000000e+02 1.247311959037668385e-46
9.642500000000000000e+02 1.320527616412429729e-46
9.643750000000000000e+02 1.077479167964944032e-46
9.645000000000000000e+02 1.094326520918450783e-46
9.646250000000000000e+02 1.148017865134113394e-46
9.647500000000000000e+02 1.454170807977649442e-46
9.648750000000000000e+02 1.034744358439962837e-46
9.650000000000000000e+02 1.079714348315224768e-46
9.651250000000000000e+02 9.991331140753950807e-47
9.652500000000000000e+02 1.006664367839969733e-46
9.653750000000000000e+02 1.032302011854169807e-46
9.655000000000000000e+02 1.013320172450533346e-46
9.656250000000000000e+02 1.057388248802906539e-46
9.657500000000000000e+02 7.339803581917495195e-47
9.658750000000000000e+02 1.150438068398463743e-46
9.660000000000000000e+02 1.386746098708973076e-46
9.661250000000000000e+02 1.222602079410839641e-46
9.662500000000000000e+02 1.146015602877576221e-46
9.663750000000000000e+02 1.216560363336564920e-46
9.665000000000000000e+02 1.324976707695868262e-46
9.666250000000000000e+02 1.268403209225415828e-46
9.667500000000000000e+02 9.355870928726524170e-47
9.668750000000000000e+02 1.079523399896822383e-46
9.670000000000000000e+02 9.736059971080696746e-47
9.671250000000000000e+02 1.262229256745302502e-46
9.672500000000000000e+02 8.983949176648935432e-47
9.673750000000000000e+02 8.800776802606069790e-47
9.675000000000000000e+02 1.586439715979694985e-46
9.676250000000000000e+02 1.080329594528246139e-46
9.677500000000000000e+02 7.820198989548205325e-47
9.678750000000000000e+02 9.939632062473641223e-47
9.680000000000000000e+02 9.197455394084552362e-47
9.681250000000000000e+02 1.106564295140708056e-46
9.682500000000000000e+02 1.247604058362882576e-46
9.683750000000000000e+02 1.259774247549047523e-46
9.685000000000000000e+02 1.147511023151486615e-46
9.686250000000000000e+02 1.350926042164210909e-46
9.687500000000000000e+02 9.838231670360269530e-47
9.688750000000000000e+02 1.072642317994942488e-46
9.690000000000000000e+02 1.157552852505650223e-46
9.691250000000000000e+02 1.190414926524374015e-46
9.692500000000000000e+02 1.199690686257120115e-46
9.693750000000000000e+02 1.209143219107644180e-46
9.695000000000000000e+02 1.172331526012445963e-46
9.696250000000000000e+02 1.277930255738682467e-46
9.697500000000000000e+02 1.072755874093757087e-46
9.698750000000000000e+02 1.179998271904647120e-46
9.700000000000000000e+02 1.217658026613692620e-46
9.701250000000000000e+02 1.139468731669591553e-46
9.702500000000000000e+02 1.212308572968030329e-46
9.703750000000000000e+02 9.236431892012209765e-47
9.705000000000000000e+02 1.104318898974216780e-46
9.706250000000000000e+02 1.442298593789610038e-46
9.707500000000000000e+02 1.304834641260621164e-46
9.708750000000000000e+02 1.073323738548233562e-46
9.710000000000000000e+02 1.200210709972431604e-46
9.711250000000000000e+02 9.233099309802997959e-47
9.712500000000000000e+02 1.148369645152503538e-46
9.713750000000000000e+02 9.864215740213127531e-47
9.715000000000000000e+02 1.246700826032486327e-46
9.716250000000000000e+02 1.046787614073981451e-46
9.717500000000000000e+02 1.171529917124419068e-46
9.718750000000000000e+02 1.174440887088029773e-46
9.720000000000000000e+02 1.044091168526216709e-46
9.721250000000000000e+02 9.163855640759467188e-47
9.722500000000000000e+02 1.183453315381270916e-46
9.723750000000000000e+02 1.094650816123121186e-46
9.725000000000000000e+02 1.149179847553305566e-46
9.726250000000000000e+02 1.129193853933139191e-46
9.727500000000000000e+02 1.416328846438079391e-46
9.728750000000000000e+02 1.133784051214852146e-46
9.730000000000000000e+02 7.611044944474144034e-47
9.731250000000000000e+02 1.114640347370729467e-46
9.732500000000000000e+02 9.830074059165421088e-47
9.733750000000000000e+02 9.375904681491054884e-47
9.735000000000000000e+02 9.918636319256561065e-47
9.736250000000000000e+02 9.282456989101056333e-47
9.737500000000000000e+02 1.074108154851368990e-46
9.738750000000000000e+02 8.121247368811457795e-47
9.740000000000000000e+02 1.279111715698326655e-46
9.741250000000000000e+02 1.025188436380096199e-46
9.742500000000000000e+02 1.094723274296241399e-46
9.743750000000000000e+02 1.502811025888932776e-46
9.745000000000000000e+02 1.166251627838311268e-46
9.746250000000000000e+02 9.517029486105877388e-47
9.747500000000000000e+02 1.439414294066757052e-46
9.748750000000000000e+02 1.150505558441443285e-46
9.750000000000000000e+02 1.103844262994146320e-46
9.751250000000000000e+02 1.118732828567055555e-46
9.752500000000000000e+02 1.197177522467739375e-46
9.753750000000000000e+02 1.023159896201040724e-46
9.755000000000000000e+02 1.109871605318188210e-46
9.756250000000000000e+02 9.723133662342122046e-47
9.757500000000000000e+02 1.153517044927677095e-46
9.758750000000000000e+02 1.003546237432300763e-46
9.760000000000000000e+02 1.046905116581142638e-46
9.761250000000000000e+02 9.248357070996015375e-47
9.762500000000000000e+02 1.164175570687253133e-46
9.763750000000000000e+02 1.077018227035295240e-46
9.765000000000000000e+02 1.146207779289214631e-46
9.766250000000000000e+02 1.136678841424526039e-46
9.767500000000000000e+02 1.168224918071852935e-46
9.768750000000000000e+02 9.036504836282368829e-47
9.770000000000000000e+02 1.085510933060661788e-46
9.771250000000000000e+02 1.087757155546253810e-46
9.772500000000000000e+02 9.908770944428071433e-47
9.773750000000000000e+02 1.141965297695882204e-46
9.775000000000000000e+02 1.164434517145558022e-46
9.776250000000000000e+02 1.167252956321706995e-46
9.777500000000000000e+02 1.385769469478311407e-46
9.778750000000000000e+02 1.537588164694954625e-46
9.780000000000000000e+02 9.309309465544750571e-47
9.781250000000000000e+02 1.251818208890912058e-46
9.782500000000000000e+02 1.317458092378467683e-46
9.783750000000000000e+02 9.638540521648916313e-47
9.785000000000000000e+02 1.243006030347320924e-46
9.786250000000000000e+02 1.204959187004807783e-46
9.787500000000000000e+02 1.092188799689332272e-46
9.788750000000000000e+02 9.670074253643756103e-47
9.790000000000000000e+02 1.177972322847532298e-46
9.791250000000000000e+02 1.114389110486368957e-46
9.792500000000000000e+02 9.964182931754649305e-47
9.793750000000000000e+02 1.295298072344723256e-46
9.795000000000000000e+02 1.198442918539581543e-46
9.796250000000000000e+02 1.143300940582699699e-46
9.797500000000000000e+02 1.291993850166807073e-46
9.798750000000000000e+02 1.181357941410165084e-46
9.800000000000000000e+02 1.028570798942451427e-46
9.801250000000000000e+02 1.053578384272141628e-46
9.802500000000000000e+02 1.392885385654911242e-46
9.803750000000000000e+02 1.100417542937494543e-46
9.805000000000000000e+02 1.275866719986160440e-46
9.806250000000000000e+02 1.102371300384186780e-46
9.807500000000000000e+02 1.004584614853086810e-46
9.808750000000000000e+02 9.287647113824674525e-47
9.810000000000000000e+02 1.167463799656232525e-46
9.811250000000000000e+02 1.236948108492552339e-46
9.812500000000000000e+02 1.224486902648259350e-46
9.813750000000000000e+02 1.150377798431932669e-46
9.815000000000000000e+02 1.323781742853618670e-46
9.816250000000000000e+02 1.290973543889838220e-46
9.817500000000000000e+02 1.389107514529103813e-46
9.818750000000000000e+02 1.275658735984553719e-46
9.820000000000000000e+02 1.096824505163055384e-46
9.821250000000000000e+02 1.137773658383607033e-46
9.822500000000000000e+02 1.056742056120967052e-46
9.823750000000000000e+02 1.234681539408372790e-46
9.825000000000000000e+02 1.183637901749699229e-46
9.826250000000000000e+02 9.719251409589501199e-47
9.827500000000000000e+02 1.164604347050718916e-46
9.828750000000000000e+02 1.057384251946417301e-46
9.830000000000000000e+02 9.878360339532113354e-47
9.831250000000000000e+02 1.054462088911951938e-46
9.832500000000000000e+02 1.130610591528219710e-46
9.833750000000000000e+02 1.117725312396285291e-46
9.835000000000000000e+02 1.033252846948430288e-46
9.836250000000000000e+02 1.285503717593058795e-46
9.837500000000000000e+02 1.189232771758739996e-46
9.838750000000000000e+02 1.313571829769295492e-46
9.840000000000000000e+02 1.017686878408069863e-46
9.841250000000000000e+02 1.040668591161353071e-46
9.842500000000000000e+02 1.230325720680311495e-46
9.843750000000000000e+02 1.285822463748540792e-46
9.845000000000000000e+02 9.765461965785451551e-47
9.846250000000000000e+02 1.546744285467907185e-46
9.847500000000000000e+02 9.826123069602988100e-47
9.848750000000000000e+02 1.388028172224491898e-46
9.850000000000000000e+02 1.221263720651022855e-46
9.851250000000000000e+02 1.067435612080443793e-46
9.852500000000000000e+02 1.002829665629837628e-46
9.853750000000000000e+02 1.312203023032154812e-46
9.855000000000000000e+02 1.107402276830327282e-46
9.856250000000000000e+02 1.317246574099160250e-46
9.857500000000000000e+02 1.156664394019868040e-46
9.858750000000000000e+02 1.194103493017784322e-46
9.860000000000000000e+02 1.286767935640851272e-46
9.861250000000000000e+02 1.394296607978666756e-46
9.862500000000000000e+02 1.220768365846342986e-46
9.863750000000000000e+02 1.272905474704049860e-46
9.865000000000000000e+02 1.077351116356239463e-46
9.866250000000000000e+02 1.451117043881277539e-46
9.867500000000000000e+02 1.240811572544125179e-46
9.868750000000000000e+02 1.010750341606947591e-46
9.870000000000000000e+02 1.270054662329627792e-46
9.871250000000000000e+02 1.160316401306923783e-46
9.872500000000000000e+02 9.720631097975296192e-47
9.873750000000000000e+02 1.194893765087627274e-46
9.875000000000000000e+02 1.426721709328167486e-46
9.876250000000000000e+02 1.225202617186436972e-46
9.877500000000000000e+02 9.206442384862308637e-47
9.878750000000000000e+02 1.365104104944070108e-46
9.880000000000000000e+02 1.301266323856379836e-46
9.881250000000000000e+02 1.196163262372051062e-46
9.882500000000000000e+02 1.354074766258010942e-46
9.883750000000000000e+02 1.297016087091379374e-46
9.885000000000000000e+02 1.186608691914824347e-46
9.886250000000000000e+02 1.149569119806526414e-46
9.887500000000000000e+02 1.199133885003530811e-46
9.888750000000000000e+02 1.383340959398361001e-46
9.890000000000000000e+02 1.312797024719718612e-46
9.891250000000000000e+02 1.065449761217420183e-46
9.892500000000000000e+02 1.012095950052352013e-46
9.893750000000000000e+02 1.213390887617015524e-46
9.895000000000000000e+02 1.094078761922541483e-46
9.896250000000000000e+02 1.156877521576396747e-46
9.897500000000000000e+02 1.236179449739654007e-46
9.898750000000000000e+02 1.280450161462759262e-46
9.900000000000000000e+02 1.245834439678091788e-46
9.901250000000000000e+02 1.258761840575529595e-46
9.902500000000000000e+02 9.350352942674708459e-47
9.903750000000000000e+02 1.358146793757996310e-46
9.905000000000000000e+02 1.174474080861723672e-46
9.906250000000000000e+02 1.204276077863295694e-46
9.907500000000000000e+02 1.355417808197740537e-46
9.908750000000000000e+02 1.370976301258533755e-46
9.910000000000000000e+02 1.360303224339656195e-46
9.911250000000000000e+02 1.450477916694700645e-46
9.912500000000000000e+02 1.245987410791333418e-46
9.913750000000000000e+02 1.222709590437711350e-46
9.915000000000000000e+02 9.365269528358220427e-47
9.916250000000000000e+02 1.833027799855746103e-46
9.917500000000000000e+02 3.264670910170003873e-46
9.918750000000000000e+02 6.560373074381258423e-46
9.920000000000000000e+02 1.042631974067044185e-46
9.921250000000000000e+02 1.081761133788670868e-46
9.922500000000000000e+02 1.333876478406713289e-46
9.923750000000000000e+02 1.139704191985132477e-46
9.925000000000000000e+02 1.124297919070440736e-46
9.926250000000000000e+02 1.297930563004628264e-46
9.927500000000000000e+02 1.423289920503262221e-46
9.928750000000000000e+02 1.113625385711084456e-46
9.930000000000000000e+02 1.255819682461424584e-46
9.931250000000000000e+02 1.250036734361343448e-46
9.932500000000000000e+02 1.087045063395189125e-46
9.933750000000000000e+02 1.106501201046038944e-46
9.935000000000000000e+02 1.446932575521837315e-46
9.936250000000000000e+02 1.278484279998315194e-46
9.937500000000000000e+02 1.396345773689436279e-46
9.938750000000000000e+02 1.317904412687727087e-46
9.940000000000000000e+02 1.192616475764862620e-46
9.941250000000000000e+02 1.316373054801007969e-46
9.942500000000000000e+02 1.496686565521213584e-46
9.943750000000000000e+02 1.193099249510057353e-46
9.945000000000000000e+02 1.369405559079592400e-46
9.946250000000000000e+02 1.518532443395227938e-46
9.947500000000000000e+02 1.959745607541234922e-46
9.948750000000000000e+02 1.250391525449815042e-46
9.950000000000000000e+02 1.343099547277957487e-46
9.951250000000000000e+02 2.355014907021753488e-46
9.952500000000000000e+02 1.703642995736187375e-46
9.953750000000000000e+02 1.712540774943593302e-46
9.955000000000000000e+02 2.206377634280212967e-46
9.956250000000000000e+02 1.462411294067504437e-46
9.957500000000000000e+02 1.946724453758735609e-46
9.958750000000000000e+02 4.250523961732184167e-46
9.960000000000000000e+02 7.214818140843081105e-46
9.961250000000000000e+02 8.359085365050760898e-46
9.962500000000000000e+02 4.287656567202146061e-46
9.963750000000000000e+02 1.516569568133033163e-46
9.965000000000000000e+02 1.204235010462505987e-46
9.966250000000000000e+02 1.968421787957199409e-46
9.967500000000000000e+02 2.895262312338165177e-45
9.968750000000000000e+02 1.667322206486594677e-44
9.970000000000000000e+02 5.034020178606895517e-44
9.971250000000000000e+02 9.472958794082310115e-44
9.972500000000000000e+02 9.236913264374918296e-44
9.973750000000000000e+02 3.996629285966141878e-44
9.975000000000000000e+02 1.442775964426015478e-43
9.976250000000000000e+02 1.164197185547648981e-42
9.977500000000000000e+02 5.248561337252077896e-42
9.978750000000000000e+02 1.974501533635773427e-41
9.980000000000000000e+02 1.352253198890017420e-40
9.981250000000000000e+02 3.442594601799229423e-40
9.982500000000000000e+02 8.382041524238445975e-42
9.983750000000000000e+02 2.989497857701919369e-43
9.985000000000000000e+02 3.179948559757436377e-43
9.986250000000000000e+02 7.237955256085312107e-43
9.987500000000000000e+02 1.109987959272857636e-42
9.988750000000000000e+02 1.246639201121877882e-42
9.990000000000000000e+02 2.080273194127163270e-43
9.991250000000000000e+02 4.926663352792551410e-44
9.992500000000000000e+02 7.231510969191772388e-45
9.993750000000000000e+02 3.659399328528346274e-45
9.995000000000000000e+02 8.943948028920750622e-45
9.996250000000000000e+02 1.624293493067551882e-44
9.997500000000000000e+02 2.162240271959787888e-44
9.998750000000000000e+02 1.628217339605367102e-44
1.000000000000000000e+03 2.761065699856889339e-45
1.000125000000000000e+03 3.831828596956974936e-44
1.000250000000000000e+03 6.123722601802963174e-43
1.000375000000000000e+03 1.313090176675759946e-41
1.000500000000000000e+03 7.153253361147731426e-42
1.000625000000000000e+03 8.536444694142206864e-43
1.000750000000000000e+03 1.827678971574994188e-43
1.000875000000000000e+03 2.913324860269343646e-44
1.001000000000000000e+03 6.823007234991396144e-46
1.001125000000000000e+03 3.144868178269299674e-45
1.001250000000000000e+03 6.283846621725954253e-45
1.001375000000000000e+03 5.405361277074597652e-45
1.001500000000000000e+03 2.592359993282006068e-45
1.001625000000000000e+03 8.809852369516329907e-46
1.001750000000000000e+03 1.912973553068159906e-46
1.001875000000000000e+03 1.837394202510733369e-46
1.002000000000000000e+03 1.430896103274675481e-46
1.002125000000000000e+03 1.478985864675244703e-46
1.002250000000000000e+03 1.628577513295610534e-46
1.002375000000000000e+03 3.358736804545031718e-46
1.002500000000000000e+03 1.009621274463655774e-45
1.002625000000000000e+03 2.981840009701294641e-45
1.002750000000000000e+03 6.627908981712306779e-45
1.002875000000000000e+03 1.312427604956560486e-44
1.003000000000000000e+03 2.711254716392275914e-44
1.003125000000000000e+03 5.534538545038992491e-43
1.003250000000000000e+03 2.347644861197276073e-45
1.003375000000000000e+03 4.805285874679913103e-45
1.003500000000000000e+03 4.327148654011409775e-45
1.003625000000000000e+03 2.610814875385799775e-45
1.003750000000000000e+03 1.364356334202387100e-45
1.003875000000000000e+03 5.882519038466276129e-46
1.004000000000000000e+03 1.731042881415697475e-46
1.004125000000000000e+03 1.314218099792963482e-46
1.004250000000000000e+03 1.195200179515372756e-46
1.004375000000000000e+03 1.104025111234869454e-46
1.004500000000000000e+03 1.422167884880173372e-46
1.004625000000000000e+03 1.158251593005268955e-46
1.004750000000000000e+03 1.361529099224761021e-46
1.004875000000000000e+03 1.485367806336232180e-46
1.005000000000000000e+03 1.192974669612222756e-46
1.005125000000000000e+03 1.140789442563366768e-46
1.005250000000000000e+03 1.258311497348830073e-46
1.005375000000000000e+03 1.183966702410357568e-46
1.005500000000000000e+03 1.149837153888298250e-46
1.005625000000000000e+03 1.356729966228102216e-46
1.005750000000000000e+03 1.474540521295157565e-46
1.005875000000000000e+03 9.517953504576569474e-47
1.006000000000000000e+03 1.200551334921864490e-46
1.006125000000000000e+03 1.613445069669018446e-46
1.006250000000000000e+03 1.335477210794244194e-46
1.006375000000000000e+03 4.635365294254139717e-46
1.006500000000000000e+03 3.408812191254584029e-46
1.006625000000000000e+03 1.164524121831434281e-46
1.006750000000000000e+03 1.641760471638380456e-46
1.006875000000000000e+03 9.922709849824814336e-47
1.007000000000000000e+03 9.023561878010276822e-47
1.007125000000000000e+03 1.259883931525494419e-46
1.007250000000000000e+03 1.111730952478541462e-46
1.007375000000000000e+03 1.380924075208082917e-46
1.007500000000000000e+03 1.053654979709294439e-46
1.007625000000000000e+03 1.431962638168400374e-46
1.007750000000000000e+03 1.332683608218931801e-46
1.007875000000000000e+03 1.133498475060213401e-46
1.008000000000000000e+03 1.460616454843767831e-46
1.008125000000000000e+03 1.066074306128375536e-46
1.008250000000000000e+03 1.140528452792466043e-46
1.008375000000000000e+03 1.270038098239559241e-46
1.008500000000000000e+03 9.968510303188910014e-47
1.008625000000000000e+03 1.107873666166187375e-46
1.008750000000000000e+03 1.171523751229469766e-46
1.008875000000000000e+03 1.151326230780575649e-46
1.009000000000000000e+03 1.267071745262399209e-46
1.009125000000000000e+03 1.508953639236181400e-46
1.009250000000000000e+03 1.183738277754851549e-46
1.009375000000000000e+03 1.111509881310407571e-46
1.009500000000000000e+03 1.773287426184557789e-46
1.009625000000000000e+03 3.964121172807701393e-46
1.009750000000000000e+03 1.511210409046503164e-45
1.009875000000000000e+03 1.181077023138528007e-44
1.010000000000000000e+03 2.090810915991195181e-44
1.010125000000000000e+03 1.007694570622012827e-45
1.010250000000000000e+03 2.053916315403345303e-46
1.010375000000000000e+03 2.063479717892193869e-46
1.010500000000000000e+03 1.487326319762830653e-46
1.010625000000000000e+03 1.651881054563652834e-46
1.010750000000000000e+03 1.204672103358158322e-46
1.010875000000000000e+03 1.520740596675498585e-46
1.011000000000000000e+03 5.951477745274397237e-46
1.011125000000000000e+03 5.969799507294937116e-46
1.011250000000000000e+03 1.858467883310312237e-45
1.011375000000000000e+03 4.415882849011381850e-45
1.011500000000000000e+03 2.226584026433867456e-46
1.011625000000000000e+03 1.171060989082939072e-46
1.011750000000000000e+03 1.192559436336278456e-46
1.011875000000000000e+03 1.050614309418638271e-46
1.012000000000000000e+03 1.387257946719517742e-46
1.012125000000000000e+03 1.289962646876429041e-46
1.012250000000000000e+03 1.230584804646750356e-46
1.012375000000000000e+03 1.013640632390497709e-46
1.012500000000000000e+03 1.137712016040580133e-46
1.012625000000000000e+03 1.399719427623867700e-46
1.012750000000000000e+03 1.250474673168497035e-46
1.012875000000000000e+03 9.412586962757682716e-47
1.013000000000000000e+03 1.380617806607946828e-46
1.013125000000000000e+03 1.426188261527000094e-46
1.013250000000000000e+03 1.342015280485181484e-46
1.013375000000000000e+03 1.325851657930466197e-46
1.013500000000000000e+03 1.044342166093215156e-46
1.013625000000000000e+03 9.904802409586240009e-47
1.013750000000000000e+03 1.426029887513657116e-46
1.013875000000000000e+03 1.726274703097004608e-46
1.014000000000000000e+03 1.226101301695978259e-46
1.014125000000000000e+03 1.221918447624110962e-46
1.014250000000000000e+03 1.026443263852638180e-46
1.014375000000000000e+03 1.156103801348514985e-46
1.014500000000000000e+03 1.239147616246226645e-46
1.014625000000000000e+03 1.142201256027153096e-46
1.014750000000000000e+03 1.048209028280574763e-46
1.014875000000000000e+03 1.273280002651944020e-46
1.015000000000000000e+03 1.367840246007249488e-46
1.015125000000000000e+03 1.381425959212846905e-46
1.015250000000000000e+03 1.175925813904075772e-46
1.015375000000000000e+03 1.137629906136772030e-46
1.015500000000000000e+03 1.406158349314917979e-46
1.015625000000000000e+03 1.145816394368110675e-46
1.015750000000000000e+03 1.410294437216490520e-46
1.015875000000000000e+03 1.307472491060827087e-46
1.016000000000000000e+03 9.270481732310581777e-47
1.016125000000000000e+03 1.026840981620224873e-46
1.016250000000000000e+03 1.380374145267026328e-46
1.016375000000000000e+03 1.019758231654549890e-46
1.016500000000000000e+03 1.178604558205381995e-46
1.016625000000000000e+03 1.054259944403604089e-46
1.016750000000000000e+03 1.296891226653002324e-46
1.016875000000000000e+03 9.294387132383937053e-47
1.017000000000000000e+03 1.432541111541926711e-46
1.017125000000000000e+03 1.306750046304025246e-46
1.017250000000000000e+03 1.088795410619708576e-46
1.017375000000000000e+03 1.265723067028752484e-46
1.017500000000000000e+03 1.022274836410436623e-46
1.017625000000000000e+03 1.281763475098979982e-46
1.017750000000000000e+03 1.153978526822399559e-46
1.017875000000000000e+03 1.389734455711724909e-46
1.018000000000000000e+03 1.898240068648459064e-46
1.018125000000000000e+03 1.185694105370905253e-46
1.018250000000000000e+03 1.307969867595095633e-46
1.018375000000000000e+03 1.153245818497633681e-46
1.018500000000000000e+03 1.139300580232456743e-46
1.018625000000000000e+03 1.240745812375020477e-46
1.018750000000000000e+03 1.195799724834805415e-46
1.018875000000000000e+03 1.278206535697280514e-46
1.019000000000000000e+03 1.115871630418250960e-46
1.019125000000000000e+03 1.420836247010998082e-46
1.019250000000000000e+03 1.030510256086802025e-46
1.019375000000000000e+03 1.254785012261640131e-46
1.019500000000000000e+03 1.174387474887957474e-46
1.019625000000000000e+03 1.085691639789798142e-46
1.019750000000000000e+03 9.068999457386311315e-47
1.019875000000000000e+03 1.025577147451296194e-46
1.020000000000000000e+03 1.369571766278536385e-46
1.020125000000000000e+03 1.504764996670852630e-46
1.020250000000000000e+03 1.290306506524336191e-46
1.020375000000000000e+03 9.323821534055736916e-47
1.020500000000000000e+03 1.192833114225588034e-46
1.020625000000000000e+03 1.159389530986316459e-46
1.020750000000000000e+03 1.423070893169686768e-46
1.020875000000000000e+03 1.156426516057095706e-46
1.021000000000000000e+03 1.092964466635189324e-46
1.021125000000000000e+03 1.252748208276907608e-46
1.021250000000000000e+03 1.127353622264177737e-46
1.021375000000000000e+03 1.260176463442740734e-46
1.021500000000000000e+03 1.074395172157819226e-46
1.021625000000000000e+03 1.027281005821685375e-46
1.021750000000000000e+03 1.084937243521715268e-46
1.021875000000000000e+03 1.121510843248139665e-46
1.022000000000000000e+03 1.215487033767909608e-46
1.022125000000000000e+03 1.123668837360371856e-46
1.022250000000000000e+03 1.108510026982546072e-46
1.022375000000000000e+03 1.262667561564914676e-46
1.022500000000000000e+03 1.425730462523725798e-46
1.022625000000000000e+03 1.496963614515531288e-46
1.022750000000000000e+03 1.456293802389392247e-46
1.022875000000000000e+03 1.412711199763412036e-46
1.023000000000000000e+03 9.696969895450954670e-47
1.023125000000000000e+03 1.569021006823521943e-46
1.023250000000000000e+03 1.307041658376111129e-46
1.023375000000000000e+03 1.423244633874236608e-46
1.023500000000000000e+03 1.219147119235496605e-46
1.023625000000000000e+03 1.253420578169531631e-46
1.023750000000000000e+03 1.349178659905435134e-46
1.023875000000000000e+03 1.238767675669394246e-46
1.024000000000000000e+03 1.194323830582298879e-46
1.024125000000000000e+03 1.210376483506643683e-46
1.024250000000000000e+03 1.250812311118552659e-46
1.024375000000000000e+03 1.089394758658770692e-46
1.024500000000000000e+03 1.330949667984869181e-46
1.024625000000000000e+03 1.239013565280000131e-46
1.024750000000000000e+03 1.406519378264480927e-46
1.024875000000000000e+03 1.219448057203090587e-46
1.025000000000000000e+03 1.185332891536896931e-46
1.025125000000000000e+03 1.296274402179663918e-46
1.025250000000000000e+03 1.300090586679269785e-46
1.025375000000000000e+03 1.426385682551456720e-46
1.025500000000000000e+03 1.384549641630282990e-46
1.025625000000000000e+03 1.387995966166419866e-46
1.025750000000000000e+03 1.117231995196456507e-46
1.025875000000000000e+03 1.083128577513183269e-46
1.026000000000000000e+03 1.429313212522372200e-46
1.026125000000000000e+03 1.464933912167170872e-46
1.026250000000000000e+03 1.158347411650550447e-46
1.026375000000000000e+03 1.091560428996878162e-46
1.026500000000000000e+03 1.265823221469092834e-46
1.026625000000000000e+03 1.335592029176099432e-46
1.026750000000000000e+03 1.391859938845560315e-46
1.026875000000000000e+03 1.038769419658479151e-46
1.027000000000000000e+03 1.302523397251846331e-46
1.027125000000000000e+03 1.234409141883709293e-46
1.027250000000000000e+03 1.334526571629831203e-46
1.027375000000000000e+03 1.032946928010102184e-46
1.027500000000000000e+03 1.481419511955015596e-46
1.027625000000000000e+03 1.121398728208668384e-46
1.027750000000000000e+03 1.151287940618223397e-46
1.027875000000000000e+03 1.366920199881333694e-46
1.028000000000000000e+03 1.014130385782529797e-46
1.028125000000000000e+03 1.501980833060740312e-46
1.028250000000000000e+03 1.184018568109295611e-46
1.028375000000000000e+03 1.229258035351016735e-46
1.028500000000000000e+03 1.404777971677237882e-46
1.028625000000000000e+03 1.132902864840849684e-46
1.028750000000000000e+03 1.406083269431617307e-46
1.028875000000000000e+03 1.285827671973897878e-46
1.029000000000000000e+03 1.355099092727278484e-46
1.029125000000000000e+03 1.306457512965723250e-46
1.029250000000000000e+03 9.313451789930299301e-47
1.029375000000000000e+03 1.169021633072078370e-46
1.029500000000000000e+03 1.327665131948965765e-46
1.029625000000000000e+03 1.281738865962297430e-46
1.029750000000000000e+03 1.415800058442248888e-46
1.029875000000000000e+03 1.156376688122430536e-46
1.030000000000000000e+03 1.440205515744513375e-46
1.030125000000000000e+03 1.098571667189564922e-46
1.030250000000000000e+03 1.064853122659308067e-46
1.030375000000000000e+03 1.483789686211043819e-46
1.030500000000000000e+03 1.455011138160027758e-46
1.030625000000000000e+03 1.315256131178814611e-46
1.030750000000000000e+03 1.327723600810863192e-46
1.030875000000000000e+03 1.018029560826902355e-46
1.031000000000000000e+03 1.059653107241530161e-46
1.031125000000000000e+03 1.201525339591365958e-46
1.031250000000000000e+03 1.266363489221182628e-46
1.031375000000000000e+03 1.195384721544627023e-46
1.031500000000000000e+03 1.533683676503013037e-46
1.031625000000000000e+03 1.185356341628624527e-46
1.031750000000000000e+03 1.289507515513366709e-46
1.031875000000000000e+03 1.243247687746834268e-46
1.032000000000000000e+03 1.128621804992038279e-46
1.032125000000000000e+03 1.441536716372069419e-46
1.032250000000000000e+03 1.783664195916807275e-46
1.032375000000000000e+03 1.203405018671363981e-46
1.032500000000000000e+03 1.189108661141300889e-46
1.032625000000000000e+03 1.418218789010962524e-46
1.032750000000000000e+03 1.385966516768669575e-46
1.032875000000000000e+03 1.395704434310159144e-46
1.033000000000000000e+03 1.374851735729644142e-46
1.033125000000000000e+03 1.267165545933314587e-46
1.033250000000000000e+03 1.007173502266258255e-46
1.033375000000000000e+03 1.149287607934453017e-46
1.033500000000000000e+03 1.097796053370777310e-46
1.033625000000000000e+03 1.178204073625040209e-46
1.033750000000000000e+03 1.206017140554452033e-46
1.033875000000000000e+03 1.526642712823613734e-46
1.034000000000000000e+03 1.075592249378433335e-46
1.034125000000000000e+03 1.365865371465657624e-46
1.034250000000000000e+03 1.497773409366849983e-46
1.034375000000000000e+03 8.966726928284506436e-47
1.034500000000000000e+03 1.159446865561078711e-46
1.034625000000000000e+03 1.068781870739916623e-46
1.034750000000000000e+03 1.418158465547102713e-46
1.034875000000000000e+03 1.250759419416090622e-46
1.035000000000000000e+03 1.086336700568102291e-46
1.035125000000000000e+03 1.357547199725583377e-46
1.035250000000000000e+03 1.202586965821282183e-46
1.035375000000000000e+03 1.055667546060288672e-46
1.035500000000000000e+03 1.316396708650035773e-46
1.035625000000000000e+03 1.291917529962323868e-46
1.035750000000000000e+03 1.190149513704731955e-46
1.035875000000000000e+03 9.118989315725209951e-47
1.036000000000000000e+03 1.165059785098765277e-46
1.036125000000000000e+03 1.245620631216873237e-46
1.036250000000000000e+03 1.022978161102884696e-46
1.036375000000000000e+03 1.085679126962743127e-46
1.036500000000000000e+03 1.665016659243737815e-46
1.036625000000000000e+03 1.040143185351607023e-46
1.036750000000000000e+03 1.198854851037122578e-46
1.036875000000000000e+03 1.200887807280643818e-46
1.037000000000000000e+03 1.157414194063587590e-46
1.037125000000000000e+03 1.379966874458025425e-46
1.037250000000000000e+03 1.323878168747943646e-46
1.037375000000000000e+03 1.029685366351155938e-46
1.037500000000000000e+03 1.189566099559023477e-46
1.037625000000000000e+03 1.153135189630870897e-46
1.037750000000000000e+03 1.262270091215709821e-46
1.037875000000000000e+03 1.393711031358600459e-46
1.038000000000000000e+03 1.393901734350273902e-46
1.038125000000000000e+03 1.028434829818799049e-46
1.038250000000000000e+03 1.394121060875573310e-46
1.038375000000000000e+03 1.361997168501175801e-46
1.038500000000000000e+03 1.138116149768802504e-46
1.038625000000000000e+03 1.204817875682714295e-46
1.038750000000000000e+03 1.185684406076854568e-46
1.038875000000000000e+03 1.269503793291899265e-46
1.039000000000000000e+03 1.158523925584919638e-46
1.039125000000000000e+03 1.112280338355733277e-46
1.039250000000000000e+03 1.463146251803090074e-46
1.039375000000000000e+03 9.434476825247907860e-47
1.039500000000000000e+03 1.108603228524296785e-46
1.039625000000000000e+03 1.230297061435701360e-46
1.039750000000000000e+03 1.381713636186015297e-46
1.039875000000000000e+03 1.359205289498523393e-46
1.040000000000000000e+03 1.280125891381631554e-46
1.040125000000000000e+03 1.594931615412691883e-46
1.040250000000000000e+03 1.530893951979265125e-46
1.040375000000000000e+03 1.448098255359250768e-46
1.040500000000000000e+03 1.421280068593139104e-46
1.040625000000000000e+03 1.046528094113137538e-46
1.040750000000000000e+03 1.396696923765762156e-46
1.040875000000000000e+03 1.288336067058425309e-46
1.041000000000000000e+03 1.302637279833639109e-46
1.041125000000000000e+03 1.305733703293291363e-46
1.041250000000000000e+03 1.203513607768911549e-46
1.041375000000000000e+03 1.257505603186105842e-46
1.041500000000000000e+03 1.229400205196223827e-46
1.041625000000000000e+03 1.519126699322946770e-46
1.041750000000000000e+03 1.356141689955170957e-46
1.041875000000000000e+03 1.406264356882996461e-46
1.042000000000000000e+03 1.337934395991528736e-46
1.042125000000000000e+03 1.419116066591153600e-46
1.042250000000000000e+03 1.300472376213336208e-46
1.042375000000000000e+03 1.428184434338815271e-46
1.042500000000000000e+03 1.370249120622738514e-46
1.042625000000000000e+03 1.288981769041514230e-46
1.042750000000000000e+03 1.200763724672210821e-46
1.042875000000000000e+03 1.378335781083541186e-46
1.043000000000000000e+03 1.090643940467159907e-46
1.043125000000000000e+03 1.340754971252093665e-46
1.043250000000000000e+03 1.297592301441213397e-46
1.043375000000000000e+03 1.244283530622018090e-46
1.043500000000000000e+03 1.221828495774644533e-46
1.043625000000000000e+03 1.059660502701491239e-46
1.043750000000000000e+03 1.657480688272928404e-46
1.043875000000000000e+03 1.282291307595350162e-46
1.044000000000000000e+03 1.365710100545336614e-46
1.044125000000000000e+03 1.400904529900971621e-46
1.044250000000000000e+03 1.409959842856211877e-46
1.044375000000000000e+03 1.147693386854362257e-46
1.044500000000000000e+03 1.192112917992096626e-46
1.044625000000000000e+03 1.263969285069404757e-46
1.044750000000000000e+03 1.386559004581032412e-46
1.044875000000000000e+03 1.382678005628294951e-46
1.045000000000000000e+03 1.489430330891289618e-46
1.045125000000000000e+03 1.346904440408194285e-46
1.045250000000000000e+03 1.364405929635796646e-46
1.045375000000000000e+03 1.183553306021069334e-46
1.045500000000000000e+03 1.258266819680431705e-46
1.045625000000000000e+03 1.551687336152106112e-46
1.045750000000000000e+03 9.878248639096078329e-47
1.045875000000000000e+03 9.504249788137766392e-47
1.046000000000000000e+03 9.162843826455499023e-47
1.046125000000000000e+03 1.199209182244762027e-46
1.046250000000000000e+03 1.184875653425965627e-46
1.046375000000000000e+03 1.278477843775074074e-46
1.046500000000000000e+03 1.208165922933484508e-46
1.046625000000000000e+03 1.328341923414795471e-46
1.046750000000000000e+03 1.077942994698348609e-46
1.046875000000000000e+03 1.307152238414654286e-46
1.047000000000000000e+03 1.137199089911008336e-46
1.047125000000000000e+03 1.463353732820171497e-46
1.047250000000000000e+03 9.938792494631030183e-47
1.047375000000000000e+03 1.021701824319125967e-46
1.047500000000000000e+03 1.513661058187526686e-46
1.047625000000000000e+03 1.257761676299268632e-46
1.047750000000000000e+03 1.260938891152222467e-46
1.047875000000000000e+03 1.477498940774800621e-46
1.048000000000000000e+03 1.278480715157924239e-46
1.048125000000000000e+03 1.066467118157765733e-46
1.048250000000000000e+03 1.283209980271135281e-46
1.048375000000000000e+03 1.394241426188334251e-46
1.048500000000000000e+03 1.159610199568052146e-46
1.048625000000000000e+03 1.439908244100796843e-46
1.048750000000000000e+03 1.420211136054579083e-46
1.048875000000000000e+03 1.363908189066120495e-46
1.049000000000000000e+03 1.464681103045298646e-46
1.049125000000000000e+03 1.252225838911599863e-46
1.049250000000000000e+03 1.294925865833694624e-46
1.049375000000000000e+03 9.936492665786916394e-47
1.049500000000000000e+03 1.018359829608693493e-46
1.049625000000000000e+03 1.222205603281158227e-46
1.049750000000000000e+03 1.169479227251290928e-46
1.049875000000000000e+03 1.412975774351535657e-46
1.050000000000000000e+03 1.775969946486629950e-46
1.050125000000000000e+03 1.070853092791443030e-46
1.050250000000000000e+03 1.280985579132690261e-46
1.050375000000000000e+03 1.132813014813300851e-46
1.050500000000000000e+03 1.213762132784250703e-46
1.050625000000000000e+03 1.260913554299635323e-46
1.050750000000000000e+03 1.081510285618621548e-46
1.050875000000000000e+03 1.115635610002413175e-46
1.051000000000000000e+03 1.160151226846034591e-46
1.051125000000000000e+03 1.235342419457252509e-46
1.051250000000000000e+03 1.355229539238464281e-46
1.051375000000000000e+03 1.209648421712652661e-46
1.051500000000000000e+03 1.370285679762705562e-46
1.051625000000000000e+03 1.139975530977201476e-46
1.051750000000000000e+03 1.243715982300560831e-46
1.051875000000000000e+03 1.180714668081425310e-46
1.052000000000000000e+03 1.348332757140696032e-46
1.052125000000000000e+03 1.385058285285798057e-46
1.052250000000000000e+03 1.174364303651932560e-46
1.052375000000000000e+03 1.157422765357778012e-46
1.052500000000000000e+03 1.449067556772732307e-46
1.052625000000000000e+03 1.473563334364722512e-46
1.052750000000000000e+03 1.307363439411257737e-46
1.052875000000000000e+03 1.308679843180861083e-46
1.053000000000000000e+03 1.557241181315051833e-46
1.053125000000000000e+03 1.030885231308202275e-46
1.053250000000000000e+03 1.522275479989074110e-46
1.053375000000000000e+03 1.249755173784386892e-46
1.053500000000000000e+03 1.094085207194844919e-46
1.053625000000000000e+03 1.277066088793520671e-46
1.053750000000000000e+03 1.282759300548135937e-46
1.053875000000000000e+03 1.428376232733969368e-46
1.054000000000000000e+03 9.704565315335612640e-47
1.054125000000000000e+03 1.359647027652163105e-46
1.054250000000000000e+03 1.290611917452869414e-46
1.054375000000000000e+03 1.029600474492110997e-46
1.054500000000000000e+03 1.027851238003386831e-46
1.054625000000000000e+03 1.099020733015297690e-46
1.054750000000000000e+03 1.133898862109754531e-46
1.054875000000000000e+03 1.322863787046645048e-46
1.055000000000000000e+03 1.402347790560787597e-46
1.055125000000000000e+03 1.012989808724152414e-46
1.055250000000000000e+03 1.571305090418196460e-46
1.055375000000000000e+03 1.301941321650483804e-46
1.055500000000000000e+03 1.659791415324720106e-46
1.055625000000000000e+03 1.158496749054257359e-46
1.055750000000000000e+03 1.415135601536929037e-46
1.055875000000000000e+03 1.242760098572639436e-46
1.056000000000000000e+03 1.585013790335128287e-46
1.056125000000000000e+03 1.059175981448066275e-46
1.056250000000000000e+03 1.264802503526417663e-46
1.056375000000000000e+03 1.100490817128523394e-46
1.056500000000000000e+03 1.245755505718358533e-46
1.056625000000000000e+03 1.033028703915103104e-46
1.056750000000000000e+03 1.224010466000522734e-46
1.056875000000000000e+03 1.263160529230047952e-46
1.057000000000000000e+03 1.208757838834322911e-46
1.057125000000000000e+03 1.439970844264832810e-46
1.057250000000000000e+03 1.115861750087468001e-46
1.057375000000000000e+03 1.686782952635017469e-46
1.057500000000000000e+03 1.473275325461949106e-46
1.057625000000000000e+03 1.309190394604738402e-46
1.057750000000000000e+03 1.310824100045750733e-46
1.057875000000000000e+03 1.183091933758808668e-46
1.058000000000000000e+03 1.180748131321697656e-46
1.058125000000000000e+03 1.504326343620137133e-46
1.058250000000000000e+03 1.216869458948829746e-46
1.058375000000000000e+03 1.287529532893293285e-46
1.058500000000000000e+03 1.066907056380449396e-46
1.058625000000000000e+03 1.445152084886502188e-46
1.058750000000000000e+03 1.165622890965006112e-46
1.058875000000000000e+03 1.252481050614475083e-46
1.059000000000000000e+03 1.816507442395660891e-46
1.059125000000000000e+03 1.575474886375095725e-46
1.059250000000000000e+03 1.396161773246047743e-46
1.059375000000000000e+03 1.175903746118164079e-46
1.059500000000000000e+03 1.586734188938593010e-46
1.059625000000000000e+03 1.575219981590606694e-46
1.059750000000000000e+03 1.451869065984271524e-46
1.059875000000000000e+03 1.737550814132740405e-46
1.060000000000000000e+03 1.340525723992259669e-46
1.060125000000000000e+03 1.329763102579344201e-46
1.060250000000000000e+03 1.913607933660563645e-46
1.060375000000000000e+03 1.234902654951400056e-46
1.060500000000000000e+03 1.737316991707317019e-46
1.060625000000000000e+03 1.826729874252910043e-46
1.060750000000000000e+03 1.443286898647444200e-46
1.060875000000000000e+03 1.591885664373617548e-46
1.061000000000000000e+03 1.223675427566838625e-46
1.061125000000000000e+03 1.318612947689353056e-46
1.061250000000000000e+03 1.450722726767169187e-46
1.061375000000000000e+03 1.489981010870462716e-46
1.061500000000000000e+03 1.446926941703577235e-46
1.061625000000000000e+03 1.427867261292195284e-46
1.061750000000000000e+03 1.594191953197078331e-46
1.061875000000000000e+03 1.254287087206069870e-46
1.062000000000000000e+03 1.435751260774528077e-46
1.062125000000000000e+03 1.165805209322724035e-46
1.062250000000000000e+03 1.407049502240438851e-46
1.062375000000000000e+03 1.224380269810116302e-46
1.062500000000000000e+03 1.156907997152685273e-46
1.062625000000000000e+03 1.252684655776878410e-46
1.062750000000000000e+03 1.032894436582198676e-46
1.062875000000000000e+03 1.543944555794465806e-46
1.063000000000000000e+03 1.206589258436381565e-46
1.063125000000000000e+03 1.464289281306623762e-46
1.063250000000000000e+03 1.465206949645211025e-46
1.063375000000000000e+03 1.184239561074742559e-46
1.063500000000000000e+03 1.156967995526201687e-46
1.063625000000000000e+03 1.273606175094892309e-46
1.063750000000000000e+03 1.401076314434634666e-46
1.063875000000000000e+03 1.036321126143041677e-46
1.064000000000000000e+03 1.170258090652539828e-46
1.064125000000000000e+03 1.365544883940989835e-46
1.064250000000000000e+03 1.368919237283566386e-46
1.064375000000000000e+03 1.163578620993576839e-46
1.064500000000000000e+03 1.126637639628135957e-46
1.064625000000000000e+03 1.455605675176781915e-46
1.064750000000000000e+03 1.546491261717222545e-46
1.064875000000000000e+03 1.484914239577168339e-46
1.065000000000000000e+03 1.424249162078616014e-46
1.065125000000000000e+03 1.276026535073225013e-46
1.065250000000000000e+03 1.392243482039621833e-46
1.065375000000000000e+03 1.620384293702356665e-46
1.065500000000000000e+03 1.414450729590393057e-46
1.065625000000000000e+03 1.278657539332214412e-46
1.065750000000000000e+03 1.468957098010153602e-46
1.065875000000000000e+03 1.075226164190341953e-46
1.066000000000000000e+03 1.495854173886082554e-46
1.066125000000000000e+03 1.274509113024753132e-46
1.066250000000000000e+03 1.282987420209181450e-46
1.066375000000000000e+03 1.367554331508329944e-46
1.066500000000000000e+03 1.466916319545086605e-46
1.066625000000000000e+03 1.122212599247301418e-46
1.066750000000000000e+03 1.171071898384009246e-46
1.066875000000000000e+03 1.542959642147434758e-46
1.067000000000000000e+03 1.254940980926167471e-46
1.067125000000000000e+03 1.420267864751601694e-46
1.067250000000000000e+03 1.804125754585977428e-46
1.067375000000000000e+03 1.394988186608200178e-46
1.067500000000000000e+03 1.743678340307904174e-46
1.067625000000000000e+03 1.109477963135192712e-46
1.067750000000000000e+03 1.475939743237094248e-46
1.067875000000000000e+03 1.446578751116165766e-46
1.068000000000000000e+03 1.321769718765733336e-46
1.068125000000000000e+03 1.437736043397224293e-46
1.068250000000000000e+03 1.156382134192162746e-46
1.068375000000000000e+03 1.500223181063006129e-46
1.068500000000000000e+03 1.680789232303513398e-46
1.068625000000000000e+03 1.629955245089946358e-46
1.068750000000000000e+03 1.465222626806690587e-46
1.068875000000000000e+03 1.286497951938311967e-46
1.069000000000000000e+03 1.316592963664380338e-46
1.069125000000000000e+03 1.453963854150140737e-46
1.069250000000000000e+03 1.468657786064566751e-46
1.069375000000000000e+03 1.505923636627640642e-46
1.069500000000000000e+03 1.232978003662824943e-46
1.069625000000000000e+03 1.343661253461587130e-46
1.069750000000000000e+03 1.366556679187318117e-46
1.069875000000000000e+03 1.316727844449830096e-46
1.070000000000000000e+03 1.088867835136179421e-46
1.070125000000000000e+03 1.266722452590172568e-46
1.070250000000000000e+03 1.436349287673518032e-46
1.070375000000000000e+03 1.458520303419310522e-46
1.070500000000000000e+03 1.530213472375163351e-46
1.070625000000000000e+03 1.590302772006047809e-46
1.070750000000000000e+03 1.627617948448409676e-46
1.070875000000000000e+03 1.365428055884308279e-46
1.071000000000000000e+03 1.636402747803327749e-46
1.071125000000000000e+03 1.498967707584033458e-46
1.071250000000000000e+03 1.171840430610727803e-46
1.071375000000000000e+03 1.268773121249766024e-46
1.071500000000000000e+03 1.167402082889743804e-46
1.071625000000000000e+03 1.416968108538229470e-46
1.071750000000000000e+03 1.518261806052254849e-46
1.071875000000000000e+03 1.100160259909081709e-46
1.072000000000000000e+03 1.337610331774462026e-46
1.072125000000000000e+03 1.047459317059592038e-46
1.072250000000000000e+03 1.496126785119176645e-46
1.072375000000000000e+03 1.333396425530024887e-46
1.072500000000000000e+03 1.298672350843063557e-46
1.072625000000000000e+03 1.638174519210511045e-46
1.072750000000000000e+03 1.150408634252631289e-46
1.072875000000000000e+03 1.168792453110136092e-46
1.073000000000000000e+03 1.171051134630749114e-46
1.073125000000000000e+03 1.213084067418603927e-46
1.073250000000000000e+03 1.028572444543218020e-46
1.073375000000000000e+03 1.191520187877739506e-46
1.073500000000000000e+03 1.389078306571179465e-46
1.073625000000000000e+03 1.493145656111157128e-46
1.073750000000000000e+03 1.315208053018187701e-46
1.073875000000000000e+03 1.205485799038736322e-46
1.074000000000000000e+03 1.421564955435922519e-46
1.074125000000000000e+03 1.195380501393802266e-46
1.074250000000000000e+03 1.566933515672064521e-46
1.074375000000000000e+03 1.237469169471905963e-46
1.074500000000000000e+03 1.297769590840310803e-46
1.074625000000000000e+03 1.107503418291329211e-46
1.074750000000000000e+03 1.618163980988489740e-46
1.074875000000000000e+03 1.382736755199456722e-46
1.075000000000000000e+03 1.443788315374246192e-46
1.075125000000000000e+03 1.528121685593895612e-46
1.075250000000000000e+03 1.372083685156259892e-46
1.075375000000000000e+03 1.107774900590750590e-46
1.075500000000000000e+03 1.156830575739903071e-46
1.075625000000000000e+03 1.394221513812805677e-46
1.075750000000000000e+03 1.192864091998978454e-46
1.075875000000000000e+03 1.053974647437111810e-46
1.076000000000000000e+03 1.744143550280356612e-46
1.076125000000000000e+03 1.485803898968994524e-46
1.076250000000000000e+03 1.246331626988476891e-46
1.076375000000000000e+03 1.549920437868536994e-46
1.076500000000000000e+03 1.228102957690762463e-46
1.076625000000000000e+03 1.502269519407605964e-46
1.076750000000000000e+03 1.191601811640609621e-46
1.076875000000000000e+03 1.449553342827390437e-46
1.077000000000000000e+03 1.453505531947846414e-46
1.077125000000000000e+03 1.153061579298207032e-46
1.077250000000000000e+03 1.617960122431757394e-46
1.077375000000000000e+03 1.429309581335530611e-46
1.077500000000000000e+03 1.425162192332094339e-46
1.077625000000000000e+03 1.135763597469081327e-46
1.077750000000000000e+03 1.316143898115228123e-46
1.077875000000000000e+03 1.821439374841208433e-46
1.078000000000000000e+03 1.642169588922413860e-46
1.078125000000000000e+03 1.307689671867688870e-46
1.078250000000000000e+03 1.187540796256729030e-46
1.078375000000000000e+03 1.275429856276605075e-46
1.078500000000000000e+03 1.239484833472694067e-46
1.078625000000000000e+03 1.256280729108468436e-46
1.078750000000000000e+03 1.694587045793953497e-46
1.078875000000000000e+03 1.291204741892307962e-46
1.079000000000000000e+03 1.282339246007904921e-46
1.079125000000000000e+03 1.241694089633672036e-46
1.079250000000000000e+03 1.244611890295146391e-46
1.079375000000000000e+03 1.447366739615192167e-46
1.079500000000000000e+03 1.107033751797396785e-46
1.079625000000000000e+03 1.353725434150812632e-46
1.079750000000000000e+03 1.520560594090278189e-46
1.079875000000000000e+03 1.363025685755942196e-46
1.080000000000000000e+03 1.237552487515227284e-46
1.080125000000000000e+03 1.018548140347635113e-46
1.080250000000000000e+03 1.607273779557821371e-46
1.080375000000000000e+03 1.137086221790351490e-46
1.080500000000000000e+03 1.366896218999595487e-46
1.080625000000000000e+03 1.482628178249487030e-46
1.080750000000000000e+03 1.346740022995493125e-46
1.080875000000000000e+03 1.287177143291192796e-46
1.081000000000000000e+03 1.568187870992695319e-46
1.081125000000000000e+03 1.139470596404560890e-46
1.081250000000000000e+03 1.413384304669839271e-46
1.081375000000000000e+03 1.610766876291025298e-46
1.081500000000000000e+03 1.186902204665980223e-46
1.081625000000000000e+03 1.505051986569493316e-46
1.081750000000000000e+03 1.498422482668057883e-46
1.081875000000000000e+03 1.476779676381021997e-46
1.082000000000000000e+03 1.775995819776360870e-46
1.082125000000000000e+03 1.449584605781651364e-46
1.082250000000000000e+03 1.362205041142039639e-46
1.082375000000000000e+03 1.154715001403234549e-46
1.082500000000000000e+03 1.447012913187937351e-46
1.082625000000000000e+03 1.523407015699563755e-46
1.082750000000000000e+03 1.497814951408271395e-46
1.082875000000000000e+03 1.283960985787402091e-46
1.083000000000000000e+03 1.398188683235331172e-46
1.083125000000000000e+03 1.238938034217769388e-46
1.083250000000000000e+03 1.392934844616192571e-46
1.083375000000000000e+03 1.299748657763154549e-46
1.083500000000000000e+03 1.102223978205375871e-46
1.083625000000000000e+03 1.620717185553280001e-46
1.083750000000000000e+03 1.467843405501346654e-46
1.083875000000000000e+03 1.391133118094267081e-46
1.084000000000000000e+03 1.756540483403604371e-46
1.084125000000000000e+03 1.472182869700335863e-46
1.084250000000000000e+03 1.531055642321507638e-46
1.084375000000000000e+03 1.297067193642612769e-46
1.084500000000000000e+03 1.599004878640570141e-46
1.084625000000000000e+03 1.355077343532983829e-46
1.084750000000000000e+03 1.323182810283437074e-46
1.084875000000000000e+03 1.454457535031975394e-46
1.085000000000000000e+03 1.451111747400150299e-46
1.085125000000000000e+03 1.374114531157962506e-46
1.085250000000000000e+03 1.185189392994236822e-46
1.085375000000000000e+03 1.119974616035974348e-46
1.085500000000000000e+03 1.401205169787541168e-46
1.085625000000000000e+03 1.761542502612016616e-46
1.085750000000000000e+03 1.558333415792174273e-46
1.085875000000000000e+03 1.925842054144413321e-46
1.086000000000000000e+03 1.361140880356851400e-46
1.086125000000000000e+03 1.202504666191743154e-46
1.086250000000000000e+03 1.640836920915004568e-46
1.086375000000000000e+03 1.009898183139001712e-46
1.086500000000000000e+03 1.265083005876209782e-46
1.086625000000000000e+03 1.487855745592877471e-46
1.086750000000000000e+03 1.544128222391083980e-46
1.086875000000000000e+03 1.152219101103664864e-46
1.087000000000000000e+03 1.593011907615184459e-46
1.087125000000000000e+03 1.278098003733758556e-46
1.087250000000000000e+03 1.471717519739666282e-46
1.087375000000000000e+03 1.411010392611783096e-46
1.087500000000000000e+03 1.516112054554917728e-46
1.087625000000000000e+03 1.472295426405832149e-46
1.087750000000000000e+03 1.228427957999541412e-46
1.087875000000000000e+03 1.204231925984066995e-46
1.088000000000000000e+03 1.168076957900482061e-46
1.088125000000000000e+03 1.488262954192280409e-46
1.088250000000000000e+03 1.136202436491740954e-46
1.088375000000000000e+03 1.446240017040293574e-46
1.088500000000000000e+03 1.673362967045242078e-46
1.088625000000000000e+03 1.220781941270781096e-46
1.088750000000000000e+03 1.253287438675908390e-46
1.088875000000000000e+03 1.271109479712906292e-46
1.089000000000000000e+03 1.212523163797731515e-46
1.089125000000000000e+03 1.278089960083068784e-46
1.089250000000000000e+03 1.818672451308057180e-46
1.089375000000000000e+03 1.839530658429684967e-46
1.089500000000000000e+03 1.405396277852977483e-46
1.089625000000000000e+03 1.160622429452459464e-46
1.089750000000000000e+03 1.297303151990779731e-46
1.089875000000000000e+03 1.189249957012535389e-46
1.090000000000000000e+03 1.445003503590707482e-46
1.090125000000000000e+03 1.056902607334211847e-46
1.090250000000000000e+03 1.355244677983994778e-46
1.090375000000000000e+03 1.444941848478956153e-46
1.090500000000000000e+03 1.334630333458971340e-46
1.090625000000000000e+03 1.322987931229023587e-46
1.090750000000000000e+03 1.482771611971949731e-46
1.090875000000000000e+03 1.104118614219623355e-46
1.091000000000000000e+03 1.296245557029735005e-46
1.091125000000000000e+03 1.630222276449904839e-46
1.091250000000000000e+03 1.334707493859554014e-46
1.091375000000000000e+03 1.331861307323737895e-46
1.091500000000000000e+03 1.755265662613091082e-46
1.091625000000000000e+03 1.518650333492938882e-46
1.091750000000000000e+03 1.260746801235816711e-46
1.091875000000000000e+03 1.472770107847068614e-46
1.092000000000000000e+03 1.542202176437194019e-46
1.092125000000000000e+03 1.238395736966446120e-46
1.092250000000000000e+03 1.022993553690128838e-46
1.092375000000000000e+03 1.648910946862729886e-46
1.092500000000000000e+03 1.279738169141289329e-46
1.092625000000000000e+03 1.473353787793529897e-46
1.092750000000000000e+03 1.604467071217250407e-46
1.092875000000000000e+03 1.892084313492070023e-46
1.093000000000000000e+03 1.296363694791653615e-46
1.093125000000000000e+03 1.582961490808332343e-46
1.093250000000000000e+03 1.006853437696373704e-46
1.093375000000000000e+03 1.549459553755543145e-46
1.093500000000000000e+03 1.394049507024510583e-46
1.093625000000000000e+03 1.531865678116388303e-46
1.093750000000000000e+03 1.300906935267784586e-46
1.093875000000000000e+03 1.385501630346448068e-46
1.094000000000000000e+03 1.031251071923295321e-46
1.094125000000000000e+03 1.336014308129465467e-46
1.094250000000000000e+03 1.453775918925111643e-46
1.094375000000000000e+03 1.395664363351124243e-46
1.094500000000000000e+03 1.379302873360153000e-46
1.094625000000000000e+03 1.112992835382236268e-46
1.094750000000000000e+03 1.302189006066495958e-46
1.094875000000000000e+03 1.438986039115315090e-46
1.095000000000000000e+03 1.038055712240704340e-46
1.095125000000000000e+03 1.164352543462084164e-46
1.095250000000000000e+03 1.523082962037015854e-46
1.095375000000000000e+03 1.630680629072063232e-46
1.095500000000000000e+03 1.723825147205235328e-46
1.095625000000000000e+03 1.231081872194042149e-46
1.095750000000000000e+03 1.501527901634459421e-46
1.095875000000000000e+03 1.700673929831222496e-46
1.096000000000000000e+03 1.324148853449405031e-46
1.096125000000000000e+03 1.668901398729235258e-46
1.096250000000000000e+03 1.340231501398586053e-46
1.096375000000000000e+03 1.677179164701992763e-46
1.096500000000000000e+03 1.411778264897342689e-46
1.096625000000000000e+03 1.406673951353782406e-46
1.096750000000000000e+03 1.545205678120889142e-46
1.096875000000000000e+03 1.458132884942339025e-46
1.097000000000000000e+03 1.297779748152671414e-46
1.097125000000000000e+03 1.141012553245612503e-46
1.097250000000000000e+03 1.277682004764513247e-46
1.097375000000000000e+03 1.545559198775830073e-46
1.097500000000000000e+03 1.565319132307284371e-46
1.097625000000000000e+03 1.465090636195933449e-46
1.097750000000000000e+03 1.751799269451018050e-46
1.097875000000000000e+03 1.406706636824107567e-46
1.098000000000000000e+03 1.403014700832600806e-46
1.098125000000000000e+03 1.600458756578614432e-46
1.098250000000000000e+03 1.426079958486729527e-46
1.098375000000000000e+03 1.766278671052462493e-46
1.098500000000000000e+03 1.263576197286405844e-46
1.098625000000000000e+03 1.549115413080340567e-46
1.098750000000000000e+03 1.521808223379409288e-46
1.098875000000000000e+03 1.221556057296076740e-46
1.099000000000000000e+03 1.329146411789729915e-46
1.099125000000000000e+03 1.333431769083677924e-46
1.099250000000000000e+03 1.342572439301239043e-46
1.099375000000000000e+03 1.807497839591320617e-46
1.099500000000000000e+03 1.548138888056250114e-46
1.099625000000000000e+03 1.667398938802579437e-46
1.099750000000000000e+03 1.439261283001167708e-46
1.099875000000000000e+03 1.262255919760581357e-46
1.100000000000000000e+03 1.459380401425616494e-46
1.100125000000000000e+03 1.438847914984044809e-46
1.100250000000000000e+03 1.247806371397759826e-46
1.100375000000000000e+03 1.090661951284289121e-46
1.100500000000000000e+03 1.559982121323400405e-46
1.100625000000000000e+03 1.210881349777795598e-46
1.100750000000000000e+03 1.496971348397589638e-46
1.100875000000000000e+03 1.386469691521691117e-46
1.101000000000000000e+03 1.429442665773083082e-46
1.101125000000000000e+03 1.539205207888400826e-46
1.101250000000000000e+03 1.354352733467975026e-46
1.101375000000000000e+03 1.255056632691558852e-46
1.101500000000000000e+03 1.918967584788476096e-46
1.101625000000000000e+03 1.551225885685867616e-46
1.101750000000000000e+03 1.190317148988144613e-46
1.101875000000000000e+03 1.375410382958914476e-46
1.102000000000000000e+03 1.189304144288689346e-46
1.102125000000000000e+03 1.559542931834175958e-46
1.102250000000000000e+03 1.340130186518178234e-46
1.102375000000000000e+03 1.452569145721396099e-46
1.102500000000000000e+03 1.690721053138033857e-46
1.102625000000000000e+03 1.263696355327257872e-46
1.102750000000000000e+03 1.482803758323857084e-46
1.102875000000000000e+03 1.477707674028011535e-46
1.103000000000000000e+03 1.728303080766077397e-46
1.103125000000000000e+03 1.400861361358606208e-46
1.103250000000000000e+03 1.580507443346831752e-46
1.103375000000000000e+03 1.121293538861029007e-46
1.103500000000000000e+03 1.458980766446482617e-46
1.103625000000000000e+03 1.580313342635399171e-46
1.103750000000000000e+03 1.490874770526951665e-46
1.103875000000000000e+03 1.705761577968433541e-46
1.104000000000000000e+03 1.900724565189028732e-46
1.104125000000000000e+03 1.412415120293944594e-46
1.104250000000000000e+03 1.517957928741453532e-46
1.104375000000000000e+03 1.287557063380179075e-46
1.104500000000000000e+03 1.350449043098866561e-46
1.104625000000000000e+03 1.397751007925656307e-46
1.104750000000000000e+03 1.450623161494172948e-46
1.104875000000000000e+03 1.230726435213977832e-46
1.105000000000000000e+03 1.159126872583932154e-46
1.105125000000000000e+03 1.538535038052881412e-46
1.105250000000000000e+03 1.399583785905426861e-46
1.105375000000000000e+03 1.350832419727484319e-46
1.105500000000000000e+03 1.612686959602376601e-46
1.105625000000000000e+03 1.624000246422968021e-46
1.105750000000000000e+03 1.412420088236108588e-46
1.105875000000000000e+03 1.146238329795156904e-46
1.106000000000000000e+03 1.622519740889406905e-46
1.106125000000000000e+03 1.436671376123993799e-46
1.106250000000000000e+03 1.386407737010848046e-46
1.106375000000000000e+03 1.566664675346372803e-46
1.106500000000000000e+03 1.318204977783423906e-46
1.106625000000000000e+03 1.352596977835328595e-46
1.106750000000000000e+03 1.416111799461270294e-46
1.106875000000000000e+03 1.350947991838587015e-46
1.107000000000000000e+03 1.827811879549720056e-46
1.107125000000000000e+03 1.646450702225468566e-46
1.107250000000000000e+03 1.517814199617582966e-46
1.107375000000000000e+03 1.376738650996729064e-46
1.107500000000000000e+03 1.323934130414919561e-46
1.107625000000000000e+03 1.685160635960886240e-46
1.107750000000000000e+03 1.311747606585990016e-46
1.107875000000000000e+03 1.348532668158877204e-46
1.108000000000000000e+03 1.544202646508356318e-46
1.108125000000000000e+03 1.384800241822980181e-46
1.108250000000000000e+03 1.397159746060476554e-46
1.108375000000000000e+03 1.488393026007493972e-46
1.108500000000000000e+03 1.486984329295234962e-46
1.108625000000000000e+03 1.322952128758044359e-46
1.108750000000000000e+03 1.420564590352494727e-46
1.108875000000000000e+03 1.608824769031584957e-46
1.109000000000000000e+03 1.962665282601013601e-46
1.109125000000000000e+03 1.392822878805539519e-46
1.109250000000000000e+03 1.568715091730860150e-46
1.109375000000000000e+03 1.496658926838538527e-46
1.109500000000000000e+03 1.460454726206596630e-46
1.109625000000000000e+03 1.284864792612959057e-46
1.109750000000000000e+03 1.401308927762709602e-46
1.109875000000000000e+03 1.415506980020296574e-46
1.110000000000000000e+03 1.672203974160556797e-46
1.110125000000000000e+03 1.379686355323285274e-46
1.110250000000000000e+03 1.475794832759017599e-46
1.110375000000000000e+03 1.766546390243024618e-46
1.110500000000000000e+03 1.602515955835830136e-46
1.110625000000000000e+03 1.953058786447625570e-46
1.110750000000000000e+03 1.646490664047527867e-46
1.110875000000000000e+03 1.688013447695780062e-46
1.111000000000000000e+03 1.618078772813029239e-46
1.111125000000000000e+03 1.872719808637532422e-46
1.111250000000000000e+03 1.554423383790462597e-46
1.111375000000000000e+03 1.622191422511419805e-46
1.111500000000000000e+03 1.262110952356694966e-46
1.111625000000000000e+03 1.942789232014009889e-46
1.111750000000000000e+03 1.697689910908872179e-46
1.111875000000000000e+03 1.749314098026762099e-46
1.112000000000000000e+03 2.037905155432244768e-46
1.112125000000000000e+03 1.767291037236112668e-46
1.112250000000000000e+03 1.741234665800459466e-46
1.112375000000000000e+03 1.871437478229247161e-46
1.112500000000000000e+03 1.681406737252703553e-46
1.112625000000000000e+03 1.283581826420836586e-46
1.112750000000000000e+03 1.657829105016635839e-46
1.112875000000000000e+03 1.418309410009003608e-46
1.113000000000000000e+03 1.851418838941922689e-46
1.113125000000000000e+03 1.493234358727236428e-46
1.113250000000000000e+03 1.621879474132338531e-46
1.113375000000000000e+03 1.440790016805037691e-46
1.113500000000000000e+03 1.457335637172077201e-46
1.113625000000000000e+03 1.659406866908867471e-46
1.113750000000000000e+03 1.648667551108931326e-46
1.113875000000000000e+03 1.644142524812936223e-46
1.114000000000000000e+03 1.515167530784307439e-46
1.114125000000000000e+03 1.903548210338727378e-46
1.114250000000000000e+03 1.376875602388823987e-46
1.114375000000000000e+03 1.691739943768146604e-46
1.114500000000000000e+03 1.517643585698201594e-46
1.114625000000000000e+03 1.619469799992230757e-46
1.114750000000000000e+03 1.580035505292483203e-46
1.114875000000000000e+03 1.419623352843764869e-46
1.115000000000000000e+03 1.441432857507046586e-46
1.115125000000000000e+03 1.467773517115973589e-46
1.115250000000000000e+03 1.566777084716636816e-46
1.115375000000000000e+03 1.566612436685992878e-46
1.115500000000000000e+03 1.353332719808787350e-46
1.115625000000000000e+03 1.992743640584606307e-46
1.115750000000000000e+03 1.704004205115914798e-46
1.115875000000000000e+03 1.612134219328574408e-46
1.116000000000000000e+03 1.453470017695183866e-46
1.116125000000000000e+03 1.996170122180364752e-46
1.116250000000000000e+03 1.636362971020457846e-46
1.116375000000000000e+03 1.377750432259752020e-46
1.116500000000000000e+03 1.413666462755174996e-46
1.116625000000000000e+03 1.556800876480952725e-46
1.116750000000000000e+03 1.456623083207546355e-46
1.116875000000000000e+03 1.322918574178941761e-46
1.117000000000000000e+03 1.613804953151596443e-46
1.117125000000000000e+03 2.008273194821090997e-46
1.117250000000000000e+03 1.437733711284032600e-46
1.117375000000000000e+03 1.416653300656786793e-46
1.117500000000000000e+03 1.289960019799057954e-46
1.117625000000000000e+03 1.692683596847487479e-46
1.117750000000000000e+03 1.316741727180942156e-46
1.117875000000000000e+03 1.173410785396866407e-46
1.118000000000000000e+03 1.685076663735276665e-46
1.118125000000000000e+03 1.661108027648628374e-46
1.118250000000000000e+03 1.180559481063492553e-46
1.118375000000000000e+03 1.562300324920211094e-46
1.118500000000000000e+03 1.566072320197012951e-46
1.118625000000000000e+03 1.308316642833563268e-46
1.118750000000000000e+03 1.813227038869426042e-46
1.118875000000000000e+03 1.458400559539008587e-46
1.119000000000000000e+03 1.784562376401430787e-46
1.119125000000000000e+03 1.608344522003254678e-46
1.119250000000000000e+03 1.533046269704325903e-46
1.119375000000000000e+03 1.292167100629775260e-46
1.119500000000000000e+03 1.774574159416117119e-46
1.119625000000000000e+03 1.251036523597816612e-46
1.119750000000000000e+03 1.266226434420421978e-46
1.119875000000000000e+03 1.750593365550666241e-46
1.120000000000000000e+03 1.294816967383887085e-46
1.120125000000000000e+03 1.398206154982634408e-46
1.120250000000000000e+03 1.538897548086810682e-46
1.120375000000000000e+03 1.657517810404687773e-46
1.120500000000000000e+03 1.687020928059015788e-46
1.120625000000000000e+03 1.604442884450890944e-46
1.120750000000000000e+03 1.221382193510766789e-46
1.120875000000000000e+03 1.595809133927715707e-46
1.121000000000000000e+03 1.576983625083859146e-46
1.121125000000000000e+03 1.616874957925785771e-46
1.121250000000000000e+03 1.490409192141163424e-46
1.121375000000000000e+03 1.559980355061454773e-46
1.121500000000000000e+03 1.306612040757301748e-46
1.121625000000000000e+03 1.237596485632895522e-46
1.121750000000000000e+03 1.208517988975824684e-46
1.121875000000000000e+03 1.531619703018816506e-46
1.122000000000000000e+03 1.360723801417176491e-46
1.122125000000000000e+03 1.449576960163053260e-46
1.122250000000000000e+03 1.679815610235243825e-46
1.122375000000000000e+03 1.435391512225705865e-46
1.122500000000000000e+03 1.514528387575158670e-46
1.122625000000000000e+03 1.845202329979275349e-46
1.122750000000000000e+03 1.628777203432671698e-46
1.122875000000000000e+03 1.374791534405920513e-46
1.123000000000000000e+03 1.441310997995957369e-46
1.123125000000000000e+03 1.209104421543395406e-46
1.123250000000000000e+03 1.419792169562397740e-46
1.123375000000000000e+03 1.490482385119609810e-46
1.123500000000000000e+03 1.286074806198748705e-46
1.123625000000000000e+03 1.260801756435670945e-46
1.123750000000000000e+03 1.828173687091070758e-46
1.123875000000000000e+03 1.484473593595382667e-46
1.124000000000000000e+03 1.238650531722877243e-46
1.124125000000000000e+03 1.462876387972444555e-46
1.124250000000000000e+03 1.334853638839103954e-46
1.124375000000000000e+03 1.342092610035132212e-46
1.124500000000000000e+03 1.369493455752799515e-46
1.124625000000000000e+03 1.577196750885919737e-46
1.124750000000000000e+03 1.720991973720505339e-46
1.124875000000000000e+03 1.291611579794991912e-46
1.125000000000000000e+03 1.568162658882749991e-46
1.125125000000000000e+03 1.692009703219629467e-46
1.125250000000000000e+03 1.739558951094728445e-46
1.125375000000000000e+03 1.381961788720635772e-46
1.125500000000000000e+03 1.444875547907293437e-46
1.125625000000000000e+03 1.856400650387740017e-46
1.125750000000000000e+03 1.410316134045061789e-46
1.125875000000000000e+03 1.253976239608720898e-46
1.126000000000000000e+03 1.552748812593096367e-46
1.126125000000000000e+03 1.717383458371314165e-46
1.126250000000000000e+03 1.256811051110999638e-46
1.126375000000000000e+03 1.574476987881917849e-46
1.126500000000000000e+03 1.585303251934217656e-46
1.126625000000000000e+03 1.414582122292475180e-46
1.126750000000000000e+03 1.382050027035368885e-46
1.126875000000000000e+03 1.472708964037467435e-46
1.127000000000000000e+03 1.610504068276150731e-46
1.127125000000000000e+03 1.758844431956313507e-46
1.127250000000000000e+03 1.314213759812907598e-46
1.127375000000000000e+03 1.358622351404911078e-46
1.127500000000000000e+03 1.517445504320146137e-46
1.127625000000000000e+03 1.464627889372278434e-46
1.127750000000000000e+03 1.365506245984515559e-46
1.127875000000000000e+03 1.327722970676681802e-46
1.128000000000000000e+03 1.524598263770111204e-46
1.128125000000000000e+03 1.568164506845540146e-46
1.128250000000000000e+03 1.526543778075940871e-46
1.128375000000000000e+03 1.367116665590533194e-46
1.128500000000000000e+03 1.473868829031513905e-46
1.128625000000000000e+03 1.196757705049984152e-46
1.128750000000000000e+03 1.425910643151847270e-46
1.128875000000000000e+03 1.544187699362895888e-46
1.129000000000000000e+03 1.229695657623390517e-46
1.129125000000000000e+03 1.288269017323961606e-46
1.129250000000000000e+03 1.296536803038957044e-46
1.129375000000000000e+03 1.361338989594508094e-46
1.129500000000000000e+03 1.370102104964836196e-46
1.129625000000000000e+03 1.473532117089500604e-46
1.129750000000000000e+03 1.489876382723470455e-46
1.129875000000000000e+03 1.310585016232791930e-46
1.130000000000000000e+03 1.505799436974603360e-46
1.130125000000000000e+03 1.358034215954204692e-46
1.130250000000000000e+03 1.961879826076664427e-46
1.130375000000000000e+03 1.382016520302694405e-46
1.130500000000000000e+03 1.176371780554826550e-46
1.130625000000000000e+03 1.618114636019815752e-46
1.130750000000000000e+03 1.210801668780800871e-46
1.130875000000000000e+03 1.128056837538751470e-46
1.131000000000000000e+03 1.375278370834026707e-46
1.131125000000000000e+03 1.561890385072253611e-46
1.131250000000000000e+03 1.346779186760373382e-46
1.131375000000000000e+03 1.578220004403098033e-46
1.131500000000000000e+03 1.222947881751639434e-46
1.131625000000000000e+03 1.737918253405088271e-46
1.131750000000000000e+03 1.537151794770260995e-46
1.131875000000000000e+03 1.467191244459086033e-46
1.132000000000000000e+03 1.282884326598758634e-46
1.132125000000000000e+03 1.554122216894577165e-46
1.132250000000000000e+03 1.683517579608864384e-46
1.132375000000000000e+03 1.562144515322876972e-46
1.132500000000000000e+03 1.465499505866529268e-46
1.132625000000000000e+03 1.493151971243319118e-46
1.132750000000000000e+03 1.564071388496478007e-46
1.132875000000000000e+03 1.213523781017518233e-46
1.133000000000000000e+03 1.404083015887113032e-46
1.133125000000000000e+03 1.407748947279482722e-46
1.133250000000000000e+03 1.286795693840692687e-46
1.133375000000000000e+03 1.106746563611216007e-46
1.133500000000000000e+03 1.328030610419261005e-46
1.133625000000000000e+03 1.414260278948564524e-46
1.133750000000000000e+03 1.554228550803174226e-46
1.133875000000000000e+03 1.401581858972042214e-46
1.134000000000000000e+03 1.418062587658986282e-46
1.134125000000000000e+03 1.262857648633983536e-46
1.134250000000000000e+03 1.741096113027524243e-46
1.134375000000000000e+03 1.907167368847213516e-46
1.134500000000000000e+03 2.002331601505295006e-46
1.134625000000000000e+03 1.540996785223252324e-46
1.134750000000000000e+03 1.329833559631185042e-46
1.134875000000000000e+03 1.230984200234405864e-46
1.135000000000000000e+03 1.377964984620086203e-46
1.135125000000000000e+03 1.787482724270309893e-46
1.135250000000000000e+03 1.528598882679898262e-46
1.135375000000000000e+03 1.640406246901759314e-46
1.135500000000000000e+03 1.301642257453015952e-46
1.135625000000000000e+03 1.141387639851516664e-46
1.135750000000000000e+03 1.469451200476753098e-46
1.135875000000000000e+03 1.180938098971186178e-46
1.136000000000000000e+03 1.913906383520370564e-46
1.136125000000000000e+03 1.663093008213995288e-46
1.136250000000000000e+03 1.520315489829463680e-46
1.136375000000000000e+03 1.481273779477212102e-46
1.136500000000000000e+03 1.397513563297188413e-46
1.136625000000000000e+03 1.280452653126806060e-46
1.136750000000000000e+03 1.267548638922841682e-46
1.136875000000000000e+03 1.542344444922521333e-46
1.137000000000000000e+03 1.436834898717274369e-46
1.137125000000000000e+03 1.551799023120216797e-46
1.137250000000000000e+03 1.485902932048342301e-46
1.137375000000000000e+03 1.425746094859239445e-46
1.137500000000000000e+03 1.621025290993978476e-46
1.137625000000000000e+03 1.668475484594973524e-46
1.137750000000000000e+03 1.251239365775589399e-46
1.137875000000000000e+03 1.603907828377098803e-46
1.138000000000000000e+03 1.458502663994160067e-46
1.138125000000000000e+03 1.420845272576744224e-46
1.138250000000000000e+03 1.287886880435381348e-46
1.138375000000000000e+03 1.305357538918580674e-46
1.138500000000000000e+03 1.702473814643884942e-46
1.138625000000000000e+03 1.615554926106345141e-46
1.138750000000000000e+03 1.401402272084915632e-46
1.138875000000000000e+03 1.520466632849483510e-46
1.139000000000000000e+03 1.716479740484488112e-46
1.139125000000000000e+03 1.671505631200862540e-46
1.139250000000000000e+03 1.323589919192653831e-46
1.139375000000000000e+03 1.467413015988627343e-46
1.139500000000000000e+03 1.283563025758140225e-46
1.139625000000000000e+03 1.529433309612694351e-46
1.139750000000000000e+03 1.431335837485657404e-46
1.139875000000000000e+03 1.660080054351197288e-46
1.140000000000000000e+03 1.473168115286819458e-46
1.140125000000000000e+03 1.943761120360928580e-46
1.140250000000000000e+03 1.512282358106978229e-46
1.140375000000000000e+03 1.290497544834254939e-46
1.140500000000000000e+03 1.226919220544773522e-46
1.140625000000000000e+03 1.409692439221324254e-46
1.140750000000000000e+03 2.105898394203302927e-46
1.140875000000000000e+03 1.406204591529457325e-46
1.141000000000000000e+03 1.610480182980657035e-46
1.141125000000000000e+03 1.643178532471802427e-46
1.141250000000000000e+03 1.559518740735144593e-46
1.141375000000000000e+03 1.459086366625945043e-46
1.141500000000000000e+03 1.657275152782711283e-46
1.141625000000000000e+03 1.482744075850417255e-46
1.141750000000000000e+03 1.255642325941333226e-46
1.141875000000000000e+03 1.712781091825848796e-46
1.142000000000000000e+03 1.442212945876426162e-46
1.142125000000000000e+03 1.554897413861795799e-46
1.142250000000000000e+03 1.337924307855566460e-46
1.142375000000000000e+03 1.513468978790951485e-46
1.142500000000000000e+03 1.506912240996369045e-46
1.142625000000000000e+03 1.422310163279109595e-46
1.142750000000000000e+03 1.541138401726336340e-46
1.142875000000000000e+03 1.415358698088322532e-46
1.143000000000000000e+03 1.502263910100064703e-46
1.143125000000000000e+03 1.453091955679440737e-46
1.143250000000000000e+03 1.696829549208186031e-46
1.143375000000000000e+03 1.457652863327763056e-46
1.143500000000000000e+03 1.636472626459567747e-46
1.143625000000000000e+03 1.199957308242047088e-46
1.143750000000000000e+03 1.822691415461643662e-46
1.143875000000000000e+03 1.541178755972461322e-46
1.144000000000000000e+03 1.692845610710743089e-46
1.144125000000000000e+03 1.679271223302705212e-46
1.144250000000000000e+03 1.511524365368676521e-46
1.144375000000000000e+03 1.635346708934843768e-46
1.144500000000000000e+03 1.782587767202083852e-46
1.144625000000000000e+03 1.743857732097415881e-46
1.144750000000000000e+03 1.550127672107714367e-46
1.144875000000000000e+03 1.438835096464539170e-46
1.145000000000000000e+03 1.666058941434645861e-46
1.145125000000000000e+03 1.540149046740596015e-46
1.145250000000000000e+03 1.486291184378696541e-46
1.145375000000000000e+03 1.873884337616327263e-46
1.145500000000000000e+03 1.481968836934744469e-46
1.145625000000000000e+03 1.660328376661657737e-46
1.145750000000000000e+03 1.419395427136950854e-46
1.145875000000000000e+03 1.682134833699735228e-46
1.146000000000000000e+03 1.549703236688392664e-46
1.146125000000000000e+03 1.513984201563499071e-46
1.146250000000000000e+03 1.576066069268930439e-46
1.146375000000000000e+03 1.755896620622099168e-46
1.146500000000000000e+03 1.652077781303566888e-46
1.146625000000000000e+03 1.597658347226375020e-46
1.146750000000000000e+03 1.629701298097926870e-46
1.146875000000000000e+03 1.393546990558580657e-46
1.147000000000000000e+03 2.021606395421280071e-46
1.147125000000000000e+03 1.541533368312639640e-46
1.147250000000000000e+03 1.749923499105476181e-46
1.147375000000000000e+03 1.969298974322708916e-46
1.147500000000000000e+03 1.936016981958605106e-46
1.147625000000000000e+03 1.643022820717311172e-46
1.147750000000000000e+03 1.760316064336693249e-46
1.147875000000000000e+03 1.422980082559203001e-46
1.148000000000000000e+03 1.305157039379404595e-46
1.148125000000000000e+03 1.748573607484178892e-46
1.148250000000000000e+03 2.196875789159983653e-46
1.148375000000000000e+03 1.617843443117371537e-46
1.148500000000000000e+03 1.801136636887213354e-46
1.148625000000000000e+03 2.242824568414796409e-46
1.148750000000000000e+03 1.743420317776081309e-46
1.148875000000000000e+03 1.814274978751064592e-46
1.149000000000000000e+03 2.029463034292489614e-46
1.149125000000000000e+03 1.877408181865510779e-46
1.149250000000000000e+03 1.947691429163414504e-46
1.149375000000000000e+03 2.412328069062031998e-46
1.149500000000000000e+03 1.812278807042560853e-46
1.149625000000000000e+03 1.827877818871645337e-46
1.149750000000000000e+03 1.494661503267372169e-46
1.149875000000000000e+03 2.239533321815289926e-46
1.150000000000000000e+03 1.625071998696691993e-46
1.150125000000000000e+03 1.489527276412346538e-46
1.150250000000000000e+03 1.830714605589533136e-46
1.150375000000000000e+03 1.693704646662008943e-46
1.150500000000000000e+03 1.363333202785404974e-46
1.150625000000000000e+03 1.155420509573496630e-46
1.150750000000000000e+03 1.734693609922274273e-46
1.150875000000000000e+03 1.531072345502382800e-46
1.151000000000000000e+03 1.625374459307913824e-46
1.151125000000000000e+03 1.341454186173416286e-46
1.151250000000000000e+03 1.491442493924147728e-46
1.151375000000000000e+03 1.338076924075731993e-46
1.151500000000000000e+03 1.522205176131572111e-46
1.151625000000000000e+03 1.376925801262870737e-46
1.151750000000000000e+03 1.934597214751249775e-46
1.151875000000000000e+03 1.525155051421389569e-46
1.152000000000000000e+03 1.161872219045984510e-46
1.152125000000000000e+03 1.392081296237205836e-46
1.152250000000000000e+03 1.453517335161690719e-46
1.152375000000000000e+03 1.446495633460222221e-46
1.152500000000000000e+03 1.518673594253566315e-46
1.152625000000000000e+03 1.330961296830446146e-46
1.152750000000000000e+03 1.446827460546680818e-46
1.152875000000000000e+03 1.331266702637886631e-46
1.153000000000000000e+03 1.724516409920886794e-46
1.153125000000000000e+03 1.350496493799279321e-46
1.153250000000000000e+03 1.609820312529850058e-46
1.153375000000000000e+03 1.471777781473281939e-46
1.153500000000000000e+03 1.580241498535410791e-46
1.153625000000000000e+03 1.669616732217271628e-46
1.153750000000000000e+03 1.721367811933180528e-46
1.153875000000000000e+03 1.681842282532220065e-46
1.154000000000000000e+03 1.454046584767036419e-46
1.154125000000000000e+03 1.592947750874493359e-46
1.154250000000000000e+03 1.616401324226403615e-46
1.154375000000000000e+03 1.913223729116362270e-46
1.154500000000000000e+03 1.580832186520254596e-46
1.154625000000000000e+03 1.525191245400147401e-46
1.154750000000000000e+03 1.553677739342239429e-46
1.154875000000000000e+03 1.541621935246755637e-46
1.155000000000000000e+03 1.621887770413001274e-46
1.155125000000000000e+03 1.735250302518241983e-46
1.155250000000000000e+03 1.641320008720294790e-46
1.155375000000000000e+03 1.875479273167324960e-46
1.155500000000000000e+03 1.478118961311779812e-46
1.155625000000000000e+03 1.368165897041324357e-46
1.155750000000000000e+03 1.718438523367341634e-46
1.155875000000000000e+03 1.649347649650621812e-46
1.156000000000000000e+03 1.550167206791216809e-46
1.156125000000000000e+03 1.401428588729453218e-46
1.156250000000000000e+03 1.528770100838956161e-46
1.156375000000000000e+03 1.903284170062533169e-46
1.156500000000000000e+03 1.315750733171118866e-46
1.156625000000000000e+03 2.210711375972337504e-46
1.156750000000000000e+03 1.706918948418322563e-46
1.156875000000000000e+03 1.417931677801002418e-46
1.157000000000000000e+03 1.346872933880939933e-46
1.157125000000000000e+03 1.351659329440335677e-46
1.157250000000000000e+03 1.687853570032863321e-46
1.157375000000000000e+03 1.937801217714522744e-46
1.157500000000000000e+03 1.260009663403393129e-46
1.157625000000000000e+03 1.379256123966868430e-46
1.157750000000000000e+03 1.676921324721425210e-46
1.157875000000000000e+03 1.626392388524309762e-46
1.158000000000000000e+03 1.295557751619996311e-46
1.158125000000000000e+03 1.798651299934327107e-46
1.158250000000000000e+03 1.486057636057267284e-46
1.158375000000000000e+03 1.170381313902870784e-46
1.158500000000000000e+03 1.479507181218745366e-46
1.158625000000000000e+03 1.551197181171423528e-46
1.158750000000000000e+03 1.607019313609297046e-46
1.158875000000000000e+03 1.656694744466838276e-46
1.159000000000000000e+03 1.513732116089846415e-46
1.159125000000000000e+03 1.931145180572910160e-46
1.159250000000000000e+03 1.509999695434779361e-46
1.159375000000000000e+03 1.841081341636486631e-46
1.159500000000000000e+03 1.393947833101089913e-46
1.159625000000000000e+03 1.525540745374665465e-46
1.159750000000000000e+03 1.573543648229884320e-46
1.159875000000000000e+03 1.345078892827595744e-46
1.160000000000000000e+03 1.585686494357472677e-46
1.160125000000000000e+03 1.420417407679548435e-46
1.160250000000000000e+03 1.300689077391778897e-46
1.160375000000000000e+03 1.338942392588144217e-46
1.160500000000000000e+03 1.491653079826857762e-46
1.160625000000000000e+03 1.668212089697285012e-46
1.160750000000000000e+03 1.641429198279952393e-46
1.160875000000000000e+03 1.780749049749659834e-46
1.161000000000000000e+03 1.477572381930250968e-46
1.161125000000000000e+03 1.494884105012443228e-46
1.161250000000000000e+03 1.372786949954083352e-46
1.161375000000000000e+03 1.799313582251518204e-46
1.161500000000000000e+03 1.363029165833569282e-46
1.161625000000000000e+03 2.628519403775145817e-46
1.161750000000000000e+03 1.716800848473929030e-46
1.161875000000000000e+03 1.576692477862765135e-46
1.162000000000000000e+03 1.497632888397798285e-46
1.162125000000000000e+03 1.592764202944636169e-46
1.162250000000000000e+03 1.789703979534973642e-46
1.162375000000000000e+03 1.448033797899400892e-46
1.162500000000000000e+03 1.439970198981663903e-46
1.162625000000000000e+03 1.325980301882315210e-46
1.162750000000000000e+03 1.877712467414699363e-46
1.162875000000000000e+03 1.749629847539525034e-46
1.163000000000000000e+03 1.733990497786494125e-46
1.163125000000000000e+03 1.581890021291862376e-46
1.163250000000000000e+03 1.591392866301167877e-46
1.163375000000000000e+03 1.502264675441414137e-46
1.163500000000000000e+03 1.467292173726294754e-46
1.163625000000000000e+03 1.511439746552209555e-46
1.163750000000000000e+03 1.417919045732040179e-46
1.163875000000000000e+03 1.392048943911519893e-46
1.164000000000000000e+03 1.460547624088677913e-46
1.164125000000000000e+03 1.558112078139112359e-46
1.164250000000000000e+03 1.445038948268064747e-46
1.164375000000000000e+03 1.960857729024178649e-46
1.164500000000000000e+03 1.304253167223052207e-46
1.164625000000000000e+03 1.747685015803475853e-46
1.164750000000000000e+03 1.507484481897112459e-46
1.164875000000000000e+03 1.334306465189107332e-46
1.165000000000000000e+03 1.673843246665557934e-46
1.165125000000000000e+03 1.613201376113010844e-46
1.165250000000000000e+03 1.807781025526208258e-46
1.165375000000000000e+03 1.196767474840839165e-46
1.165500000000000000e+03 1.474150166775002896e-46
1.165625000000000000e+03 1.763846041699929582e-46
1.165750000000000000e+03 1.517653333010071767e-46
1.165875000000000000e+03 1.590742671791253145e-46
1.166000000000000000e+03 1.589364823453617367e-46
1.166125000000000000e+03 1.372224864459847669e-46
1.166250000000000000e+03 1.571914313947399092e-46
1.166375000000000000e+03 2.176456892369014822e-46
1.166500000000000000e+03 1.719176843686472374e-46
1.166625000000000000e+03 1.329462107562048799e-46
1.166750000000000000e+03 1.478080475228177165e-46
1.166875000000000000e+03 1.412416299795339279e-46
1.167000000000000000e+03 1.630049721859072129e-46
1.167125000000000000e+03 1.846420546320228127e-46
1.167250000000000000e+03 1.608682712701020100e-46
1.167375000000000000e+03 1.775356967272336892e-46
1.167500000000000000e+03 1.714067781754098534e-46
1.167625000000000000e+03 1.577647509286766301e-46
1.167750000000000000e+03 1.667196580195309119e-46
1.167875000000000000e+03 1.714251441309375699e-46
1.168000000000000000e+03 1.644032197406541564e-46
1.168125000000000000e+03 1.555105504182607497e-46
1.168250000000000000e+03 1.625743875208357921e-46
1.168375000000000000e+03 1.929906848904913594e-46
1.168500000000000000e+03 1.541561662585840775e-46
1.168625000000000000e+03 1.467928677430019198e-46
1.168750000000000000e+03 1.499850251373784993e-46
1.168875000000000000e+03 1.319015007948887941e-46
1.169000000000000000e+03 1.937575374120341596e-46
1.169125000000000000e+03 1.455295387221535023e-46
1.169250000000000000e+03 1.989499497893330246e-46
1.169375000000000000e+03 1.585071587899842825e-46
1.169500000000000000e+03 1.636235496605189694e-46
1.169625000000000000e+03 1.903769873228153992e-46
1.169750000000000000e+03 1.683337054226502788e-46
1.169875000000000000e+03 1.944957596839105653e-46
1.170000000000000000e+03 1.780415414834328685e-46
1.170125000000000000e+03 1.824093580211804980e-46
1.170250000000000000e+03 1.603278740483307152e-46
1.170375000000000000e+03 1.602675540871828563e-46
1.170500000000000000e+03 1.507302593841494527e-46
1.170625000000000000e+03 1.563618788037752166e-46
1.170750000000000000e+03 1.661863133036323278e-46
1.170875000000000000e+03 1.428851546992329216e-46
1.171000000000000000e+03 1.668028123437152954e-46
1.171125000000000000e+03 1.437907417316389291e-46
1.171250000000000000e+03 1.997844488290386496e-46
1.171375000000000000e+03 1.022182102286026724e-46
1.171500000000000000e+03 1.962399721029789547e-46
1.171625000000000000e+03 1.572861910068858066e-46
1.171750000000000000e+03 1.521442623341487687e-46
1.171875000000000000e+03 1.616516651970615214e-46
1.172000000000000000e+03 1.620399927334810676e-46
1.172125000000000000e+03 1.451311037120366605e-46
1.172250000000000000e+03 1.697594975946887126e-46
1.172375000000000000e+03 1.759035447066830521e-46
1.172500000000000000e+03 1.535628701661336756e-46
1.172625000000000000e+03 1.722902946167852468e-46
1.172750000000000000e+03 1.351109683833663358e-46
1.172875000000000000e+03 1.606049060282097619e-46
1.173000000000000000e+03 1.392251753265212941e-46
1.173125000000000000e+03 1.477572402887299410e-46
1.173250000000000000e+03 1.780205905568959264e-46
1.173375000000000000e+03 1.727821532055121598e-46
1.173500000000000000e+03 1.538754357091221160e-46
1.173625000000000000e+03 1.546417340480981121e-46
1.173750000000000000e+03 1.714235709821941607e-46
1.173875000000000000e+03 1.682793546321368410e-46
1.174000000000000000e+03 1.164202961101417901e-46
1.174125000000000000e+03 1.772086046288406684e-46
1.174250000000000000e+03 1.687528811080529210e-46
1.174375000000000000e+03 1.347557365286475613e-46
1.174500000000000000e+03 1.496846123983331819e-46
1.174625000000000000e+03 1.649757327669376426e-46
1.174750000000000000e+03 1.754813428162281415e-46
1.174875000000000000e+03 1.600349655710172950e-46
1.175000000000000000e+03 1.384997386198502270e-46
1.175125000000000000e+03 1.794243309673257652e-46
1.175250000000000000e+03 1.412599581949045383e-46
1.175375000000000000e+03 1.361713708950749390e-46
1.175500000000000000e+03 1.331036804659246152e-46
1.175625000000000000e+03 1.688631907971750423e-46
1.175750000000000000e+03 1.505338062948957581e-46
1.175875000000000000e+03 1.690926851110229091e-46
1.176000000000000000e+03 1.598908702039170727e-46
1.176125000000000000e+03 1.182730961113911804e-46
1.176250000000000000e+03 1.358740705964058971e-46
1.176375000000000000e+03 1.811083052405777896e-46
1.176500000000000000e+03 1.630366491298140472e-46
1.176625000000000000e+03 1.739779260252327961e-46
1.176750000000000000e+03 1.659884441753337720e-46
1.176875000000000000e+03 1.687331339806069573e-46
1.177000000000000000e+03 1.367118672062433445e-46
1.177125000000000000e+03 1.368527937303212122e-46
1.177250000000000000e+03 1.637331609562318383e-46
1.177375000000000000e+03 1.770705737428666032e-46
1.177500000000000000e+03 1.648330915816736684e-46
1.177625000000000000e+03 1.707395834858402657e-46
1.177750000000000000e+03 1.682986610808814704e-46
1.177875000000000000e+03 1.524518196074727555e-46
1.178000000000000000e+03 1.708789851071258294e-46
1.178125000000000000e+03 1.552801530020277304e-46
1.178250000000000000e+03 1.545539757547277975e-46
1.178375000000000000e+03 1.839669545022074823e-46
1.178500000000000000e+03 1.555118376388032295e-46
1.178625000000000000e+03 1.449936720446144960e-46
1.178750000000000000e+03 1.675794939093826442e-46
1.178875000000000000e+03 1.887502981792605803e-46
1.179000000000000000e+03 1.791927338740845378e-46
1.179125000000000000e+03 1.535662577518848878e-46
1.179250000000000000e+03 1.774205557336316641e-46
1.179375000000000000e+03 1.853193646967503040e-46
1.179500000000000000e+03 1.898882931206168619e-46
1.179625000000000000e+03 1.530749763265067547e-46
1.179750000000000000e+03 1.366908771875009425e-46
1.179875000000000000e+03 1.784642388841173705e-46
1.180000000000000000e+03 1.539413570512551707e-46
1.180125000000000000e+03 1.621928276868831617e-46
1.180250000000000000e+03 1.562363467324847897e-46
1.180375000000000000e+03 1.688408731535179209e-46
1.180500000000000000e+03 1.327665625783752223e-46
1.180625000000000000e+03 1.414094366774267417e-46
1.180750000000000000e+03 2.114354457920263792e-46
1.180875000000000000e+03 1.301712511065952494e-46
1.181000000000000000e+03 1.649001685915238395e-46
1.181125000000000000e+03 1.495994177299183956e-46
1.181250000000000000e+03 1.825035656209951171e-46
1.181375000000000000e+03 1.642403492494196523e-46
1.181500000000000000e+03 1.676734912367218084e-46
1.181625000000000000e+03 1.410622277157236412e-46
1.181750000000000000e+03 1.667322835214902605e-46
1.181875000000000000e+03 1.599946828467749768e-46
1.182000000000000000e+03 1.437836758263607960e-46
1.182125000000000000e+03 1.282181250827810400e-46
1.182250000000000000e+03 1.179643942607490086e-46
1.182375000000000000e+03 1.808544023992114664e-46
1.182500000000000000e+03 1.585499322592236539e-46
1.182625000000000000e+03 1.807463525049005109e-46
1.182750000000000000e+03 1.425339075037261970e-46
1.182875000000000000e+03 1.706841435420580326e-46
1.183000000000000000e+03 1.597483545081932844e-46
1.183125000000000000e+03 1.524797634255037816e-46
1.183250000000000000e+03 1.747381506952565299e-46
1.183375000000000000e+03 1.500508129481765344e-46
1.183500000000000000e+03 1.880729072424953326e-46
1.183625000000000000e+03 1.620429406468459366e-46
1.183750000000000000e+03 1.515747630245786589e-46
1.183875000000000000e+03 1.435887191200042577e-46
1.184000000000000000e+03 1.795409437463752828e-46
1.184125000000000000e+03 1.609313506142045925e-46
1.184250000000000000e+03 1.271128270712050832e-46
1.184375000000000000e+03 1.283099199826932879e-46
1.184500000000000000e+03 1.405356649258704078e-46
1.184625000000000000e+03 1.951134339236615618e-46
1.184750000000000000e+03 1.806587875712071515e-46
1.184875000000000000e+03 1.580783545525905592e-46
1.185000000000000000e+03 1.839760909850035693e-46
1.185125000000000000e+03 1.564000703814040622e-46
1.185250000000000000e+03 1.845523921934965948e-46
1.185375000000000000e+03 1.563332798453275034e-46
1.185500000000000000e+03 1.564739310736805768e-46
1.185625000000000000e+03 1.634695908454383817e-46
1.185750000000000000e+03 1.956201780282022816e-46
1.185875000000000000e+03 1.686900180724374785e-46
1.186000000000000000e+03 1.603991416737376137e-46
1.186125000000000000e+03 1.789778552231970267e-46
1.186250000000000000e+03 1.623611108782845371e-46
1.186375000000000000e+03 1.692496001581213961e-46
1.186500000000000000e+03 1.668865180700813058e-46
1.186625000000000000e+03 1.574349918116814461e-46
1.186750000000000000e+03 1.589553205869173309e-46
1.186875000000000000e+03 1.486262301264298357e-46
1.187000000000000000e+03 1.770712567209529292e-46
1.187125000000000000e+03 1.430482950527050672e-46
1.187250000000000000e+03 1.706322266362728194e-46
1.187375000000000000e+03 1.711118921139744850e-46
1.187500000000000000e+03 1.582944916680483753e-46
1.187625000000000000e+03 1.723856179211511779e-46
1.187750000000000000e+03 2.198222912961625447e-46
1.187875000000000000e+03 1.854413490800412084e-46
1.188000000000000000e+03 1.742485269079114002e-46
1.188125000000000000e+03 1.514701080583317802e-46
1.188250000000000000e+03 1.908900754569067890e-46
1.188375000000000000e+03 1.672202120175522951e-46
1.188500000000000000e+03 1.813291684633659070e-46
1.188625000000000000e+03 2.028549050738399546e-46
1.188750000000000000e+03 1.571291656752046264e-46
1.188875000000000000e+03 1.835383464954354071e-46
1.189000000000000000e+03 1.826309660428043350e-46
1.189125000000000000e+03 1.726261656968390107e-46
1.189250000000000000e+03 1.590102677230043534e-46
1.189375000000000000e+03 1.837631261803544756e-46
1.189500000000000000e+03 1.325260587598470961e-46
1.189625000000000000e+03 1.468290033225989668e-46
1.189750000000000000e+03 1.437195764902199901e-46
1.189875000000000000e+03 1.446064423349614297e-46
1.190000000000000000e+03 1.622846975397188393e-46
1.190125000000000000e+03 1.445176005626444421e-46
1.190250000000000000e+03 1.918247002254861548e-46
1.190375000000000000e+03 1.400328888725357532e-46
1.190500000000000000e+03 1.320873863560366022e-46
1.190625000000000000e+03 1.433726387117456632e-46
1.190750000000000000e+03 1.680054036744919359e-46
1.190875000000000000e+03 1.404016315803522892e-46
1.191000000000000000e+03 1.897599206538602949e-46
1.191125000000000000e+03 1.455373288208417563e-46
1.191250000000000000e+03 1.857533021039173391e-46
1.191375000000000000e+03 1.310724140325378076e-46
1.191500000000000000e+03 1.659021167249522371e-46
1.191625000000000000e+03 1.450888314559999986e-46
1.191750000000000000e+03 1.223813913228313944e-46
1.191875000000000000e+03 1.771464601844061758e-46
1.192000000000000000e+03 1.626749559400828941e-46
1.192125000000000000e+03 1.789140238083165919e-46
1.192250000000000000e+03 1.794286249103820729e-46
1.192375000000000000e+03 1.612644533102893541e-46
1.192500000000000000e+03 1.385428638213966873e-46
1.192625000000000000e+03 1.596431831243519728e-46
1.192750000000000000e+03 1.529889266718346793e-46
1.192875000000000000e+03 1.450021332674622248e-46
1.193000000000000000e+03 1.668570609952635603e-46
1.193125000000000000e+03 1.543979884551333377e-46
1.193250000000000000e+03 1.591756896583665132e-46
1.193375000000000000e+03 1.641653025228663362e-46
1.193500000000000000e+03 1.422704235827203390e-46
1.193625000000000000e+03 1.305454375950775618e-46
1.193750000000000000e+03 1.668893157591631704e-46
1.193875000000000000e+03 1.657151273913501412e-46
1.194000000000000000e+03 1.772450407443712998e-46
1.194125000000000000e+03 1.598891589182098121e-46
1.194250000000000000e+03 1.290276285363387967e-46
1.194375000000000000e+03 1.762982841964229200e-46
1.194500000000000000e+03 1.459762809180072301e-46
1.194625000000000000e+03 1.957778490440236854e-46
1.194750000000000000e+03 1.848703561214420414e-46
1.194875000000000000e+03 2.180950353573752618e-46
1.195000000000000000e+03 1.670780313256782301e-46
1.195125000000000000e+03 1.490043093889505816e-46
1.195250000000000000e+03 1.582372263546775451e-46
1.195375000000000000e+03 1.568743436711317263e-46
1.195500000000000000e+03 1.674815896063463272e-46
1.195625000000000000e+03 1.636191667022668179e-46
1.195750000000000000e+03 1.866944092166992180e-46
1.195875000000000000e+03 1.411642984259987208e-46
1.196000000000000000e+03 1.276062223132367918e-46
1.196125000000000000e+03 1.790346612527849044e-46
1.196250000000000000e+03 1.709061988892999561e-46
1.196375000000000000e+03 1.269278616376851152e-46
1.196500000000000000e+03 1.853794022266213535e-46
1.196625000000000000e+03 1.620880968698663992e-46
1.196750000000000000e+03 1.774739585179920497e-46
1.196875000000000000e+03 1.999720074596862505e-46
1.197000000000000000e+03 1.540995199288498544e-46
1.197125000000000000e+03 1.594355683652984816e-46
1.197250000000000000e+03 1.767050521285851982e-46
1.197375000000000000e+03 1.730292097243438192e-46
1.197500000000000000e+03 1.464781746439170446e-46
1.197625000000000000e+03 1.753238907874414321e-46
1.197750000000000000e+03 1.439195000540692899e-46
1.197875000000000000e+03 1.824030445644177307e-46
1.198000000000000000e+03 1.492887746308532597e-46
1.198125000000000000e+03 1.622187384713817678e-46
1.198250000000000000e+03 1.323175546580078137e-46
1.198375000000000000e+03 1.832329313263100999e-46
1.198500000000000000e+03 1.435177330553640205e-46
1.198625000000000000e+03 1.854219732836378489e-46
1.198750000000000000e+03 1.564312605236438333e-46
1.198875000000000000e+03 1.504111970166260966e-46
1.199000000000000000e+03 1.430399771720500869e-46
1.199125000000000000e+03 1.380504224559582269e-46
1.199250000000000000e+03 2.135344141994864229e-46
1.199375000000000000e+03 1.612152521099138195e-46
1.199500000000000000e+03 1.433090573680608001e-46
1.199625000000000000e+03 1.712149034597863703e-46
1.199750000000000000e+03 1.866344349494110747e-46
1.199875000000000000e+03 1.504431782173566829e-46
1.200000000000000000e+03 2.132055271157218876e-46
1.200125000000000000e+03 1.722474362899789762e-46
1.200250000000000000e+03 2.041964563913059868e-46
1.200375000000000000e+03 1.469324008853867094e-46
1.200500000000000000e+03 1.249593675666657471e-46
1.200625000000000000e+03 1.845846356304066533e-46
1.200750000000000000e+03 1.431487023532966344e-46
1.200875000000000000e+03 1.268214473087285123e-46
1.201000000000000000e+03 1.605197672909358663e-46
1.201125000000000000e+03 1.454483823193187868e-46
1.201250000000000000e+03 1.478978546801369712e-46
1.201375000000000000e+03 1.445377808293622024e-46
1.201500000000000000e+03 1.535940990696422601e-46
1.201625000000000000e+03 1.525599745942446554e-46
1.201750000000000000e+03 1.824036760707079471e-46
1.201875000000000000e+03 1.689350949696096665e-46
1.202000000000000000e+03 1.713350643851453947e-46
1.202125000000000000e+03 1.540805353871505863e-46
1.202250000000000000e+03 1.922367034432439128e-46
1.202375000000000000e+03 1.576370587997336067e-46
1.202500000000000000e+03 1.792590007579495156e-46
1.202625000000000000e+03 1.349565462395701685e-46
1.202750000000000000e+03 2.025952066081921616e-46
1.202875000000000000e+03 2.277315375153066551e-46
1.203000000000000000e+03 1.428344332796120363e-46
1.203125000000000000e+03 1.570239525410585257e-46
1.203250000000000000e+03 1.627728567446205322e-46
1.203375000000000000e+03 1.950541321142701996e-46
1.203500000000000000e+03 1.499102163957119474e-46
1.203625000000000000e+03 1.579026418101233404e-46
1.203750000000000000e+03 1.656051622301528693e-46
1.203875000000000000e+03 1.804352388687694112e-46
1.204000000000000000e+03 2.011661949013718707e-46
1.204125000000000000e+03 1.789140472151050938e-46
1.204250000000000000e+03 1.454655729959078388e-46
1.204375000000000000e+03 1.616555302834908423e-46
1.204500000000000000e+03 1.513470421985143950e-46
1.204625000000000000e+03 1.891276294884451193e-46
1.204750000000000000e+03 1.809476936221254181e-46
1.204875000000000000e+03 1.386441305208511820e-46
1.205000000000000000e+03 1.677961947503851491e-46
1.205125000000000000e+03 2.064179223866840182e-46
1.205250000000000000e+03 1.605500416200961785e-46
1.205375000000000000e+03 2.230231522697730311e-46
1.205500000000000000e+03 1.735111823528096129e-46
1.205625000000000000e+03 2.192120576663441100e-46
1.205750000000000000e+03 1.573005158178221562e-46
1.205875000000000000e+03 1.743363128020003235e-46
1.206000000000000000e+03 1.676388130619493194e-46
1.206125000000000000e+03 1.524777501584101960e-46
1.206250000000000000e+03 1.817126295742770146e-46
1.206375000000000000e+03 1.865543480760686147e-46
1.206500000000000000e+03 1.995817782569450514e-46
1.206625000000000000e+03 1.430196409570269717e-46
1.206750000000000000e+03 2.005328416900295996e-46
1.206875000000000000e+03 1.610914487699783364e-46
1.207000000000000000e+03 1.618344910927631005e-46
1.207125000000000000e+03 1.368252111641187096e-46
1.207250000000000000e+03 1.442249884809799055e-46
1.207375000000000000e+03 1.939679275960219475e-46
1.207500000000000000e+03 2.022761763371289004e-46
1.207625000000000000e+03 1.892517478963521260e-46
1.207750000000000000e+03 1.485621210828868103e-46
1.207875000000000000e+03 1.822047255146633382e-46
1.208000000000000000e+03 1.657037711095294083e-46
1.208125000000000000e+03 2.134835331850010351e-46
1.208250000000000000e+03 1.715207210267184280e-46
1.208375000000000000e+03 1.536177707641407424e-46
1.208500000000000000e+03 1.943741230393863305e-46
1.208625000000000000e+03 1.724977646384574769e-46
1.208750000000000000e+03 1.582858748875041594e-46
1.208875000000000000e+03 1.571629403484907018e-46
1.209000000000000000e+03 1.681252292452338827e-46
1.209125000000000000e+03 1.927267774416991703e-46
1.209250000000000000e+03 1.552690093443968165e-46
1.209375000000000000e+03 2.230256634869680433e-46
1.209500000000000000e+03 1.652619475181513945e-46
1.209625000000000000e+03 1.912583159879333724e-46
1.209750000000000000e+03 1.935600527408026215e-46
1.209875000000000000e+03 1.650077382477781455e-46
1.210000000000000000e+03 1.655094481061092833e-46
1.210125000000000000e+03 1.539995374508651124e-46
1.210250000000000000e+03 1.808080067070389862e-46
1.210375000000000000e+03 1.570832332786726135e-46
1.210500000000000000e+03 1.388050479932610262e-46
1.210625000000000000e+03 1.944757331711061919e-46
1.210750000000000000e+03 1.541374651461060128e-46
1.210875000000000000e+03 1.762134966626780652e-46
1.211000000000000000e+03 1.473561438782257886e-46
1.211125000000000000e+03 1.303432757761895449e-46
1.211250000000000000e+03 1.420602443866424413e-46
1.211375000000000000e+03 1.802378711096589074e-46
1.211500000000000000e+03 1.228357603472128528e-46
1.211625000000000000e+03 1.599684926127118259e-46
1.211750000000000000e+03 1.504421819321883617e-46
1.211875000000000000e+03 1.642235169679700365e-46
1.212000000000000000e+03 1.510041281533557793e-46
1.212125000000000000e+03 1.548425091424397401e-46
1.212250000000000000e+03 1.927702453217064998e-46
1.212375000000000000e+03 1.736004059912752005e-46
1.212500000000000000e+03 1.799182648287491593e-46
1.212625000000000000e+03 1.592112149464787680e-46
1.212750000000000000e+03 2.078973546506360247e-46
1.212875000000000000e+03 1.366128985386001721e-46
1.213000000000000000e+03 1.800432579696847024e-46
1.213125000000000000e+03 1.774165036505583151e-46
1.213250000000000000e+03 1.603614624349200738e-46
1.213375000000000000e+03 1.963709721799646218e-46
1.213500000000000000e+03 1.720806575535869738e-46
1.213625000000000000e+03 1.483023942724264208e-46
1.213750000000000000e+03 1.794720307395640882e-46
1.213875000000000000e+03 1.743718251751220864e-46
1.214000000000000000e+03 1.778062050741972224e-46
1.214125000000000000e+03 1.645935794564480661e-46
1.214250000000000000e+03 1.654408458890270801e-46
1.214375000000000000e+03 1.833735653307066173e-46
1.214500000000000000e+03 1.660999220882519704e-46
1.214625000000000000e+03 1.608677102459082011e-46
1.214750000000000000e+03 1.647226328365035522e-46
1.214875000000000000e+03 1.715626343557619386e-46
1.215000000000000000e+03 1.807548682896008073e-46
1.215125000000000000e+03 1.570254158068551758e-46
1.215250000000000000e+03 1.778747123743168045e-46
1.215375000000000000e+03 1.390096066729326879e-46
1.215500000000000000e+03 1.452694477789638693e-46
1.215625000000000000e+03 1.340231488031459392e-46
1.215750000000000000e+03 1.762765337896024801e-46
1.215875000000000000e+03 1.465831824312897677e-46
1.216000000000000000e+03 2.104644870607537838e-46
1.216125000000000000e+03 1.553154813171892935e-46
1.216250000000000000e+03 1.475030962050246490e-46
1.216375000000000000e+03 1.560754179312302158e-46
1.216500000000000000e+03 1.647363792367760375e-46
1.216625000000000000e+03 1.532211387737763235e-46
1.216750000000000000e+03 1.500574472275928831e-46
1.216875000000000000e+03 1.769530392660034758e-46
1.217000000000000000e+03 1.537217356695215385e-46
1.217125000000000000e+03 1.544870989441293333e-46
1.217250000000000000e+03 1.847748272044708054e-46
1.217375000000000000e+03 2.026358067341666186e-46
1.217500000000000000e+03 1.370794368276979112e-46
1.217625000000000000e+03 1.529407754500338068e-46
1.217750000000000000e+03 1.495038032534807274e-46
1.217875000000000000e+03 1.674611475960502269e-46
1.218000000000000000e+03 1.950155863329540784e-46
1.218125000000000000e+03 1.718549898984773671e-46
1.218250000000000000e+03 1.548655132759460680e-46
1.218375000000000000e+03 2.044115717195939872e-46
1.218500000000000000e+03 1.833187941573691842e-46
1.218625000000000000e+03 2.128540397999489930e-46
1.218750000000000000e+03 2.338602596266566326e-46
1.218875000000000000e+03 1.838766671087950755e-46
1.219000000000000000e+03 1.746816218597399312e-46
1.219125000000000000e+03 1.761357798177464198e-46
1.219250000000000000e+03 1.655470155068776381e-46
1.219375000000000000e+03 1.306515163816972447e-46
1.219500000000000000e+03 1.431729781230801553e-46
1.219625000000000000e+03 1.514323264817454126e-46
1.219750000000000000e+03 2.025860233522535406e-46
1.219875000000000000e+03 1.705533384571948999e-46
1.220000000000000000e+03 1.675537232959123283e-46
1.220125000000000000e+03 1.890219921301010375e-46
1.220250000000000000e+03 2.136521783755341307e-46
1.220375000000000000e+03 1.541082432538819819e-46
1.220500000000000000e+03 1.862265270613646185e-46
1.220625000000000000e+03 1.906006375706013068e-46
1.220750000000000000e+03 1.757579475021115224e-46
1.220875000000000000e+03 1.610645912367432332e-46
1.221000000000000000e+03 2.166893822398535996e-46
1.221125000000000000e+03 1.705878191228356725e-46
1.221250000000000000e+03 1.692307353154562436e-46
1.221375000000000000e+03 1.553460463987894792e-46
1.221500000000000000e+03 1.784503021330898427e-46
1.221625000000000000e+03 1.779028463415197670e-46
1.221750000000000000e+03 2.064487426392632181e-46
1.221875000000000000e+03 1.882437732681877627e-46
1.222000000000000000e+03 1.872352471246554508e-46
1.222125000000000000e+03 1.753261621147503254e-46
1.222250000000000000e+03 1.537696120406398799e-46
1.222375000000000000e+03 1.599405589354641879e-46
1.222500000000000000e+03 1.268896105318501469e-46
1.222625000000000000e+03 2.080068043636317524e-46
1.222750000000000000e+03 1.538747591185823994e-46
1.222875000000000000e+03 1.402853893399996833e-46
1.223000000000000000e+03 2.293728258062424208e-46
1.223125000000000000e+03 1.617928133274105656e-46
1.223250000000000000e+03 1.768264140704372752e-46
1.223375000000000000e+03 1.634222582284906448e-46
1.223500000000000000e+03 1.364257099420945801e-46
1.223625000000000000e+03 2.175248934667240851e-46
1.223750000000000000e+03 1.670369682114965377e-46
1.223875000000000000e+03 1.681300683998406248e-46
1.224000000000000000e+03 1.520586317718505988e-46
1.224125000000000000e+03 2.086137250887745715e-46
1.224250000000000000e+03 1.945053454076364079e-46
1.224375000000000000e+03 1.545914621238726307e-46
1.224500000000000000e+03 1.674006868097318894e-46
1.224625000000000000e+03 1.652093817311574400e-46
1.224750000000000000e+03 1.461494591373540916e-46
1.224875000000000000e+03 2.210301485580141343e-46
1.225000000000000000e+03 1.420174286997038026e-46
1.225125000000000000e+03 1.449537252038529284e-46
1.225250000000000000e+03 1.690355861331307856e-46
1.225375000000000000e+03 1.455608854539510267e-46
1.225500000000000000e+03 1.163822335823608584e-46
1.225625000000000000e+03 1.908085526044133319e-46
1.225750000000000000e+03 2.145999482056538066e-46
1.225875000000000000e+03 1.866425665509484650e-46
1.226000000000000000e+03 1.725816204527139628e-46
1.226125000000000000e+03 1.751675659806047048e-46
1.226250000000000000e+03 2.031867073835637211e-46
1.226375000000000000e+03 1.644967672283073407e-46
1.226500000000000000e+03 1.698464294245961888e-46
1.226625000000000000e+03 1.680312262092370510e-46
1.226750000000000000e+03 1.820871792841160815e-46
1.226875000000000000e+03 1.681970267908032167e-46
1.227000000000000000e+03 2.155918956648045919e-46
1.227125000000000000e+03 1.703199464641428034e-46
1.227250000000000000e+03 1.863971545554729860e-46
1.227375000000000000e+03 1.809507067861269324e-46
1.227500000000000000e+03 1.935455634087178013e-46
1.227625000000000000e+03 1.423268520749116413e-46
1.227750000000000000e+03 1.661034216912793304e-46
1.227875000000000000e+03 1.518505050864010486e-46
1.228000000000000000e+03 1.393613396783978154e-46
1.228125000000000000e+03 1.681827745469961142e-46
1.228250000000000000e+03 1.603266955481202625e-46
1.228375000000000000e+03 1.599111411675740885e-46
1.228500000000000000e+03 1.767879532230396863e-46
1.228625000000000000e+03 1.950652106225783851e-46
1.228750000000000000e+03 1.640230409404691258e-46
1.228875000000000000e+03 1.781762151265080715e-46
1.229000000000000000e+03 1.583948858819565758e-46
1.229125000000000000e+03 1.704644351859310235e-46
1.229250000000000000e+03 1.698377527776950761e-46
1.229375000000000000e+03 1.682080895421795719e-46
1.229500000000000000e+03 1.613148293474476024e-46
1.229625000000000000e+03 1.826697445957823126e-46
1.229750000000000000e+03 1.902040810565500512e-46
1.229875000000000000e+03 1.735139650363373050e-46
1.230000000000000000e+03 1.820688395960080204e-46
1.230125000000000000e+03 1.460222852764446666e-46
1.230250000000000000e+03 1.802128573688734557e-46
1.230375000000000000e+03 2.047099437812652628e-46
1.230500000000000000e+03 1.590085642742071217e-46
1.230625000000000000e+03 1.820247085954961812e-46
1.230750000000000000e+03 1.618452097404940707e-46
1.230875000000000000e+03 1.226459436026446336e-46
1.231000000000000000e+03 1.709396756253719979e-46
1.231125000000000000e+03 1.621551741795497697e-46
1.231250000000000000e+03 1.909139198404824056e-46
1.231375000000000000e+03 1.783110078942089462e-46
1.231500000000000000e+03 1.737587684880591684e-46
1.231625000000000000e+03 1.785494261954884817e-46
1.231750000000000000e+03 1.717580691763994272e-46
1.231875000000000000e+03 1.847807097607077411e-46
1.232000000000000000e+03 1.328477382640698453e-46
1.232125000000000000e+03 1.490714447355167885e-46
1.232250000000000000e+03 1.870487504875585095e-46
1.232375000000000000e+03 1.989296712490928724e-46
1.232500000000000000e+03 2.055375157674583748e-46
1.232625000000000000e+03 1.954856036553240581e-46
1.232750000000000000e+03 2.246461211639188214e-46
1.232875000000000000e+03 1.663837831622095541e-46
1.233000000000000000e+03 2.134775876151987667e-46
1.233125000000000000e+03 1.917101501797582669e-46
1.233250000000000000e+03 1.656396278247234868e-46
1.233375000000000000e+03 1.547600673107571657e-46
1.233500000000000000e+03 2.118590788656551085e-46
1.233625000000000000e+03 2.494341414551014547e-46
1.233750000000000000e+03 1.724779577787029354e-46
1.233875000000000000e+03 2.017911659636872256e-46
1.234000000000000000e+03 2.002335042485311164e-46
1.234125000000000000e+03 2.105478297233810292e-46
1.234250000000000000e+03 1.539623387438329935e-46
1.234375000000000000e+03 1.954076739613030549e-46
1.234500000000000000e+03 1.382803689916199083e-46
1.234625000000000000e+03 1.547322151427740528e-46
1.234750000000000000e+03 1.894681182539519006e-46
1.234875000000000000e+03 1.904620301585820264e-46
1.235000000000000000e+03 1.945917043578778547e-46
1.235125000000000000e+03 1.729845166913236084e-46
1.235250000000000000e+03 1.857800687824229948e-46
1.235375000000000000e+03 1.591842803328015477e-46
1.235500000000000000e+03 1.638888871400598298e-46
1.235625000000000000e+03 1.693902040844887013e-46
1.235750000000000000e+03 1.666156490078019607e-46
1.235875000000000000e+03 1.732171205228106520e-46
1.236000000000000000e+03 1.923293257823759320e-46
1.236125000000000000e+03 1.470830329185255834e-46
1.236250000000000000e+03 1.867773103486634364e-46
1.236375000000000000e+03 1.813261675363313499e-46
1.236500000000000000e+03 1.625859501330691790e-46
1.236625000000000000e+03 2.057975945338493239e-46
1.236750000000000000e+03 1.617898071766918846e-46
1.236875000000000000e+03 1.834804364358712956e-46
1.237000000000000000e+03 1.598160452223314947e-46
1.237125000000000000e+03 1.945906248068421457e-46
1.237250000000000000e+03 1.800218690582350395e-46
1.237375000000000000e+03 1.713310657242637454e-46
1.237500000000000000e+03 1.535334568348053539e-46
1.237625000000000000e+03 1.790324743208076619e-46
1.237750000000000000e+03 1.694645835785233233e-46
1.237875000000000000e+03 1.519189820780533572e-46
1.238000000000000000e+03 1.630214688755144415e-46
1.238125000000000000e+03 1.571812562738388131e-46
1.238250000000000000e+03 1.483786878762319641e-46
1.238375000000000000e+03 1.949566526644681721e-46
1.238500000000000000e+03 2.098828644655009046e-46
1.238625000000000000e+03 2.025407374731244499e-46
1.238750000000000000e+03 1.535403348668326615e-46
1.238875000000000000e+03 1.913542212472160221e-46
1.239000000000000000e+03 2.127915942517364698e-46
1.239125000000000000e+03 1.589583962869469432e-46
1.239250000000000000e+03 1.814609077929747891e-46
1.239375000000000000e+03 1.819239109942478054e-46
1.239500000000000000e+03 1.442722407457979593e-46
1.239625000000000000e+03 1.947795521527928476e-46
1.239750000000000000e+03 1.612345879622568290e-46
1.239875000000000000e+03 1.491901322052008514e-46
1.240000000000000000e+03 1.828748706335393021e-46
1.240125000000000000e+03 1.561407122617013790e-46
1.240250000000000000e+03 1.773415074014648969e-46
1.240375000000000000e+03 2.019139621008858788e-46
1.240500000000000000e+03 1.811676986255476803e-46
1.240625000000000000e+03 1.789152642386993524e-46
1.240750000000000000e+03 1.877372076212073076e-46
1.240875000000000000e+03 1.689689169033255366e-46
1.241000000000000000e+03 2.178403003336025664e-46
1.241125000000000000e+03 1.943313750670237811e-46
1.241250000000000000e+03 1.634648331673238021e-46
1.241375000000000000e+03 2.017914533876367441e-46
1.241500000000000000e+03 1.584573400289215638e-46
1.241625000000000000e+03 1.474624816461442835e-46
1.241750000000000000e+03 1.649060060194071517e-46
1.241875000000000000e+03 1.531709629596779884e-46
1.242000000000000000e+03 1.855632763183991902e-46
1.242125000000000000e+03 1.609356851188353540e-46
1.242250000000000000e+03 1.699099325867455735e-46
1.242375000000000000e+03 1.634455510635115169e-46
1.242500000000000000e+03 1.303569422726975058e-46
1.242625000000000000e+03 1.638895569166134251e-46
1.242750000000000000e+03 1.842905530481498149e-46
1.242875000000000000e+03 2.072973757369022020e-46
1.243000000000000000e+03 1.984472975219936076e-46
1.243125000000000000e+03 1.753543186243818086e-46
1.243250000000000000e+03 1.905977137853152714e-46
1.243375000000000000e+03 1.685738521361851228e-46
1.243500000000000000e+03 1.592409699150291726e-46
1.243625000000000000e+03 2.089201276682167272e-46
1.243750000000000000e+03 2.294243731514391188e-46
1.243875000000000000e+03 1.970813604053261848e-46
1.244000000000000000e+03 1.679556002397163914e-46
1.244125000000000000e+03 2.197887996750954471e-46
1.244250000000000000e+03 1.907577901052346203e-46
1.244375000000000000e+03 1.947892666460785150e-46
1.244500000000000000e+03 1.393203257566397208e-46
1.244625000000000000e+03 1.561191165116026430e-46
1.244750000000000000e+03 1.900140229240003082e-46
1.244875000000000000e+03 1.647247133327836750e-46
1.245000000000000000e+03 1.583356028933407030e-46
1.245125000000000000e+03 1.535223243820693459e-46
1.245250000000000000e+03 1.729258981816386065e-46
1.245375000000000000e+03 1.715824706170474578e-46
1.245500000000000000e+03 1.908527718134773033e-46
1.245625000000000000e+03 2.035379038794728415e-46
1.245750000000000000e+03 2.009844521008849759e-46
1.245875000000000000e+03 1.470251341981791124e-46
1.246000000000000000e+03 2.053439344930808548e-46
1.246125000000000000e+03 1.695216852782984851e-46
1.246250000000000000e+03 1.611965376001146147e-46
1.246375000000000000e+03 1.626133984909371441e-46
1.246500000000000000e+03 1.479310629926294739e-46
1.246625000000000000e+03 1.941283896792790397e-46
1.246750000000000000e+03 1.722654628943723384e-46
1.246875000000000000e+03 1.753522301616841163e-46
1.247000000000000000e+03 1.763300731265831402e-46
1.247125000000000000e+03 1.550060060712537001e-46
1.247250000000000000e+03 1.467722416144013323e-46
1.247375000000000000e+03 1.412523584242745121e-46
1.247500000000000000e+03 1.993137608973955091e-46
1.247625000000000000e+03 1.669738002976417199e-46
1.247750000000000000e+03 1.623229487362172866e-46
1.247875000000000000e+03 2.059698048652058119e-46
1.248000000000000000e+03 2.215306449718087838e-46
1.248125000000000000e+03 2.223777585617738963e-46
1.248250000000000000e+03 1.762946027493427041e-46
1.248375000000000000e+03 1.743352808592399021e-46
1.248500000000000000e+03 1.721930581383272227e-46
1.248625000000000000e+03 1.781284289580435166e-46
1.248750000000000000e+03 1.423410707841053108e-46
1.248875000000000000e+03 1.585434968467074351e-46
1.249000000000000000e+03 1.707168234358503504e-46
1.249125000000000000e+03 1.707668470926292311e-46
1.249250000000000000e+03 1.983109695052447444e-46
1.249375000000000000e+03 1.543180050682786194e-46
1.249500000000000000e+03 1.817676837802771723e-46
1.249625000000000000e+03 1.750466725049323574e-46
1.249750000000000000e+03 1.570744846887569734e-46
1.249875000000000000e+03 2.073965432924390407e-46
1.250000000000000000e+03 1.916410156366754443e-46
1.250125000000000000e+03 1.544873381514591707e-46
1.250250000000000000e+03 1.791742262886980774e-46
1.250375000000000000e+03 1.657869697932400728e-46
1.250500000000000000e+03 2.420831385257998293e-46
1.250625000000000000e+03 1.835056479306091385e-46
1.250750000000000000e+03 1.754291460229719548e-46
1.250875000000000000e+03 1.483973701480713165e-46
1.251000000000000000e+03 1.720109853776592709e-46
1.251125000000000000e+03 1.843374517086785659e-46
1.251250000000000000e+03 1.624889819919326818e-46
1.251375000000000000e+03 1.631386536746743696e-46
1.251500000000000000e+03 2.058760492205556092e-46
1.251625000000000000e+03 1.534343013802225668e-46
1.251750000000000000e+03 2.060105156874216846e-46
1.251875000000000000e+03 2.096756606763165244e-46
1.252000000000000000e+03 1.847033137893195902e-46
1.252125000000000000e+03 1.780159963786864738e-46
1.252250000000000000e+03 1.721682848664829621e-46
1.252375000000000000e+03 1.934374714956286927e-46
1.252500000000000000e+03 1.528438106952870070e-46
1.252625000000000000e+03 2.087959081123646312e-46
1.252750000000000000e+03 1.775767233220327445e-46
1.252875000000000000e+03 2.056939934290278981e-46
1.253000000000000000e+03 2.063688012016697187e-46
1.253125000000000000e+03 2.035359753125731969e-46
1.253250000000000000e+03 2.095872133808730866e-46
1.253375000000000000e+03 1.835185365668640061e-46
1.253500000000000000e+03 2.048591623430384844e-46
1.253625000000000000e+03 1.942919903116399031e-46
1.253750000000000000e+03 1.586240975127476827e-46
1.253875000000000000e+03 1.368728430917759311e-46
1.254000000000000000e+03 1.466964239151440857e-46
1.254125000000000000e+03 2.059866944211061782e-46
1.254250000000000000e+03 1.277500261399949145e-46
1.254375000000000000e+03 1.599159043092535400e-46
1.254500000000000000e+03 1.753351459845110570e-46
1.254625000000000000e+03 1.642054933685195521e-46
1.254750000000000000e+03 1.713187291792157079e-46
1.254875000000000000e+03 1.836003681043664447e-46
1.255000000000000000e+03 2.042491637348333825e-46
1.255125000000000000e+03 1.771613485987570197e-46
1.255250000000000000e+03 1.637904190961792686e-46
1.255375000000000000e+03 1.834211123678326553e-46
1.255500000000000000e+03 1.717550116996613170e-46
1.255625000000000000e+03 1.841725609178752415e-46
1.255750000000000000e+03 1.900083960640293038e-46
1.255875000000000000e+03 1.898028065596810084e-46
1.256000000000000000e+03 2.009590294704422441e-46
1.256125000000000000e+03 1.529080540817673598e-46
1.256250000000000000e+03 2.058252881134769667e-46
1.256375000000000000e+03 2.504429624213516166e-46
1.256500000000000000e+03 1.788546513494981061e-46
1.256625000000000000e+03 1.815582235426469315e-46
1.256750000000000000e+03 1.913214620553774221e-46
1.256875000000000000e+03 1.530748853549983028e-46
1.257000000000000000e+03 1.526079624980426769e-46
1.257125000000000000e+03 1.894657869543600252e-46
1.257250000000000000e+03 1.689675862432649236e-46
1.257375000000000000e+03 1.654449022014383651e-46
1.257500000000000000e+03 1.912535669656623666e-46
1.257625000000000000e+03 1.748690775985509445e-46
1.257750000000000000e+03 2.018062452512216426e-46
1.257875000000000000e+03 1.571100197568792369e-46
1.258000000000000000e+03 1.811327988468061025e-46
1.258125000000000000e+03 1.952723778752552846e-46
1.258250000000000000e+03 1.708253787413626325e-46
1.258375000000000000e+03 1.789932250643144555e-46
1.258500000000000000e+03 1.990800381158744715e-46
1.258625000000000000e+03 2.419895292951475655e-46
1.258750000000000000e+03 1.858775603545470415e-46
1.258875000000000000e+03 1.660823714515100494e-46
1.259000000000000000e+03 1.788492340656521837e-46
1.259125000000000000e+03 1.561129835510146536e-46
1.259250000000000000e+03 1.836199063368951780e-46
1.259375000000000000e+03 2.207908795973406298e-46
1.259500000000000000e+03 1.653583068763719751e-46
1.259625000000000000e+03 1.955926244224316683e-46
1.259750000000000000e+03 2.021631881195189145e-46
1.259875000000000000e+03 1.915473550235839306e-46
1.260000000000000000e+03 2.140390214787511822e-46
1.260125000000000000e+03 1.668996846568614765e-46
1.260250000000000000e+03 1.776521251622324228e-46
1.260375000000000000e+03 1.490077558554176453e-46
1.260500000000000000e+03 1.724546874757500221e-46
1.260625000000000000e+03 2.043794087569505546e-46
1.260750000000000000e+03 1.660361965407202032e-46
1.260875000000000000e+03 1.948194966148046277e-46
1.261000000000000000e+03 1.966593260919128018e-46
1.261125000000000000e+03 2.023574488730443867e-46
1.261250000000000000e+03 1.488870939114566000e-46
1.261375000000000000e+03 2.076931684432764457e-46
1.261500000000000000e+03 1.854668424360861771e-46
1.261625000000000000e+03 2.333585837426621073e-46
1.261750000000000000e+03 1.390419753854764860e-46
1.261875000000000000e+03 1.885372477081359702e-46
1.262000000000000000e+03 2.088866067985315168e-46
1.262125000000000000e+03 1.366310038615641075e-46
1.262250000000000000e+03 1.978466018563000625e-46
1.262375000000000000e+03 1.411740433107805318e-46
1.262500000000000000e+03 2.291546300287734471e-46
1.262625000000000000e+03 1.942765321420320685e-46
1.262750000000000000e+03 1.781153664917106954e-46
1.262875000000000000e+03 2.046531704454331822e-46
1.263000000000000000e+03 2.195948037568909572e-46
1.263125000000000000e+03 2.309492057705621095e-46
1.263250000000000000e+03 1.424762073386441052e-46
1.263375000000000000e+03 1.722841112162158385e-46
1.263500000000000000e+03 1.717968586652153057e-46
1.263625000000000000e+03 1.526148399463010757e-46
1.263750000000000000e+03 1.726487825813166240e-46
1.263875000000000000e+03 1.785632085641013770e-46
1.264000000000000000e+03 1.801401886198169398e-46
1.264125000000000000e+03 1.918255439616571176e-46
1.264250000000000000e+03 1.745492763520211812e-46
1.264375000000000000e+03 2.328069379471922671e-46
1.264500000000000000e+03 2.238110647818516164e-46
1.264625000000000000e+03 1.891950377989313601e-46
1.264750000000000000e+03 1.796954333688476154e-46
1.264875000000000000e+03 1.730570683586719863e-46
1.265000000000000000e+03 1.837576038161408139e-46
1.265125000000000000e+03 2.002717024793913829e-46
1.265250000000000000e+03 2.451576454488056425e-46
1.265375000000000000e+03 1.556030188822154700e-46
1.265500000000000000e+03 1.926465938269457361e-46
1.265625000000000000e+03 1.812212824447461710e-46
1.265750000000000000e+03 1.691907103654694878e-46
1.265875000000000000e+03 1.920266729003481942e-46
1.266000000000000000e+03 1.527022517557325404e-46
1.266125000000000000e+03 2.076371234358685264e-46
1.266250000000000000e+03 1.456535748196330566e-46
1.266375000000000000e+03 2.015421396123254073e-46
1.266500000000000000e+03 1.698363890816363760e-46
1.266625000000000000e+03 1.808480956829886743e-46
1.266750000000000000e+03 1.870069696502343502e-46
1.266875000000000000e+03 1.971358335714990616e-46
1.267000000000000000e+03 1.502354475379597764e-46
1.267125000000000000e+03 1.594228634611669283e-46
1.267250000000000000e+03 1.860849244202419148e-46
1.267375000000000000e+03 2.026382622476750794e-46
1.267500000000000000e+03 1.706813931366079111e-46
1.267625000000000000e+03 1.845017371956943704e-46
1.267750000000000000e+03 1.578170444840555612e-46
1.267875000000000000e+03 1.542605136553688140e-46
1.268000000000000000e+03 1.883165821507491091e-46
1.268125000000000000e+03 1.804891491393932145e-46
1.268250000000000000e+03 1.896610025218943785e-46
1.268375000000000000e+03 1.815022030275182980e-46
1.268500000000000000e+03 1.832200114996155998e-46
1.268625000000000000e+03 1.672874619954154283e-46
1.268750000000000000e+03 1.165546261991252315e-46
1.268875000000000000e+03 2.099726967669203125e-46
1.269000000000000000e+03 2.016318897743619550e-46
1.269125000000000000e+03 1.840309398852795946e-46
1.269250000000000000e+03 1.329951686929951931e-46
1.269375000000000000e+03 1.939738957897712809e-46
1.269500000000000000e+03 2.053453818927323983e-46
1.269625000000000000e+03 2.069707275607234187e-46
1.269750000000000000e+03 1.908905518903207421e-46
1.269875000000000000e+03 1.367600138920977544e-46
1.270000000000000000e+03 1.703568303346693465e-46
1.270125000000000000e+03 1.788041947301756955e-46
1.270250000000000000e+03 1.707764459620440794e-46
1.270375000000000000e+03 1.863869598228867465e-46
1.270500000000000000e+03 1.636718327169564553e-46
1.270625000000000000e+03 2.139161156894273634e-46
1.270750000000000000e+03 1.714346902596024386e-46
1.270875000000000000e+03 2.128367357393289568e-46
1.271000000000000000e+03 1.619072070405919896e-46
1.271125000000000000e+03 1.800591106297056956e-46
1.271250000000000000e+03 1.605605531454270535e-46
1.271375000000000000e+03 1.824786334000334029e-46
1.271500000000000000e+03 1.661029233356823584e-46
1.271625000000000000e+03 1.989911376393545437e-46
1.271750000000000000e+03 1.987122590699573868e-46
1.271875000000000000e+03 1.979573474720234591e-46
1.272000000000000000e+03 1.808078218968240336e-46
1.272125000000000000e+03 1.941416594274536779e-46
1.272250000000000000e+03 2.059512979093034446e-46
1.272375000000000000e+03 2.080091708893360795e-46
1.272500000000000000e+03 1.384692833395021643e-46
1.272625000000000000e+03 1.510484732470477611e-46
1.272750000000000000e+03 1.549592454495192565e-46
1.272875000000000000e+03 1.681488233970080157e-46
1.273000000000000000e+03 1.835182009051490199e-46
1.273125000000000000e+03 1.893155361245892982e-46
1.273250000000000000e+03 1.724532782027102007e-46
1.273375000000000000e+03 1.835438367435117997e-46
1.273500000000000000e+03 2.028470902232853610e-46
1.273625000000000000e+03 1.632720519193035516e-46
1.273750000000000000e+03 1.827326274001335433e-46
1.273875000000000000e+03 2.189774637173731580e-46
1.274000000000000000e+03 1.860135428945373757e-46
1.274125000000000000e+03 2.288764022074541242e-46
1.274250000000000000e+03 1.969099226837441126e-46
1.274375000000000000e+03 1.837826910972999421e-46
1.274500000000000000e+03 1.803612213380280672e-46
1.274625000000000000e+03 1.817886495406366349e-46
1.274750000000000000e+03 1.647611929362003203e-46
1.274875000000000000e+03 1.970527250660594762e-46
1.275000000000000000e+03 1.560881817516307765e-46
1.275125000000000000e+03 1.806233032935576705e-46
1.275250000000000000e+03 1.514451409188185151e-46
1.275375000000000000e+03 1.855520788686063779e-46
1.275500000000000000e+03 1.791747426949424109e-46
1.275625000000000000e+03 1.922607737929253306e-46
1.275750000000000000e+03 1.627558143544489358e-46
1.275875000000000000e+03 1.811617765985345289e-46
1.276000000000000000e+03 2.057754732957105476e-46
1.276125000000000000e+03 1.664210397350452628e-46
1.276250000000000000e+03 1.208343287721161841e-46
1.276375000000000000e+03 1.705014092818288203e-46
1.276500000000000000e+03 1.874192983906504763e-46
1.276625000000000000e+03 1.425947012038046543e-46
1.276750000000000000e+03 2.027140451318825681e-46
1.276875000000000000e+03 1.894067110191455933e-46
1.277000000000000000e+03 1.829715580797931160e-46
1.277125000000000000e+03 1.759288710860957255e-46
1.277250000000000000e+03 1.536063760836009741e-46
1.277375000000000000e+03 1.931772740053536809e-46
1.277500000000000000e+03 1.482551468033462317e-46
1.277625000000000000e+03 1.835729559481677749e-46
1.277750000000000000e+03 1.639192340223780782e-46
1.277875000000000000e+03 2.029221759760895484e-46
1.278000000000000000e+03 1.889690431336332796e-46
1.278125000000000000e+03 1.781632637273778800e-46
1.278250000000000000e+03 2.070327639827437180e-46
1.278375000000000000e+03 1.430046616119442753e-46
1.278500000000000000e+03 2.339528955190876669e-46
1.278625000000000000e+03 1.871010334119852441e-46
1.278750000000000000e+03 1.838902836921896861e-46
1.278875000000000000e+03 1.779821327247271790e-46
1.279000000000000000e+03 2.063311465434899583e-46
1.279125000000000000e+03 1.994843759609852755e-46
1.279250000000000000e+03 1.909122590728506605e-46
1.279375000000000000e+03 1.711118308409937597e-46
1.279500000000000000e+03 2.031365280439232912e-46
1.279625000000000000e+03 1.891418791694486870e-46
1.279750000000000000e+03 2.071155363276126268e-46
1.279875000000000000e+03 1.401046475712376096e-46
1.280000000000000000e+03 2.753300247954865776e-46
1.280125000000000000e+03 1.610084554862489191e-46
1.280250000000000000e+03 2.035131547834634171e-46
1.280375000000000000e+03 1.873812876468060138e-46
1.280500000000000000e+03 1.416987563909798247e-46
1.280625000000000000e+03 2.186368829591865543e-46
1.280750000000000000e+03 1.685557390225685034e-46
1.280875000000000000e+03 2.112570366161273386e-46
1.281000000000000000e+03 1.554912505217095761e-46
1.281125000000000000e+03 1.468532036498709348e-46
1.281250000000000000e+03 1.728215082086748517e-46
1.281375000000000000e+03 2.170193411515652146e-46
1.281500000000000000e+03 1.755443040222643813e-46
1.281625000000000000e+03 2.109866335727764226e-46
1.281750000000000000e+03 1.726570995170232448e-46
1.281875000000000000e+03 1.876585719824902003e-46
1.282000000000000000e+03 2.098348475879100243e-46
1.282125000000000000e+03 2.012933442403144348e-46
1.282250000000000000e+03 1.910957981967685131e-46
1.282375000000000000e+03 2.235579577950138057e-46
1.282500000000000000e+03 1.747448103152567660e-46
1.282625000000000000e+03 1.995979364129901859e-46
1.282750000000000000e+03 2.215056269900894102e-46
1.282875000000000000e+03 1.729163730250828106e-46
1.283000000000000000e+03 2.041767732704580792e-46
1.283125000000000000e+03 2.132907865585338945e-46
1.283250000000000000e+03 1.992999012510078849e-46
1.283375000000000000e+03 1.729417033428927538e-46
1.283500000000000000e+03 2.237541492117033130e-46
1.283625000000000000e+03 1.919015985438821480e-46
1.283750000000000000e+03 1.617565154177095785e-46
1.283875000000000000e+03 2.034213325185729613e-46
1.284000000000000000e+03 2.093400107319017602e-46
1.284125000000000000e+03 1.738670754623056695e-46
1.284250000000000000e+03 2.070744827601520990e-46
1.284375000000000000e+03 1.931272005100075334e-46
1.284500000000000000e+03 2.033303482901198769e-46
1.284625000000000000e+03 1.723805484753856675e-46
1.284750000000000000e+03 1.406364791346567004e-46
1.284875000000000000e+03 2.173270559802057579e-46
1.285000000000000000e+03 2.319118352459034055e-46
1.285125000000000000e+03 1.791447822498493716e-46
1.285250000000000000e+03 1.981190034447916336e-46
1.285375000000000000e+03 1.763408641301824708e-46
1.285500000000000000e+03 2.142077277757646900e-46
1.285625000000000000e+03 1.942847594205437046e-46
1.285750000000000000e+03 1.939536331591582709e-46
1.285875000000000000e+03 1.755883320278337794e-46
1.286000000000000000e+03 2.123035287228065500e-46
1.286125000000000000e+03 1.885921403993071245e-46
1.286250000000000000e+03 2.280630985348670358e-46
1.286375000000000000e+03 2.284809733049082786e-46
1.286500000000000000e+03 1.963010822416313650e-46
1.286625000000000000e+03 1.867421696448674076e-46
1.286750000000000000e+03 1.911307934521502284e-46
1.286875000000000000e+03 1.771147533704685031e-46
1.287000000000000000e+03 1.991467267497087752e-46
1.287125000000000000e+03 1.337502511960327237e-46
1.287250000000000000e+03 1.843375312352500517e-46
1.287375000000000000e+03 1.823232534737794551e-46
1.287500000000000000e+03 2.444258914567309672e-46
1.287625000000000000e+03 1.795870227140673493e-46
1.287750000000000000e+03 2.337968643437976711e-46
1.287875000000000000e+03 2.130320654957635717e-46
1.288000000000000000e+03 1.690075558161944561e-46
1.288125000000000000e+03 1.985081643103120803e-46
1.288250000000000000e+03 1.423001604747636422e-46
1.288375000000000000e+03 1.800298130608622607e-46
1.288500000000000000e+03 1.590147264310610579e-46
1.288625000000000000e+03 1.826738463991298256e-46
1.288750000000000000e+03 2.325549706914995716e-46
1.288875000000000000e+03 1.471037540372758271e-46
1.289000000000000000e+03 1.373184146030902396e-46
1.289125000000000000e+03 1.846489661257528784e-46
1.289250000000000000e+03 1.567068230776571988e-46
1.289375000000000000e+03 1.696038924506913760e-46
1.289500000000000000e+03 2.195552925805316171e-46
1.289625000000000000e+03 1.872919779997120172e-46
1.289750000000000000e+03 2.461713436748455489e-46
1.289875000000000000e+03 1.687081050707779676e-46
1.290000000000000000e+03 2.168573172581167440e-46
1.290125000000000000e+03 1.813064280477126383e-46
1.290250000000000000e+03 2.462234318866979218e-46
1.290375000000000000e+03 1.912563804279936242e-46
1.290500000000000000e+03 1.974686369759221522e-46
1.290625000000000000e+03 1.409888561959772582e-46
1.290750000000000000e+03 1.419297964670696222e-46
1.290875000000000000e+03 1.735693920211237133e-46
1.291000000000000000e+03 1.766678905880848303e-46
1.291125000000000000e+03 2.227259267950582081e-46
1.291250000000000000e+03 1.802183236706062416e-46
1.291375000000000000e+03 2.280481397555030360e-46
1.291500000000000000e+03 1.864139792099364642e-46
1.291625000000000000e+03 1.915806615697096668e-46
1.291750000000000000e+03 1.770726325921257625e-46
1.291875000000000000e+03 1.969532420090804310e-46
1.292000000000000000e+03 1.766729326103681076e-46
1.292125000000000000e+03 1.947181283799993759e-46
1.292250000000000000e+03 1.800961504509793881e-46
1.292375000000000000e+03 1.734258744249637379e-46
1.292500000000000000e+03 1.929768159469392905e-46
1.292625000000000000e+03 1.648928118598845597e-46
1.292750000000000000e+03 1.735727565502624554e-46
1.292875000000000000e+03 1.599293153680726474e-46
1.293000000000000000e+03 1.591400414966312567e-46
1.293125000000000000e+03 1.955995010715816878e-46
1.293250000000000000e+03 1.868494415165930935e-46
1.293375000000000000e+03 1.714969643480694674e-46
1.293500000000000000e+03 1.934519497573741407e-46
1.293625000000000000e+03 1.755910701756699513e-46
1.293750000000000000e+03 1.372240866878694024e-46
1.293875000000000000e+03 1.890435142317201283e-46
1.294000000000000000e+03 1.906447647880215488e-46
1.294125000000000000e+03 2.142016790045957572e-46
1.294250000000000000e+03 2.285843630966402152e-46
1.294375000000000000e+03 1.816095380452932280e-46
1.294500000000000000e+03 1.629020331158905364e-46
1.294625000000000000e+03 1.343575828535052866e-46
1.294750000000000000e+03 1.989965101287622132e-46
1.294875000000000000e+03 2.110924873466743694e-46
1.295000000000000000e+03 1.643247513622769414e-46
1.295125000000000000e+03 1.813495820758871751e-46
1.295250000000000000e+03 1.787952747157336578e-46
1.295375000000000000e+03 2.043330327457414992e-46
1.295500000000000000e+03 1.906075117847833438e-46
1.295625000000000000e+03 2.264765811826812520e-46
1.295750000000000000e+03 2.361105391185875374e-46
1.295875000000000000e+03 1.807372268672686555e-46
1.296000000000000000e+03 1.752896013696746468e-46
1.296125000000000000e+03 1.921279153159518067e-46
1.296250000000000000e+03 1.854494811714972614e-46
1.296375000000000000e+03 1.638788481343038346e-46
1.296500000000000000e+03 2.416484112049988897e-46
1.296625000000000000e+03 2.089871558816795904e-46
1.296750000000000000e+03 2.225704468413038929e-46
1.296875000000000000e+03 2.136506501849867270e-46
1.297000000000000000e+03 1.697865977380954278e-46
1.297125000000000000e+03 1.980585385206417856e-46
1.297250000000000000e+03 1.792050421348944205e-46
1.297375000000000000e+03 1.888460965469320841e-46
1.297500000000000000e+03 2.006589200671854222e-46
1.297625000000000000e+03 2.239915649940046711e-46
1.297750000000000000e+03 2.424641977730595338e-46
1.297875000000000000e+03 1.874545607489739297e-46
1.298000000000000000e+03 2.059434203155041843e-46
1.298125000000000000e+03 2.054920908444612049e-46
1.298250000000000000e+03 1.846633446996660015e-46
1.298375000000000000e+03 1.821804097142130829e-46
1.298500000000000000e+03 1.728630753047873035e-46
1.298625000000000000e+03 1.856144449751532634e-46
1.298750000000000000e+03 1.747416552110162698e-46
1.298875000000000000e+03 1.657123111510947340e-46
1.299000000000000000e+03 1.973173434472265670e-46
1.299125000000000000e+03 2.388358567227138756e-46
1.299250000000000000e+03 2.050177261639864226e-46
1.299375000000000000e+03 1.787542762288418885e-46
1.299500000000000000e+03 1.440231018295111567e-46
1.299625000000000000e+03 1.882978092591417442e-46
1.299750000000000000e+03 1.476614089209193282e-46
1.299875000000000000e+03 1.556152437173390505e-46
1.300000000000000000e+03 1.638061471480436403e-46
1.300125000000000000e+03 1.992153126856831366e-46
1.300250000000000000e+03 1.922901643218746537e-46
1.300375000000000000e+03 2.033453886505012459e-46
1.300500000000000000e+03 1.890733903442810366e-46
1.300625000000000000e+03 1.928281357842555848e-46
1.300750000000000000e+03 1.869354695440990466e-46
1.300875000000000000e+03 1.876604897410901335e-46
1.301000000000000000e+03 1.632431745502747812e-46
1.301125000000000000e+03 1.845777609690211584e-46
1.301250000000000000e+03 2.264628163919275971e-46
1.301375000000000000e+03 1.536372788012077840e-46
1.301500000000000000e+03 2.080476776064883477e-46
1.301625000000000000e+03 2.078235667365428649e-46
1.301750000000000000e+03 1.569862802631415491e-46
1.301875000000000000e+03 2.007463132525228876e-46
1.302000000000000000e+03 1.610343762234157540e-46
1.302125000000000000e+03 1.572120622278600616e-46
1.302250000000000000e+03 1.993942127051796904e-46
1.302375000000000000e+03 1.687349844573344585e-46
1.302500000000000000e+03 1.979038692826109028e-46
1.302625000000000000e+03 2.174616694684479648e-46
1.302750000000000000e+03 2.241878670392363833e-46
1.302875000000000000e+03 2.253785276622576981e-46
1.303000000000000000e+03 1.969150119106587903e-46
1.303125000000000000e+03 1.951906618050826073e-46
1.303250000000000000e+03 1.538558301305046837e-46
1.303375000000000000e+03 1.810046097810976829e-46
1.303500000000000000e+03 2.081371145731570898e-46
1.303625000000000000e+03 2.199602066019962998e-46
1.303750000000000000e+03 2.482421225055983812e-46
1.303875000000000000e+03 1.931767229797527479e-46
1.304000000000000000e+03 1.673288579177947350e-46
1.304125000000000000e+03 1.478361720595879506e-46
1.304250000000000000e+03 1.467749602235842486e-46
1.304375000000000000e+03 2.084605603433093479e-46
1.304500000000000000e+03 1.759281080275444760e-46
1.304625000000000000e+03 1.701793853657019129e-46
1.304750000000000000e+03 1.906724960593012774e-46
1.304875000000000000e+03 2.281674968237908304e-46
1.305000000000000000e+03 1.835038808381150346e-46
1.305125000000000000e+03 1.916346480650286289e-46
1.305250000000000000e+03 1.698616999171747877e-46
1.305375000000000000e+03 2.005123906256938215e-46
1.305500000000000000e+03 1.729773185331302903e-46
1.305625000000000000e+03 1.739281619977561056e-46
1.305750000000000000e+03 2.125217316139184024e-46
1.305875000000000000e+03 1.792642267453080139e-46
1.306000000000000000e+03 1.880595584363642340e-46
1.306125000000000000e+03 1.929151122954552281e-46
1.306250000000000000e+03 1.595232314733954068e-46
1.306375000000000000e+03 2.028838941509346202e-46
1.306500000000000000e+03 1.676774067024209474e-46
1.306625000000000000e+03 1.841713027857057030e-46
1.306750000000000000e+03 2.464763484159180020e-46
1.306875000000000000e+03 2.351078243563571451e-46
1.307000000000000000e+03 1.816571442998418993e-46
1.307125000000000000e+03 1.786988506213131718e-46
1.307250000000000000e+03 1.894316017452750700e-46
1.307375000000000000e+03 1.977119261444435214e-46
1.307500000000000000e+03 1.761833895162011628e-46
1.307625000000000000e+03 2.125394990516187873e-46
1.307750000000000000e+03 1.881169101964126811e-46
1.307875000000000000e+03 1.954831797108583064e-46
1.308000000000000000e+03 1.896063150870245192e-46
1.308125000000000000e+03 2.272887330835931739e-46
1.308250000000000000e+03 2.324420387098694888e-46
1.308375000000000000e+03 2.049231990974990939e-46
1.308500000000000000e+03 2.160592356677492860e-46
1.308625000000000000e+03 1.897430458740359400e-46
1.308750000000000000e+03 2.413817465603754244e-46
1.308875000000000000e+03 1.916652796179645330e-46
1.309000000000000000e+03 2.098686233284106658e-46
1.309125000000000000e+03 1.849340497604807653e-46
1.309250000000000000e+03 2.236987667485065667e-46
1.309375000000000000e+03 1.860762307497735057e-46
1.309500000000000000e+03 2.043226632735712940e-46
1.309625000000000000e+03 1.971465081416902757e-46
1.309750000000000000e+03 1.993530268273522060e-46
1.309875000000000000e+03 1.616525599285056134e-46
1.310000000000000000e+03 1.842251966263567739e-46
1.310125000000000000e+03 2.304831310979360464e-46
1.310250000000000000e+03 1.519545116182935522e-46
1.310375000000000000e+03 2.236568484506256040e-46
1.310500000000000000e+03 1.709680208691357581e-46
1.310625000000000000e+03 1.939824153734352862e-46
1.310750000000000000e+03 1.824630592564753103e-46
1.310875000000000000e+03 2.131141808208975975e-46
1.311000000000000000e+03 2.034291537368424454e-46
1.311125000000000000e+03 1.838140098612171643e-46
1.311250000000000000e+03 2.429454407416271899e-46
1.311375000000000000e+03 1.974384163614772631e-46
1.311500000000000000e+03 2.312624468416178715e-46
1.311625000000000000e+03 1.974253931188828588e-46
1.311750000000000000e+03 2.268945889935637869e-46
1.311875000000000000e+03 1.886030785053093181e-46
1.312000000000000000e+03 2.134559536022373142e-46
1.312125000000000000e+03 1.596362846904737711e-46
1.312250000000000000e+03 1.926523397539715087e-46
1.312375000000000000e+03 1.984218659675001859e-46
1.312500000000000000e+03 1.622798869058867516e-46
1.312625000000000000e+03 1.761038538103310826e-46
1.312750000000000000e+03 2.496899608033291128e-46
1.312875000000000000e+03 2.000842550150675714e-46
1.313000000000000000e+03 1.990776572774884376e-46
1.313125000000000000e+03 1.883418811837482683e-46
1.313250000000000000e+03 2.008397884222235906e-46
1.313375000000000000e+03 1.940011862324796119e-46
1.313500000000000000e+03 1.601912640302610636e-46
1.313625000000000000e+03 1.843897110929441630e-46
1.313750000000000000e+03 1.799016030161827271e-46
1.313875000000000000e+03 2.302811068969622921e-46
1.314000000000000000e+03 1.542552036758484167e-46
1.314125000000000000e+03 2.133281908701554523e-46
1.314250000000000000e+03 1.601938265818932612e-46
1.314375000000000000e+03 2.230182790000317582e-46
1.314500000000000000e+03 2.125109979578391064e-46
1.314625000000000000e+03 1.853968565375653988e-46
1.314750000000000000e+03 2.164197134960759251e-46
1.314875000000000000e+03 2.162338992671157537e-46
1.315000000000000000e+03 2.177569940751578106e-46
1.315125000000000000e+03 2.001400279903494705e-46
1.315250000000000000e+03 2.178663472489866322e-46
1.315375000000000000e+03 2.213699157993882149e-46
1.315500000000000000e+03 1.918324587820800396e-46
1.315625000000000000e+03 2.452472438341076289e-46
1.315750000000000000e+03 2.334140530440106097e-46
1.315875000000000000e+03 1.461399947849110689e-46
1.316000000000000000e+03 2.006374485693707084e-46
1.316125000000000000e+03 1.982349651159338330e-46
1.316250000000000000e+03 1.986930090205758458e-46
1.316375000000000000e+03 2.161257246478960091e-46
1.316500000000000000e+03 2.194462394244787436e-46
1.316625000000000000e+03 2.114224082672101388e-46
1.316750000000000000e+03 2.020747352297086966e-46
1.316875000000000000e+03 2.320767153505413943e-46
1.317000000000000000e+03 2.318465278542715032e-46
1.317125000000000000e+03 2.309515727831700872e-46
1.317250000000000000e+03 2.203987010027812822e-46
1.317375000000000000e+03 2.458344920083796303e-46
1.317500000000000000e+03 1.835924480735362074e-46
1.317625000000000000e+03 2.080656409259391209e-46
1.317750000000000000e+03 2.124644530623739609e-46
1.317875000000000000e+03 2.161573452298237997e-46
1.318000000000000000e+03 2.050241858231119081e-46
1.318125000000000000e+03 2.213470842556730489e-46
1.318250000000000000e+03 2.092108290633351759e-46
1.318375000000000000e+03 2.364207166995253075e-46
1.318500000000000000e+03 1.949776197550710487e-46
1.318625000000000000e+03 2.112203139406449124e-46
1.318750000000000000e+03 2.254735452316709196e-46
1.318875000000000000e+03 2.006477908487910710e-46
1.319000000000000000e+03 1.986941491941807699e-46
1.319125000000000000e+03 2.118657713231564549e-46
1.319250000000000000e+03 1.909622489255546072e-46
1.319375000000000000e+03 2.276333165010029610e-46
1.319500000000000000e+03 2.105767547591101579e-46
1.319625000000000000e+03 1.920921852938946394e-46
1.319750000000000000e+03 1.535090662620338792e-46
1.319875000000000000e+03 1.773118344856278629e-46
1.320000000000000000e+03 2.225715806913719288e-46
1.320125000000000000e+03 2.173315213359559831e-46
1.320250000000000000e+03 2.169547135298442246e-46
1.320375000000000000e+03 1.888575845175853103e-46
1.320500000000000000e+03 2.066191602854704299e-46
1.320625000000000000e+03 1.815940092310863962e-46
1.320750000000000000e+03 1.967719946039601897e-46
1.320875000000000000e+03 2.357472386177556374e-46
1.321000000000000000e+03 1.969647285066391774e-46
1.321125000000000000e+03 2.514280306710065886e-46
1.321250000000000000e+03 1.825502203256985950e-46
1.321375000000000000e+03 1.515990157036415963e-46
1.321500000000000000e+03 1.272332925353076817e-46
1.321625000000000000e+03 1.954796550579051807e-46
1.321750000000000000e+03 2.024766314117186238e-46
1.321875000000000000e+03 2.174688709708736301e-46
1.322000000000000000e+03 1.809208511923002359e-46
1.322125000000000000e+03 1.736300357769921140e-46
1.322250000000000000e+03 2.205918320999478500e-46
1.322375000000000000e+03 1.902846365625719121e-46
1.322500000000000000e+03 1.599618004279533570e-46
1.322625000000000000e+03 1.688474305120127900e-46
1.322750000000000000e+03 1.841126295761187460e-46
1.322875000000000000e+03 1.678285862793616341e-46
1.323000000000000000e+03 2.189688332937327695e-46
1.323125000000000000e+03 1.843823744562721349e-46
1.323250000000000000e+03 2.108662019264645755e-46
1.323375000000000000e+03 2.620908942318507145e-46
1.323500000000000000e+03 2.077253752983632207e-46
1.323625000000000000e+03 2.110172321925057142e-46
1.323750000000000000e+03 2.295575590555113054e-46
1.323875000000000000e+03 1.721835775915649017e-46
1.324000000000000000e+03 2.149602952710617223e-46
1.324125000000000000e+03 1.796105915061788412e-46
1.324250000000000000e+03 2.368815578400901653e-46
1.324375000000000000e+03 2.292296021081137041e-46
1.324500000000000000e+03 1.624347405086623166e-46
1.324625000000000000e+03 2.068104060902506416e-46
1.324750000000000000e+03 1.817839431278427381e-46
1.324875000000000000e+03 1.771201165478068672e-46
1.325000000000000000e+03 1.536183223503078580e-46
1.325125000000000000e+03 1.864933061276387235e-46
1.325250000000000000e+03 1.942106647907653488e-46
1.325375000000000000e+03 2.367097343087321484e-46
1.325500000000000000e+03 1.834858306295082831e-46
1.325625000000000000e+03 2.083465872148482378e-46
1.325750000000000000e+03 1.945824244850765038e-46
1.325875000000000000e+03 2.238488552979648656e-46
1.326000000000000000e+03 1.800273362429940520e-46
1.326125000000000000e+03 2.068438160461471955e-46
1.326250000000000000e+03 2.007640994331239681e-46
1.326375000000000000e+03 1.469730211343126955e-46
1.326500000000000000e+03 1.866467453866139817e-46
1.326625000000000000e+03 2.121329716711112966e-46
1.326750000000000000e+03 1.697896740574026492e-46
1.326875000000000000e+03 2.409745154528057485e-46
1.327000000000000000e+03 1.825323174803931052e-46
1.327125000000000000e+03 1.835296167163399683e-46
1.327250000000000000e+03 2.025292121707445343e-46
1.327375000000000000e+03 1.767453570096051234e-46
1.327500000000000000e+03 1.657923017656523445e-46
1.327625000000000000e+03 1.756306171861176563e-46
1.327750000000000000e+03 1.889647077703729228e-46
1.327875000000000000e+03 2.241097329054270906e-46
1.328000000000000000e+03 1.974771042309543145e-46
1.328125000000000000e+03 2.213624522209021940e-46
1.328250000000000000e+03 2.116891480713090621e-46
1.328375000000000000e+03 1.818955512462597756e-46
1.328500000000000000e+03 2.618592676492969670e-46
1.328625000000000000e+03 2.084762895691491301e-46
1.328750000000000000e+03 2.304393698322726882e-46
1.328875000000000000e+03 1.746573847039555058e-46
1.329000000000000000e+03 2.635278173192596080e-46
1.329125000000000000e+03 2.382200038557170397e-46
1.329250000000000000e+03 2.169072125085915595e-46
1.329375000000000000e+03 1.642645364392515325e-46
1.329500000000000000e+03 2.184195967563035280e-46
1.329625000000000000e+03 1.912920720221657476e-46
1.329750000000000000e+03 1.998878123955366153e-46
1.329875000000000000e+03 1.781185795396646574e-46
1.330000000000000000e+03 1.692982267925510671e-46
1.330125000000000000e+03 1.846966920745905188e-46
1.330250000000000000e+03 1.738154728577663440e-46
1.330375000000000000e+03 2.311118803114064835e-46
1.330500000000000000e+03 2.270876044169382543e-46
1.330625000000000000e+03 2.101652294120018353e-46
1.330750000000000000e+03 1.603933835772067255e-46
1.330875000000000000e+03 1.934616556408453309e-46
1.331000000000000000e+03 1.977673886217018844e-46
1.331125000000000000e+03 2.105627856197481056e-46
1.331250000000000000e+03 1.929043624740517040e-46
1.331375000000000000e+03 1.908517113252868744e-46
1.331500000000000000e+03 1.559086229843298770e-46
1.331625000000000000e+03 2.006520940837557869e-46
1.331750000000000000e+03 2.215949146513745100e-46
1.331875000000000000e+03 2.335017054192995719e-46
1.332000000000000000e+03 2.052451033474299984e-46
1.332125000000000000e+03 1.955464726242554596e-46
1.332250000000000000e+03 1.958858607741718445e-46
1.332375000000000000e+03 2.067691274824065692e-46
1.332500000000000000e+03 1.844217830262626255e-46
1.332625000000000000e+03 2.287649460075046326e-46
1.332750000000000000e+03 2.187646690584206279e-46
1.332875000000000000e+03 1.865434798410529465e-46
1.333000000000000000e+03 1.979738610934433964e-46
1.333125000000000000e+03 1.782724183972454244e-46
1.333250000000000000e+03 1.791888128198591131e-46
1.333375000000000000e+03 2.160886832424183881e-46
1.333500000000000000e+03 2.333391774319386016e-46
1.333625000000000000e+03 2.073317130083320219e-46
1.333750000000000000e+03 2.142357107680095688e-46
1.333875000000000000e+03 1.866209309333997532e-46
1.334000000000000000e+03 2.471627370444433059e-46
1.334125000000000000e+03 2.187054621518280123e-46
1.334250000000000000e+03 1.922531532253099519e-46
1.334375000000000000e+03 1.657673339198137382e-46
1.334500000000000000e+03 1.396409787078989280e-46
1.334625000000000000e+03 1.647274425852886448e-46
1.334750000000000000e+03 1.597198806329354610e-46
1.334875000000000000e+03 1.890137883977898586e-46
1.335000000000000000e+03 1.860697478114280256e-46
1.335125000000000000e+03 1.915825531469599828e-46
1.335250000000000000e+03 2.292526614211275186e-46
1.335375000000000000e+03 2.423805047901802033e-46
1.335500000000000000e+03 1.778545564113837807e-46
1.335625000000000000e+03 1.932719301889512593e-46
1.335750000000000000e+03 1.587380760098160718e-46
1.335875000000000000e+03 2.202738376468203342e-46
1.336000000000000000e+03 2.601600279842429990e-46
1.336125000000000000e+03 1.921056553484809187e-46
1.336250000000000000e+03 2.105811801552851808e-46
1.336375000000000000e+03 2.598455105596763923e-46
1.336500000000000000e+03 2.227833898230184853e-46
1.336625000000000000e+03 1.780668009032308281e-46
1.336750000000000000e+03 1.882407614400378048e-46
1.336875000000000000e+03 1.919489551943858031e-46
1.337000000000000000e+03 2.392655861833935474e-46
1.337125000000000000e+03 1.948002697173599382e-46
1.337250000000000000e+03 1.938151136491929961e-46
1.337375000000000000e+03 2.043544894975750537e-46
1.337500000000000000e+03 2.149706981653202926e-46
1.337625000000000000e+03 1.926318350806655558e-46
1.337750000000000000e+03 2.412717213039282913e-46
1.337875000000000000e+03 2.263978162624465375e-46
1.338000000000000000e+03 1.697026568477237716e-46
1.338125000000000000e+03 1.846128840425298987e-46
1.338250000000000000e+03 1.959196375468137878e-46
1.338375000000000000e+03 2.003008956092472043e-46
1.338500000000000000e+03 2.038877003425692626e-46
1.338625000000000000e+03 1.858448688024240490e-46
1.338750000000000000e+03 2.205965730421467607e-46
1.338875000000000000e+03 1.847186285172300622e-46
1.339000000000000000e+03 1.875112384575459169e-46
1.339125000000000000e+03 1.862292168039177799e-46
1.339250000000000000e+03 2.437466760557015795e-46
1.339375000000000000e+03 1.606886889054276707e-46
1.339500000000000000e+03 1.930569560894110385e-46
1.339625000000000000e+03 2.005193945779757466e-46
1.339750000000000000e+03 1.835693777993169342e-46
1.339875000000000000e+03 1.991742285872184420e-46
1.340000000000000000e+03 2.158526442070723056e-46
1.340125000000000000e+03 1.797166722049849559e-46
1.340250000000000000e+03 1.905020635712198190e-46
1.340375000000000000e+03 1.818123595647968659e-46
1.340500000000000000e+03 1.976417477380885627e-46
1.340625000000000000e+03 2.264633424025800581e-46
1.340750000000000000e+03 1.721112483371826354e-46
1.340875000000000000e+03 2.120967991338820817e-46
1.341000000000000000e+03 2.029394683460098765e-46
1.341125000000000000e+03 1.765417180404751960e-46
1.341250000000000000e+03 1.939880222166321203e-46
1.341375000000000000e+03 2.296050013187436942e-46
1.341500000000000000e+03 2.493087562339551182e-46
1.341625000000000000e+03 2.017027787574644612e-46
1.341750000000000000e+03 2.525514934801186517e-46
1.341875000000000000e+03 2.371617654442627715e-46
1.342000000000000000e+03 2.322080082913187342e-46
1.342125000000000000e+03 1.925349457743742025e-46
1.342250000000000000e+03 1.991420297222505430e-46
1.342375000000000000e+03 2.142634980845993961e-46
1.342500000000000000e+03 2.236517303628620026e-46
1.342625000000000000e+03 1.599514727038362207e-46
1.342750000000000000e+03 2.068695827175810611e-46
1.342875000000000000e+03 1.956214822478579413e-46
1.343000000000000000e+03 2.486598363201968806e-46
1.343125000000000000e+03 1.880671419368970716e-46
1.343250000000000000e+03 2.029646127807464346e-46
1.343375000000000000e+03 1.972988279290450414e-46
1.343500000000000000e+03 1.998544490662634898e-46
1.343625000000000000e+03 1.362900489332586569e-46
1.343750000000000000e+03 2.090711994500989252e-46
1.343875000000000000e+03 1.883979354634724435e-46
1.344000000000000000e+03 1.851953747113530277e-46
1.344125000000000000e+03 1.903438685400277645e-46
1.344250000000000000e+03 1.578767924248342877e-46
1.344375000000000000e+03 1.573334904145035171e-46
1.344500000000000000e+03 2.328291262456953632e-46
1.344625000000000000e+03 2.506079232724599430e-46
1.344750000000000000e+03 2.033419723558357170e-46
1.344875000000000000e+03 1.563634867678191907e-46
1.345000000000000000e+03 1.818633638119687253e-46
1.345125000000000000e+03 2.171461418316182051e-46
1.345250000000000000e+03 1.916326974364689989e-46
1.345375000000000000e+03 2.384421444282767978e-46
1.345500000000000000e+03 2.078846499018549885e-46
1.345625000000000000e+03 1.933809701343633192e-46
1.345750000000000000e+03 1.771756109052860844e-46
1.345875000000000000e+03 1.799206538955841584e-46
1.346000000000000000e+03 1.926416809162033819e-46
1.346125000000000000e+03 2.410097592654038120e-46
1.346250000000000000e+03 2.039724529015534144e-46
1.346375000000000000e+03 2.143661470822149211e-46
1.346500000000000000e+03 2.436456016595024967e-46
1.346625000000000000e+03 2.197716382678361029e-46
1.346750000000000000e+03 2.224842545588357196e-46
1.346875000000000000e+03 2.178992729606697315e-46
1.347000000000000000e+03 1.992032686305850993e-46
1.347125000000000000e+03 2.087910795341125583e-46
1.347250000000000000e+03 2.447425966516864184e-46
1.347375000000000000e+03 2.155473614270831710e-46
1.347500000000000000e+03 1.915215974862198584e-46
1.347625000000000000e+03 2.092221550796796752e-46
1.347750000000000000e+03 2.071717425762214286e-46
1.347875000000000000e+03 2.126679488352276243e-46
1.348000000000000000e+03 2.340068748392760032e-46
1.348125000000000000e+03 2.241132998581820773e-46
1.348250000000000000e+03 2.039709400569993740e-46
1.348375000000000000e+03 2.572885820558334539e-46
1.348500000000000000e+03 2.116551822577453030e-46
1.348625000000000000e+03 1.478955424832673606e-46
1.348750000000000000e+03 2.078882495141513231e-46
1.348875000000000000e+03 2.139320449620528778e-46
1.349000000000000000e+03 1.952717337861683110e-46
1.349125000000000000e+03 1.727975547452993394e-46
1.349250000000000000e+03 1.698793367838239700e-46
1.349375000000000000e+03 2.121360773815226780e-46
1.349500000000000000e+03 1.914896037779859824e-46
1.349625000000000000e+03 1.795226844565564318e-46
1.349750000000000000e+03 1.788819280554965317e-46
1.349875000000000000e+03 1.957841777261374471e-46
1.350000000000000000e+03 2.337691091709695445e-46
1.350125000000000000e+03 2.662172794081682177e-46
1.350250000000000000e+03 1.988030460306143074e-46
1.350375000000000000e+03 1.722363314281930376e-46
1.350500000000000000e+03 1.846057720284746866e-46
1.350625000000000000e+03 2.241476756375114604e-46
1.350750000000000000e+03 1.955479652699872019e-46
1.350875000000000000e+03 2.063447337430262545e-46
1.351000000000000000e+03 2.090418481547283563e-46
1.351125000000000000e+03 1.669236339211555087e-46
1.351250000000000000e+03 2.239177383489675292e-46
1.351375000000000000e+03 2.123856553685183992e-46
1.351500000000000000e+03 2.062351362094593799e-46
1.351625000000000000e+03 1.940625916464461952e-46
1.351750000000000000e+03 2.059606264323745378e-46
1.351875000000000000e+03 1.915768788641863633e-46
1.352000000000000000e+03 1.860154330242492686e-46
1.352125000000000000e+03 2.033808939979873152e-46
1.352250000000000000e+03 1.880219261272659710e-46
1.352375000000000000e+03 2.536354072569107608e-46
1.352500000000000000e+03 1.773014735520274001e-46
1.352625000000000000e+03 2.632967150371169031e-46
1.352750000000000000e+03 1.959578782903573335e-46
1.352875000000000000e+03 2.187475539740001704e-46
1.353000000000000000e+03 1.864271967012432661e-46
1.353125000000000000e+03 1.893812978789199031e-46
1.353250000000000000e+03 2.025255486062455591e-46
1.353375000000000000e+03 1.913899371060502240e-46
1.353500000000000000e+03 2.229168192823317783e-46
1.353625000000000000e+03 1.787534339954479050e-46
1.353750000000000000e+03 1.721990897652118723e-46
1.353875000000000000e+03 2.013479080108245992e-46
1.354000000000000000e+03 2.323493943434261560e-46
1.354125000000000000e+03 2.279206444971026646e-46
1.354250000000000000e+03 2.275438041245811434e-46
1.354375000000000000e+03 2.353452141513344513e-46
1.354500000000000000e+03 1.961192088980716528e-46
1.354625000000000000e+03 2.161818357872451642e-46
1.354750000000000000e+03 2.240394252092400708e-46
1.354875000000000000e+03 2.000476051236303082e-46
1.355000000000000000e+03 1.891422534108471955e-46
1.355125000000000000e+03 2.078709067703373566e-46
1.355250000000000000e+03 2.351409649478228587e-46
1.355375000000000000e+03 1.602535377911810835e-46
1.355500000000000000e+03 1.215375111207044911e-46
1.355625000000000000e+03 2.069178357420742244e-46
1.355750000000000000e+03 1.806898515907953842e-46
1.355875000000000000e+03 2.137478877958776646e-46
1.356000000000000000e+03 2.234729546321494585e-46
1.356125000000000000e+03 1.818813140461633027e-46
1.356250000000000000e+03 1.661198263065348339e-46
1.356375000000000000e+03 1.741987094237265111e-46
1.356500000000000000e+03 1.912580701328735514e-46
1.356625000000000000e+03 1.716978348694800935e-46
1.356750000000000000e+03 2.105137613977451877e-46
1.356875000000000000e+03 2.127798634658422755e-46
1.357000000000000000e+03 2.235936211167674390e-46
1.357125000000000000e+03 1.720113548407136897e-46
1.357250000000000000e+03 1.896332240874664528e-46
1.357375000000000000e+03 2.436759783428595995e-46
1.357500000000000000e+03 2.607146497094198198e-46
1.357625000000000000e+03 2.076691718328263246e-46
1.357750000000000000e+03 1.981899696512476667e-46
1.357875000000000000e+03 1.686556983600109098e-46
1.358000000000000000e+03 1.838909082714462718e-46
1.358125000000000000e+03 2.121154081289916922e-46
1.358250000000000000e+03 2.299872922548762265e-46
1.358375000000000000e+03 1.846489960648513687e-46
1.358500000000000000e+03 2.347959946339025179e-46
1.358625000000000000e+03 1.881106123162802026e-46
1.358750000000000000e+03 2.040483101409886074e-46
1.358875000000000000e+03 1.979805373373463682e-46
1.359000000000000000e+03 1.802774382687243847e-46
1.359125000000000000e+03 1.894343318584884332e-46
1.359250000000000000e+03 2.566470789487610465e-46
1.359375000000000000e+03 1.833890836663806907e-46
1.359500000000000000e+03 2.034620226951490606e-46
1.359625000000000000e+03 1.819037001182204714e-46
1.359750000000000000e+03 2.323187191501089375e-46
1.359875000000000000e+03 2.547601570158219004e-46
1.360000000000000000e+03 2.534451301327814608e-46
1.360125000000000000e+03 1.755626803539079681e-46
1.360250000000000000e+03 1.847607950649409890e-46
1.360375000000000000e+03 1.674045411935809023e-46
1.360500000000000000e+03 2.035346167194538637e-46
1.360625000000000000e+03 2.302483360403308633e-46
1.360750000000000000e+03 1.772274433082177860e-46
1.360875000000000000e+03 2.314865167637137404e-46
1.361000000000000000e+03 2.345801621833224559e-46
1.361125000000000000e+03 2.130329314873088566e-46
1.361250000000000000e+03 2.244355697268749958e-46
1.361375000000000000e+03 2.254049732291162100e-46
1.361500000000000000e+03 2.379505457474791247e-46
1.361625000000000000e+03 1.658056464628769354e-46
1.361750000000000000e+03 1.765722258925162382e-46
1.361875000000000000e+03 2.160677847949832314e-46
1.362000000000000000e+03 2.097960873491588180e-46
1.362125000000000000e+03 2.271679958245633586e-46
1.362250000000000000e+03 2.075024356268153902e-46
1.362375000000000000e+03 1.914825213283530622e-46
1.362500000000000000e+03 2.065785861492007171e-46
1.362625000000000000e+03 2.121970393730146156e-46
1.362750000000000000e+03 1.879170034452111232e-46
1.362875000000000000e+03 2.171844085026669906e-46
1.363000000000000000e+03 2.071393656081020359e-46
1.363125000000000000e+03 2.017560361118588176e-46
1.363250000000000000e+03 1.983846808623177443e-46
1.363375000000000000e+03 1.908978493996406145e-46
1.363500000000000000e+03 2.067482700216017685e-46
1.363625000000000000e+03 1.760042661391213578e-46
1.363750000000000000e+03 1.752266330218601484e-46
1.363875000000000000e+03 2.175072857919166939e-46
1.364000000000000000e+03 2.775499667609346752e-46
1.364125000000000000e+03 2.273673538711842778e-46
1.364250000000000000e+03 2.221897960655245265e-46
1.364375000000000000e+03 2.326660280584740757e-46
1.364500000000000000e+03 2.031349949397674626e-46
1.364625000000000000e+03 2.174117724865091097e-46
1.364750000000000000e+03 2.344882251962381537e-46
1.364875000000000000e+03 2.074055551272496917e-46
1.365000000000000000e+03 2.260817300531628915e-46
1.365125000000000000e+03 1.996300771817700685e-46
1.365250000000000000e+03 2.200684368432870116e-46
1.365375000000000000e+03 2.222503150567735219e-46
1.365500000000000000e+03 2.476245096873117048e-46
1.365625000000000000e+03 2.653015783909870959e-46
1.365750000000000000e+03 1.614221943058930537e-46
1.365875000000000000e+03 2.196578937743704816e-46
1.366000000000000000e+03 2.316617977383148085e-46
1.366125000000000000e+03 1.845006748644280226e-46
1.366250000000000000e+03 1.862307195261556189e-46
1.366375000000000000e+03 2.155070170197394622e-46
1.366500000000000000e+03 2.232920292004275762e-46
1.366625000000000000e+03 2.091518481872619370e-46
1.366750000000000000e+03 2.100588067465155796e-46
1.366875000000000000e+03 1.869766615254317564e-46
1.367000000000000000e+03 2.146553826225008030e-46
1.367125000000000000e+03 2.085327321610902755e-46
1.367250000000000000e+03 2.184535323160474611e-46
1.367375000000000000e+03 2.091372053228914018e-46
1.367500000000000000e+03 2.353564438570700939e-46
1.367625000000000000e+03 2.442883055799943410e-46
1.367750000000000000e+03 2.431703432954742674e-46
1.367875000000000000e+03 1.857045976511301811e-46
1.368000000000000000e+03 1.996653599251924478e-46
1.368125000000000000e+03 2.385967198177782281e-46
1.368250000000000000e+03 2.235519414469252531e-46
1.368375000000000000e+03 2.386316549367573405e-46
1.368500000000000000e+03 2.017149383070608166e-46
1.368625000000000000e+03 2.003794586376825374e-46
1.368750000000000000e+03 1.887987263903852418e-46
1.368875000000000000e+03 2.210863927544240540e-46
1.369000000000000000e+03 1.915538190108117968e-46
1.369125000000000000e+03 2.283383843273258558e-46
1.369250000000000000e+03 1.784777976773411689e-46
1.369375000000000000e+03 1.938168459398280536e-46
1.369500000000000000e+03 1.693683529599212879e-46
1.369625000000000000e+03 2.212569238134336222e-46
1.369750000000000000e+03 1.974472641389170080e-46
1.369875000000000000e+03 2.184975843753154527e-46
1.370000000000000000e+03 1.959960466607548809e-46
1.370125000000000000e+03 2.373437335319122490e-46
1.370250000000000000e+03 1.872233054998922905e-46
1.370375000000000000e+03 2.213635957716407026e-46
1.370500000000000000e+03 1.853928787892913451e-46
1.370625000000000000e+03 2.804091873734558383e-46
1.370750000000000000e+03 1.960450527150984393e-46
1.370875000000000000e+03 1.953292776955434562e-46
1.371000000000000000e+03 2.202476314819451855e-46
1.371125000000000000e+03 1.855402141973044941e-46
1.371250000000000000e+03 2.066618508820321795e-46
1.371375000000000000e+03 2.044651774233491045e-46
1.371500000000000000e+03 1.917160707362277914e-46
1.371625000000000000e+03 2.359420555763766518e-46
1.371750000000000000e+03 1.956274582285002073e-46
1.371875000000000000e+03 2.370801103968101597e-46
1.372000000000000000e+03 1.671070866771477887e-46
1.372125000000000000e+03 2.237649411852157374e-46
1.372250000000000000e+03 1.589744646565752473e-46
1.372375000000000000e+03 1.856690626805612275e-46
1.372500000000000000e+03 2.254767077707163148e-46
1.372625000000000000e+03 2.112849768604548768e-46
1.372750000000000000e+03 2.251274623326782576e-46
1.372875000000000000e+03 2.090872428878320914e-46
1.373000000000000000e+03 2.724666131027010736e-46
1.373125000000000000e+03 2.268765267011914576e-46
1.373250000000000000e+03 2.234412549786315535e-46
1.373375000000000000e+03 2.286912265902253471e-46
1.373500000000000000e+03 2.357428432659018533e-46
1.373625000000000000e+03 1.913972277774838432e-46
1.373750000000000000e+03 1.555816277508793512e-46
1.373875000000000000e+03 2.016077246033778931e-46
1.374000000000000000e+03 1.819839351386078504e-46
1.374125000000000000e+03 2.280848150157262307e-46
1.374250000000000000e+03 1.774530780334853896e-46
1.374375000000000000e+03 2.853204736497096847e-46
1.374500000000000000e+03 2.101405355373676636e-46
1.374625000000000000e+03 1.699294887242147829e-46
1.374750000000000000e+03 1.705256806191288166e-46
1.374875000000000000e+03 1.798631480029561231e-46
1.375000000000000000e+03 1.904138168816602478e-46
1.375125000000000000e+03 2.091555543400103049e-46
1.375250000000000000e+03 2.170105138743532120e-46
1.375375000000000000e+03 1.817957183100960934e-46
1.375500000000000000e+03 2.363595108298463576e-46
1.375625000000000000e+03 2.398271769307410637e-46
1.375750000000000000e+03 2.399293908562188527e-46
1.375875000000000000e+03 2.301984380705776330e-46
1.376000000000000000e+03 2.254516984117224637e-46
1.376125000000000000e+03 2.279053985835745874e-46
1.376250000000000000e+03 2.194898684112073620e-46
1.376375000000000000e+03 2.400067031471752702e-46
1.376500000000000000e+03 1.918898684764105256e-46
1.376625000000000000e+03 2.213125589625543534e-46
1.376750000000000000e+03 1.689102598210577839e-46
1.376875000000000000e+03 1.969315730972129814e-46
1.377000000000000000e+03 1.809552276434860287e-46
1.377125000000000000e+03 2.510753070751192957e-46
1.377250000000000000e+03 2.237832628233180881e-46
1.377375000000000000e+03 1.945272736894151940e-46
1.377500000000000000e+03 2.006267187972626767e-46
1.377625000000000000e+03 2.244940587098643981e-46
1.377750000000000000e+03 2.019818570593882683e-46
1.377875000000000000e+03 2.283714446960301284e-46
1.378000000000000000e+03 1.905818949899589004e-46
1.378125000000000000e+03 2.285862714502820720e-46
1.378250000000000000e+03 2.306598898402964931e-46
1.378375000000000000e+03 2.140433139230271644e-46
1.378500000000000000e+03 2.676401277223390478e-46
1.378625000000000000e+03 1.899165948660323000e-46
1.378750000000000000e+03 2.071500937788526308e-46
1.378875000000000000e+03 1.987817270775733331e-46
1.379000000000000000e+03 1.665321234632226933e-46
1.379125000000000000e+03 2.808286937608194972e-46
1.379250000000000000e+03 1.956687267877312543e-46
1.379375000000000000e+03 2.386569921382511371e-46
1.379500000000000000e+03 2.237434567447028673e-46
1.379625000000000000e+03 2.005847400979864740e-46
1.379750000000000000e+03 2.287681300648597635e-46
1.379875000000000000e+03 1.573673600124951809e-46
1.380000000000000000e+03 1.855519843025478230e-46
1.380125000000000000e+03 2.695570656494930204e-46
1.380250000000000000e+03 2.098159656086385448e-46
1.380375000000000000e+03 1.850073608095057678e-46
1.380500000000000000e+03 2.059381406453595430e-46
1.380625000000000000e+03 2.369908959993709238e-46
1.380750000000000000e+03 1.897821903489934788e-46
1.380875000000000000e+03 2.685709352680007879e-46
1.381000000000000000e+03 2.117720038093237373e-46
1.381125000000000000e+03 2.072264463718670463e-46
1.381250000000000000e+03 2.285813773559082039e-46
1.381375000000000000e+03 1.837054918618685333e-46
1.381500000000000000e+03 2.013578482565363923e-46
1.381625000000000000e+03 2.480161528863813904e-46
1.381750000000000000e+03 2.111365558666184785e-46
1.381875000000000000e+03 2.507158250022888573e-46
1.382000000000000000e+03 2.049188295121047871e-46
1.382125000000000000e+03 2.332748359799001597e-46
1.382250000000000000e+03 2.748262468028357754e-46
1.382375000000000000e+03 2.435038558144821633e-46
1.382500000000000000e+03 1.782398441449163930e-46
1.382625000000000000e+03 1.652482533866135690e-46
1.382750000000000000e+03 1.857808858503480018e-46
1.382875000000000000e+03 1.716944818497982871e-46
1.383000000000000000e+03 2.346002373712380319e-46
1.383125000000000000e+03 2.636637737452207486e-46
1.383250000000000000e+03 2.286260119271447849e-46
1.383375000000000000e+03 2.113021295550953368e-46
1.383500000000000000e+03 1.919125192962730903e-46
1.383625000000000000e+03 2.241073281566341187e-46
1.383750000000000000e+03 2.206340836991343848e-46
1.383875000000000000e+03 2.074157046287461983e-46
1.384000000000000000e+03 1.829753552894167927e-46
1.384125000000000000e+03 1.932133146084929304e-46
1.384250000000000000e+03 1.614532819551732170e-46
1.384375000000000000e+03 2.428263676650196864e-46
1.384500000000000000e+03 2.512300951731367581e-46
1.384625000000000000e+03 2.368641981650422305e-46
1.384750000000000000e+03 1.949919747533823010e-46
1.384875000000000000e+03 1.803923945213325841e-46
1.385000000000000000e+03 2.273016054723125698e-46
1.385125000000000000e+03 1.783748843474210989e-46
1.385250000000000000e+03 1.693445489999288064e-46
1.385375000000000000e+03 1.660838207574992460e-46
1.385500000000000000e+03 2.393550090907278580e-46
1.385625000000000000e+03 2.181374665294614992e-46
1.385750000000000000e+03 2.218642020284758979e-46
1.385875000000000000e+03 1.988660094435544320e-46
1.386000000000000000e+03 2.306058761286624132e-46
1.386125000000000000e+03 1.958597788064300424e-46
1.386250000000000000e+03 2.125858811433733699e-46
1.386375000000000000e+03 2.004130816332568876e-46
1.386500000000000000e+03 2.109368659394650659e-46
1.386625000000000000e+03 1.623592345601289130e-46
1.386750000000000000e+03 2.140502806303695436e-46
1.386875000000000000e+03 1.786866322610424020e-46
1.387000000000000000e+03 2.390042392088050852e-46
1.387125000000000000e+03 2.563435751650170306e-46
1.387250000000000000e+03 2.094531725381864132e-46
1.387375000000000000e+03 2.329359167311165095e-46
1.387500000000000000e+03 2.158719645914752193e-46
1.387625000000000000e+03 2.527526499959692264e-46
1.387750000000000000e+03 1.958572331045287681e-46
1.387875000000000000e+03 2.145308705025572944e-46
1.388000000000000000e+03 2.589576878635938885e-46
1.388125000000000000e+03 2.139568457419524633e-46
1.388250000000000000e+03 2.471774861611950297e-46
1.388375000000000000e+03 2.250558656244438612e-46
1.388500000000000000e+03 1.950372086979347224e-46
1.388625000000000000e+03 1.989369648892064009e-46
1.388750000000000000e+03 2.516799409933799571e-46
1.388875000000000000e+03 2.286192539931451762e-46
1.389000000000000000e+03 1.828100122566520194e-46
1.389125000000000000e+03 2.693586840326911323e-46
1.389250000000000000e+03 2.373189985052570108e-46
1.389375000000000000e+03 1.907503440927074509e-46
1.389500000000000000e+03 2.554349029286236014e-46
1.389625000000000000e+03 2.354236152527735603e-46
1.389750000000000000e+03 2.250823043200805161e-46
1.389875000000000000e+03 2.205008148283413584e-46
1.390000000000000000e+03 2.230109900840424513e-46
1.390125000000000000e+03 2.388423127637711611e-46
1.390250000000000000e+03 2.198032019950445555e-46
1.390375000000000000e+03 2.333510818308928151e-46
1.390500000000000000e+03 2.089011666462247513e-46
1.390625000000000000e+03 1.733304421283423761e-46
1.390750000000000000e+03 1.703548064598354697e-46
1.390875000000000000e+03 1.964964462173968505e-46
1.391000000000000000e+03 2.706146239641259819e-46
1.391125000000000000e+03 2.208418898234982127e-46
1.391250000000000000e+03 2.618061322774459095e-46
1.391375000000000000e+03 2.529090297585538996e-46
1.391500000000000000e+03 2.455895656033523799e-46
1.391625000000000000e+03 2.032746126650173076e-46
1.391750000000000000e+03 1.690201629105153347e-46
1.391875000000000000e+03 1.953774866983437000e-46
1.392000000000000000e+03 2.395960820279490157e-46
1.392125000000000000e+03 2.219146260509120287e-46
1.392250000000000000e+03 2.222833752832094751e-46
1.392375000000000000e+03 2.598519855477207264e-46
1.392500000000000000e+03 1.991555452134815398e-46
1.392625000000000000e+03 2.349415048059160331e-46
1.392750000000000000e+03 2.304382856095338436e-46
1.392875000000000000e+03 2.063376526540979025e-46
1.393000000000000000e+03 2.460037425647186217e-46
1.393125000000000000e+03 2.335874577370819017e-46
1.393250000000000000e+03 2.036627476669776970e-46
1.393375000000000000e+03 2.467194273576526529e-46
1.393500000000000000e+03 2.369518027398659153e-46
1.393625000000000000e+03 2.332637047382441935e-46
1.393750000000000000e+03 2.395250988215160871e-46
1.393875000000000000e+03 2.553553566706140046e-46
1.394000000000000000e+03 2.446283865553282817e-46
1.394125000000000000e+03 2.342232885964517207e-46
1.394250000000000000e+03 2.065111332911812776e-46
1.394375000000000000e+03 2.589525491707167339e-46
1.394500000000000000e+03 2.216596728779998862e-46
1.394625000000000000e+03 2.596001803750808315e-46
1.394750000000000000e+03 2.161572494587334488e-46
1.394875000000000000e+03 2.366373800434839025e-46
1.395000000000000000e+03 2.579720580127898948e-46
1.395125000000000000e+03 2.340519692797430845e-46
1.395250000000000000e+03 2.058435625806656918e-46
1.395375000000000000e+03 2.883099585321918372e-46
1.395500000000000000e+03 2.334583648193625091e-46
1.395625000000000000e+03 2.077670767173583218e-46
1.395750000000000000e+03 1.720213514369477997e-46
1.395875000000000000e+03 2.356248142865941768e-46
1.396000000000000000e+03 2.145770565356978327e-46
1.396125000000000000e+03 2.460193242463654451e-46
1.396250000000000000e+03 2.865453070659914095e-46
1.396375000000000000e+03 2.274624070981535449e-46
1.396500000000000000e+03 2.128010547725653533e-46
1.396625000000000000e+03 1.926060651550431848e-46
1.396750000000000000e+03 2.008751946456353799e-46
1.396875000000000000e+03 2.023116680729297584e-46
1.397000000000000000e+03 2.021696811215112526e-46
1.397125000000000000e+03 2.556405642982710756e-46
1.397250000000000000e+03 2.318022854589070344e-46
1.397375000000000000e+03 1.885120431783731321e-46
1.397500000000000000e+03 1.887480526737200795e-46
1.397625000000000000e+03 2.111743643515799453e-46
1.397750000000000000e+03 2.490736932140377128e-46
1.397875000000000000e+03 1.959533634011361171e-46
1.398000000000000000e+03 2.439332991376125654e-46
1.398125000000000000e+03 2.350991238358612634e-46
1.398250000000000000e+03 1.879298401042850809e-46
1.398375000000000000e+03 2.233967305133280821e-46
1.398500000000000000e+03 1.687898209638188742e-46
1.398625000000000000e+03 2.606208259723646137e-46
1.398750000000000000e+03 2.301414428298932860e-46
1.398875000000000000e+03 2.871504288898035955e-46
1.399000000000000000e+03 2.366724264063842265e-46
1.399125000000000000e+03 2.185905753181310761e-46
1.399250000000000000e+03 2.356991028882879721e-46
1.399375000000000000e+03 1.637699365035966332e-46
1.399500000000000000e+03 2.499051382641289930e-46
1.399625000000000000e+03 1.886890403027147206e-46
1.399750000000000000e+03 1.856512305986431510e-46
1.399875000000000000e+03 2.257348980246671191e-46
1.400000000000000000e+03 2.416021205005153268e-46
1.400125000000000000e+03 1.591007664181043824e-46
1.400250000000000000e+03 2.319340064216730065e-46
1.400375000000000000e+03 1.469239025897263065e-46
1.400500000000000000e+03 2.445521196057796670e-46
1.400625000000000000e+03 2.066879724635769079e-46
1.400750000000000000e+03 2.589110226199993824e-46
1.400875000000000000e+03 2.711885498801088129e-46
1.401000000000000000e+03 2.608888873948098930e-46
1.401125000000000000e+03 2.492950936636842469e-46
1.401250000000000000e+03 2.104181811211132713e-46
1.401375000000000000e+03 1.735524415850251888e-46
1.401500000000000000e+03 2.264438020671277245e-46
1.401625000000000000e+03 1.654498180477153323e-46
1.401750000000000000e+03 2.108657879897709276e-46
1.401875000000000000e+03 1.794465010929065422e-46
1.402000000000000000e+03 2.405350937129750814e-46
1.402125000000000000e+03 1.900203111170121129e-46
1.402250000000000000e+03 1.884547151794830641e-46
1.402375000000000000e+03 2.071335306918565880e-46
1.402500000000000000e+03 2.291894200174096251e-46
1.402625000000000000e+03 2.203734712166433882e-46
1.402750000000000000e+03 2.242955929928319611e-46
1.402875000000000000e+03 2.246950504360309469e-46
1.403000000000000000e+03 2.065379924229095191e-46
1.403125000000000000e+03 2.008710075744950749e-46
1.403250000000000000e+03 1.762355420514959480e-46
1.403375000000000000e+03 2.189541523416555201e-46
1.403500000000000000e+03 2.585298149931274930e-46
1.403625000000000000e+03 2.208753550387496650e-46
1.403750000000000000e+03 1.865365320741615052e-46
1.403875000000000000e+03 2.018732913141641279e-46
1.404000000000000000e+03 2.293634120090026674e-46
1.404125000000000000e+03 2.347100069612687822e-46
1.404250000000000000e+03 1.897924511667404091e-46
1.404375000000000000e+03 2.482647443984197146e-46
1.404500000000000000e+03 2.453390575997154825e-46
1.404625000000000000e+03 2.011700100828154882e-46
1.404750000000000000e+03 2.254125949555935508e-46
1.404875000000000000e+03 2.251061179998131617e-46
1.405000000000000000e+03 2.239228359834397810e-46
1.405125000000000000e+03 2.168079359241532948e-46
1.405250000000000000e+03 2.265223347858316951e-46
1.405375000000000000e+03 1.786797780269140778e-46
1.405500000000000000e+03 2.097585259653864611e-46
1.405625000000000000e+03 2.346615251382412332e-46
1.405750000000000000e+03 2.610220148457726329e-46
1.405875000000000000e+03 1.919230587290657901e-46
1.406000000000000000e+03 2.519684438365383618e-46
1.406125000000000000e+03 1.949411323288020882e-46
1.406250000000000000e+03 2.554016294843786844e-46
1.406375000000000000e+03 2.163168151900149882e-46
1.406500000000000000e+03 2.541947596817469253e-46
1.406625000000000000e+03 2.009847536384350972e-46
1.406750000000000000e+03 2.402312172652965321e-46
1.406875000000000000e+03 2.286812792687987089e-46
1.407000000000000000e+03 2.797743380611431368e-46
1.407125000000000000e+03 2.227701336309571819e-46
1.407250000000000000e+03 2.128172850824708850e-46
1.407375000000000000e+03 2.169704125696805788e-46
1.407500000000000000e+03 2.004823441533374372e-46
1.407625000000000000e+03 2.394238334302674618e-46
1.407750000000000000e+03 2.252952925960404732e-46
1.407875000000000000e+03 2.353120257501730562e-46
1.408000000000000000e+03 2.343859964973040872e-46
1.408125000000000000e+03 1.527080530928421480e-46
1.408250000000000000e+03 2.394718718071084988e-46
1.408375000000000000e+03 2.228429999385144808e-46
1.408500000000000000e+03 1.961156003409444634e-46
1.408625000000000000e+03 2.669484202630406562e-46
1.408750000000000000e+03 1.968044573810434407e-46
1.408875000000000000e+03 2.441411272807473962e-46
1.409000000000000000e+03 2.100855368438607030e-46
1.409125000000000000e+03 1.896569111181162886e-46
1.409250000000000000e+03 2.031593709642067327e-46
1.409375000000000000e+03 1.499325450482890110e-46
1.409500000000000000e+03 2.722529435153016143e-46
1.409625000000000000e+03 2.224832235563666253e-46
1.409750000000000000e+03 3.036183253142806334e-46
1.409875000000000000e+03 2.133095131024775980e-46
1.410000000000000000e+03 2.113566260855417362e-46
1.410125000000000000e+03 2.476335395957374470e-46
1.410250000000000000e+03 1.677061443956817514e-46
1.410375000000000000e+03 2.092181527963440002e-46
1.410500000000000000e+03 1.967951588538679093e-46
1.410625000000000000e+03 2.470854382138862423e-46
1.410750000000000000e+03 2.280513223000161217e-46
1.410875000000000000e+03 2.354883701466464190e-46
1.411000000000000000e+03 2.464139987113906478e-46
1.411125000000000000e+03 2.628327121265892336e-46
1.411250000000000000e+03 2.449340635130781585e-46
1.411375000000000000e+03 2.260253706660713607e-46
1.411500000000000000e+03 2.548078276053436479e-46
1.411625000000000000e+03 2.578035544108863362e-46
1.411750000000000000e+03 2.207384673024762450e-46
1.411875000000000000e+03 2.125365333024658244e-46
1.412000000000000000e+03 2.366277166271678284e-46
1.412125000000000000e+03 2.944174377361374856e-46
1.412250000000000000e+03 2.361569891718237497e-46
1.412375000000000000e+03 2.626211818719975369e-46
1.412500000000000000e+03 2.098213516643913142e-46
1.412625000000000000e+03 2.695171122741503943e-46
1.412750000000000000e+03 2.543138217666823708e-46
1.412875000000000000e+03 2.191111550326862456e-46
1.413000000000000000e+03 2.061183460200348834e-46
1.413125000000000000e+03 2.202596117394040628e-46
1.413250000000000000e+03 2.108678107833608394e-46
1.413375000000000000e+03 1.964527941437030439e-46
1.413500000000000000e+03 2.319692955846713299e-46
1.413625000000000000e+03 2.136588651815766157e-46
1.413750000000000000e+03 2.723184075242591419e-46
1.413875000000000000e+03 2.263757520697153783e-46
1.414000000000000000e+03 2.295062689094918573e-46
1.414125000000000000e+03 2.458916661562180378e-46
1.414250000000000000e+03 2.028808257611590759e-46
1.414375000000000000e+03 2.418892919496704243e-46
1.414500000000000000e+03 1.889353036704097605e-46
1.414625000000000000e+03 1.668448904621726752e-46
1.414750000000000000e+03 1.724105290123826988e-46
1.414875000000000000e+03 1.908582774562162893e-46
1.415000000000000000e+03 2.239009167849433605e-46
1.415125000000000000e+03 2.201221891953219688e-46
1.415250000000000000e+03 2.624890769173215207e-46
1.415375000000000000e+03 2.528502857615968841e-46
1.415500000000000000e+03 2.120482613374001135e-46
1.415625000000000000e+03 2.527301335188534285e-46
1.415750000000000000e+03 2.059170519645183570e-46
1.415875000000000000e+03 2.071924374074610704e-46
1.416000000000000000e+03 2.399838343114847529e-46
1.416125000000000000e+03 2.317136914472430539e-46
1.416250000000000000e+03 2.208320887585010941e-46
1.416375000000000000e+03 2.264399429325208597e-46
1.416500000000000000e+03 2.436764098107378896e-46
1.416625000000000000e+03 2.529098840831209106e-46
1.416750000000000000e+03 2.382292284401225468e-46
1.416875000000000000e+03 2.586505591130372139e-46
1.417000000000000000e+03 2.287870999322495836e-46
1.417125000000000000e+03 2.272042626489044685e-46
1.417250000000000000e+03 2.492501800281510276e-46
1.417375000000000000e+03 2.132926868243600083e-46
1.417500000000000000e+03 2.777803795233964434e-46
1.417625000000000000e+03 2.309627701162053644e-46
1.417750000000000000e+03 1.903369284412434845e-46
1.417875000000000000e+03 1.905130408629981692e-46
1.418000000000000000e+03 1.944403223200188279e-46
1.418125000000000000e+03 1.727779663265116714e-46
1.418250000000000000e+03 2.585689187997353428e-46
1.418375000000000000e+03 2.421632197800925413e-46
1.418500000000000000e+03 1.886032462456905671e-46
1.418625000000000000e+03 2.888837476325092102e-46
1.418750000000000000e+03 2.406699940326525585e-46
1.418875000000000000e+03 1.879410566916307440e-46
1.419000000000000000e+03 2.468492282666050474e-46
1.419125000000000000e+03 2.488042964213171660e-46
1.419250000000000000e+03 2.390790153484332452e-46
1.419375000000000000e+03 2.618957848004381282e-46
1.419500000000000000e+03 2.828377490681256072e-46
1.419625000000000000e+03 2.331717789224369214e-46
1.419750000000000000e+03 1.897853889610948372e-46
1.419875000000000000e+03 2.293365943482680031e-46
1.420000000000000000e+03 2.671645776587526979e-46
1.420125000000000000e+03 2.220100714208071705e-46
1.420250000000000000e+03 2.515095734667948351e-46
1.420375000000000000e+03 2.092911072558075789e-46
1.420500000000000000e+03 3.009080885295545540e-46
1.420625000000000000e+03 2.632517484065311961e-46
1.420750000000000000e+03 2.219538244091264917e-46
1.420875000000000000e+03 2.529022526845063610e-46
1.421000000000000000e+03 1.847690614224588362e-46
1.421125000000000000e+03 2.258932178933443704e-46
1.421250000000000000e+03 2.173712428531502702e-46
1.421375000000000000e+03 2.059616061204411138e-46
1.421500000000000000e+03 1.900062981967661296e-46
1.421625000000000000e+03 2.143434793008289502e-46
1.421750000000000000e+03 2.010220829897879671e-46
1.421875000000000000e+03 2.503672288013734461e-46
1.422000000000000000e+03 1.858822638759697034e-46
1.422125000000000000e+03 1.827328285876996057e-46
1.422250000000000000e+03 2.276455983817985977e-46
1.422375000000000000e+03 2.126677656677431643e-46
1.422500000000000000e+03 1.993876083230674003e-46
1.422625000000000000e+03 2.491222503084553487e-46
1.422750000000000000e+03 2.041929398522417547e-46
1.422875000000000000e+03 2.030883778641560589e-46
1.423000000000000000e+03 2.227171388991938801e-46
1.423125000000000000e+03 2.419205563959387416e-46
1.423250000000000000e+03 1.813400006920814526e-46
1.423375000000000000e+03 2.232831180888906948e-46
1.423500000000000000e+03 1.597146367278955434e-46
1.423625000000000000e+03 2.588775892201551467e-46
1.423750000000000000e+03 2.000733218591274871e-46
1.423875000000000000e+03 1.710870702014072875e-46
1.424000000000000000e+03 2.046803775910485710e-46
1.424125000000000000e+03 1.933921063869241651e-46
1.424250000000000000e+03 2.061744088958767570e-46
1.424375000000000000e+03 2.343199075780361014e-46
1.424500000000000000e+03 2.380916631575079954e-46
1.424625000000000000e+03 2.795336683863371451e-46
1.424750000000000000e+03 1.988487878660630071e-46
1.424875000000000000e+03 2.632897938300119623e-46
1.425000000000000000e+03 2.355727519295970353e-46
1.425125000000000000e+03 2.261501420247343478e-46
1.425250000000000000e+03 2.860277472972360874e-46
1.425375000000000000e+03 1.919213320643405380e-46
1.425500000000000000e+03 2.885809343975294820e-46
1.425625000000000000e+03 2.471758541502272255e-46
1.425750000000000000e+03 2.334065955339661568e-46
1.425875000000000000e+03 1.897587939528440168e-46
1.426000000000000000e+03 2.266833529666868357e-46
1.426125000000000000e+03 1.988834453023591473e-46
1.426250000000000000e+03 2.168400031822575577e-46
1.426375000000000000e+03 1.961473390153024447e-46
1.426500000000000000e+03 3.215346304223854507e-46
1.426625000000000000e+03 2.459240868075230553e-46
1.426750000000000000e+03 2.342929750247532087e-46
1.426875000000000000e+03 1.775776354225436269e-46
1.427000000000000000e+03 2.957804758492657593e-46
1.427125000000000000e+03 2.204318206772170922e-46
1.427250000000000000e+03 2.301972446069120756e-46
1.427375000000000000e+03 2.251590466943503370e-46
1.427500000000000000e+03 2.373107512526231678e-46
1.427625000000000000e+03 3.178371205887230299e-46
1.427750000000000000e+03 2.010603918144702527e-46
1.427875000000000000e+03 2.417334212034065637e-46
1.428000000000000000e+03 2.792059063335925261e-46
1.428125000000000000e+03 2.025340366225407297e-46
1.428250000000000000e+03 2.065432697226161239e-46
1.428375000000000000e+03 2.417480681114592500e-46
1.428500000000000000e+03 2.295049811571563951e-46
1.428625000000000000e+03 1.886653549645012451e-46
1.428750000000000000e+03 2.473936131243393382e-46
1.428875000000000000e+03 2.100970554140660483e-46
1.429000000000000000e+03 2.318781189857414142e-46
1.429125000000000000e+03 1.967082616192472652e-46
1.429250000000000000e+03 2.322816801974706320e-46
1.429375000000000000e+03 2.607870501439728360e-46
1.429500000000000000e+03 2.328226601614784752e-46
1.429625000000000000e+03 1.974912289976175131e-46
1.429750000000000000e+03 2.190298631426209612e-46
1.429875000000000000e+03 2.048392294639045875e-46
1.430000000000000000e+03 2.872914433701852073e-46
1.430125000000000000e+03 2.717514841710453077e-46
1.430250000000000000e+03 2.191583529555477717e-46
1.430375000000000000e+03 1.937823273654012601e-46
1.430500000000000000e+03 1.880474781209458187e-46
1.430625000000000000e+03 2.355060664922654021e-46
1.430750000000000000e+03 1.985180671471018463e-46
1.430875000000000000e+03 2.081465865657117367e-46
1.431000000000000000e+03 2.494810057290680123e-46
1.431125000000000000e+03 2.091570726855524475e-46
1.431250000000000000e+03 1.890413927114400732e-46
1.431375000000000000e+03 2.185338060335544006e-46
1.431500000000000000e+03 2.170205746499444888e-46
1.431625000000000000e+03 2.360305851003367145e-46
1.431750000000000000e+03 2.632415400460850397e-46
1.431875000000000000e+03 1.769907087512985909e-46
1.432000000000000000e+03 2.261896750584678336e-46
1.432125000000000000e+03 2.468246375468981719e-46
1.432250000000000000e+03 2.514901850290532189e-46
1.432375000000000000e+03 2.153778498394068569e-46
1.432500000000000000e+03 2.513068216938922877e-46
1.432625000000000000e+03 2.575520285238607676e-46
1.432750000000000000e+03 2.161908191717371869e-46
1.432875000000000000e+03 2.650862618656215432e-46
1.433000000000000000e+03 2.368065383856929112e-46
1.433125000000000000e+03 2.431908705741391386e-46
1.433250000000000000e+03 2.272646084368058025e-46
1.433375000000000000e+03 2.665011757543815809e-46
1.433500000000000000e+03 2.508630650852849748e-46
1.433625000000000000e+03 2.652261148032573218e-46
1.433750000000000000e+03 2.408078775246719944e-46
1.433875000000000000e+03 2.505641631106950091e-46
1.434000000000000000e+03 2.287326574824255272e-46
1.434125000000000000e+03 1.822446914515983027e-46
1.434250000000000000e+03 2.008574663582676959e-46
1.434375000000000000e+03 2.172402293138818538e-46
1.434500000000000000e+03 2.608079755359584327e-46
1.434625000000000000e+03 2.402575641788594541e-46
1.434750000000000000e+03 2.747495591645926882e-46
1.434875000000000000e+03 2.103122221298099046e-46
1.435000000000000000e+03 2.150858073703115215e-46
1.435125000000000000e+03 2.806445781699740633e-46
1.435250000000000000e+03 2.846434279729848643e-46
1.435375000000000000e+03 2.256187448300935407e-46
1.435500000000000000e+03 2.406908587104050140e-46
1.435625000000000000e+03 2.241570327126128273e-46
1.435750000000000000e+03 2.371278797189721476e-46
1.435875000000000000e+03 2.561676030463809029e-46
1.436000000000000000e+03 2.829656222511179423e-46
1.436125000000000000e+03 2.894365870344921733e-46
1.436250000000000000e+03 2.793968143434416797e-46
1.436375000000000000e+03 2.158312062987878899e-46
1.436500000000000000e+03 2.418996248227404276e-46
1.436625000000000000e+03 2.117981565867075751e-46
1.436750000000000000e+03 2.095729337655193059e-46
1.436875000000000000e+03 2.406736878708537768e-46
1.437000000000000000e+03 2.085100554828842849e-46
1.437125000000000000e+03 2.306597279279306947e-46
1.437250000000000000e+03 2.118096670610838394e-46
1.437375000000000000e+03 2.532618892794933627e-46
1.437500000000000000e+03 1.870358358300061271e-46
1.437625000000000000e+03 2.267761971542216831e-46
1.437750000000000000e+03 2.483769024873577267e-46
1.437875000000000000e+03 2.620817224637180116e-46
1.438000000000000000e+03 2.034148317471652623e-46
1.438125000000000000e+03 2.264650870990658397e-46
1.438250000000000000e+03 2.277749265408226647e-46
1.438375000000000000e+03 2.001177887986883169e-46
1.438500000000000000e+03 2.247722181260731722e-46
1.438625000000000000e+03 2.411091010264963271e-46
1.438750000000000000e+03 2.303265172080204181e-46
1.438875000000000000e+03 2.200239762776032965e-46
1.439000000000000000e+03 2.528535782009910720e-46
1.439125000000000000e+03 1.731335005522560346e-46
1.439250000000000000e+03 2.195782057103179409e-46
1.439375000000000000e+03 2.200144833258463049e-46
1.439500000000000000e+03 2.362537197220836173e-46
1.439625000000000000e+03 2.447290627330772359e-46
1.439750000000000000e+03 1.687415331305106170e-46
1.439875000000000000e+03 2.366309154912248403e-46
1.440000000000000000e+03 1.806782306203913191e-46
1.440125000000000000e+03 2.907315926268298118e-46
1.440250000000000000e+03 2.613270218201730216e-46
1.440375000000000000e+03 2.297334326684787621e-46
1.440500000000000000e+03 2.293712592256905562e-46
1.440625000000000000e+03 2.662982171041677861e-46
1.440750000000000000e+03 1.860096762761154967e-46
1.440875000000000000e+03 2.575248267988994488e-46
1.441000000000000000e+03 2.347549986992312681e-46
1.441125000000000000e+03 2.499436191775011167e-46
1.441250000000000000e+03 2.137077452041978569e-46
1.441375000000000000e+03 2.252719209422882940e-46
1.441500000000000000e+03 2.256714562320976840e-46
1.441625000000000000e+03 1.806555755747634709e-46
1.441750000000000000e+03 2.636031376057159151e-46
1.441875000000000000e+03 3.115882617964015809e-46
1.442000000000000000e+03 2.301090389136380242e-46
1.442125000000000000e+03 2.450346343026860344e-46
1.442250000000000000e+03 2.223221981235060844e-46
1.442375000000000000e+03 1.808539565946357257e-46
1.442500000000000000e+03 2.304918710176970250e-46
1.442625000000000000e+03 2.603316261821859499e-46
1.442750000000000000e+03 2.349591695288061600e-46
1.442875000000000000e+03 2.394608630351674219e-46
1.443000000000000000e+03 2.186890824437252879e-46
1.443125000000000000e+03 2.126122992163600145e-46
1.443250000000000000e+03 2.598407472246260561e-46
1.443375000000000000e+03 1.805695390385556040e-46
1.443500000000000000e+03 2.815579190732261358e-46
1.443625000000000000e+03 2.099781198734472780e-46
1.443750000000000000e+03 2.167757040158455703e-46
1.443875000000000000e+03 2.078859626084370648e-46
1.444000000000000000e+03 1.952508279514481140e-46
1.444125000000000000e+03 2.181993955794334538e-46
1.444250000000000000e+03 2.702929676880621617e-46
1.444375000000000000e+03 2.564911070386781570e-46
1.444500000000000000e+03 2.226102917781459667e-46
1.444625000000000000e+03 2.645380952850885587e-46
1.444750000000000000e+03 1.917257180239112744e-46
1.444875000000000000e+03 1.916319719138637698e-46
1.445000000000000000e+03 2.220359791423071835e-46
1.445125000000000000e+03 2.381092077684147670e-46
1.445250000000000000e+03 2.722129583534620725e-46
1.445375000000000000e+03 2.665030835909277007e-46
1.445500000000000000e+03 2.237412873071300687e-46
1.445625000000000000e+03 2.698740715593526111e-46
1.445750000000000000e+03 1.830717627797192978e-46
1.445875000000000000e+03 2.127530687930403178e-46
1.446000000000000000e+03 2.135247600201002062e-46
1.446125000000000000e+03 2.761301780943066926e-46
1.446250000000000000e+03 2.474999279143805469e-46
1.446375000000000000e+03 2.506505837174108088e-46
1.446500000000000000e+03 2.234795062994934801e-46
1.446625000000000000e+03 2.365760499404423389e-46
1.446750000000000000e+03 2.105423358882864434e-46
1.446875000000000000e+03 1.931106631653504829e-46
1.447000000000000000e+03 2.388778547476941625e-46
1.447125000000000000e+03 2.472124709216455635e-46
1.447250000000000000e+03 2.268140503275334610e-46
1.447375000000000000e+03 2.449852133565545229e-46
1.447500000000000000e+03 2.455567664606486209e-46
1.447625000000000000e+03 2.346957286285348852e-46
1.447750000000000000e+03 3.013726291749911080e-46
1.447875000000000000e+03 2.521902390773087379e-46
1.448000000000000000e+03 2.685077256790063573e-46
1.448125000000000000e+03 2.190357013134382133e-46
1.448250000000000000e+03 2.615972019039444022e-46
1.448375000000000000e+03 2.929739586835840348e-46
1.448500000000000000e+03 2.165589610580998137e-46
1.448625000000000000e+03 2.054589743535011553e-46
1.448750000000000000e+03 2.686342404749305904e-46
1.448875000000000000e+03 2.024343298841767851e-46
1.449000000000000000e+03 2.227148684105259458e-46
1.449125000000000000e+03 2.499157017491535604e-46
1.449250000000000000e+03 2.486663264804697113e-46
1.449375000000000000e+03 2.568717910854932386e-46
1.449500000000000000e+03 2.669400877825228793e-46
1.449625000000000000e+03 2.002790128318235481e-46
1.449750000000000000e+03 2.386045646909461607e-46
1.449875000000000000e+03 1.984945965913496381e-46
1.450000000000000000e+03 1.793735627920261103e-46
1.450125000000000000e+03 2.575228612603274443e-46
1.450250000000000000e+03 2.269457885042627989e-46
1.450375000000000000e+03 2.492463994279445405e-46
1.450500000000000000e+03 3.229135396431506157e-46
1.450625000000000000e+03 2.343194587018218304e-46
1.450750000000000000e+03 2.045910023025089525e-46
1.450875000000000000e+03 2.199009565003500164e-46
1.451000000000000000e+03 2.726207180113409277e-46
1.451125000000000000e+03 2.010498965557910968e-46
1.451250000000000000e+03 2.604261442652981562e-46
1.451375000000000000e+03 2.401137584877443922e-46
1.451500000000000000e+03 1.931705085506156526e-46
1.451625000000000000e+03 2.648567621184418462e-46
1.451750000000000000e+03 2.476167617086752656e-46
1.451875000000000000e+03 2.509450383515724007e-46
1.452000000000000000e+03 2.314656570725847369e-46
1.452125000000000000e+03 2.263375212832629722e-46
1.452250000000000000e+03 2.687636677387368901e-46
1.452375000000000000e+03 2.125983691070225090e-46
1.452500000000000000e+03 2.211864874128145996e-46
1.452625000000000000e+03 1.967792117173101698e-46
1.452750000000000000e+03 2.386003683988056339e-46
1.452875000000000000e+03 2.376055014288388758e-46
1.453000000000000000e+03 2.848536847146550463e-46
1.453125000000000000e+03 1.886831855248278724e-46
1.453250000000000000e+03 1.926591659550261724e-46
1.453375000000000000e+03 2.782133240126279828e-46
1.453500000000000000e+03 2.441522878519846542e-46
1.453625000000000000e+03 2.631852161796042078e-46
1.453750000000000000e+03 2.229965413437027799e-46
1.453875000000000000e+03 2.850182518881206206e-46
1.454000000000000000e+03 3.039672743446523283e-46
1.454125000000000000e+03 2.407677330001850158e-46
1.454250000000000000e+03 2.354386622036954220e-46
1.454375000000000000e+03 2.600662422686072984e-46
1.454500000000000000e+03 2.847048799122105527e-46
1.454625000000000000e+03 2.777686809205543570e-46
1.454750000000000000e+03 2.285161510290005083e-46
1.454875000000000000e+03 2.320344586688224127e-46
1.455000000000000000e+03 2.135057591493935949e-46
1.455125000000000000e+03 2.272120329096070648e-46
1.455250000000000000e+03 2.569254456063555432e-46
1.455375000000000000e+03 2.421588158531863155e-46
1.455500000000000000e+03 2.006206010877721433e-46
1.455625000000000000e+03 2.306350616818117269e-46
1.455750000000000000e+03 1.751901739338581641e-46
1.455875000000000000e+03 2.440754339718779544e-46
1.456000000000000000e+03 2.375831344644282244e-46
1.456125000000000000e+03 2.167999124332437508e-46
1.456250000000000000e+03 2.519094830296427991e-46
1.456375000000000000e+03 2.495614264200034506e-46
1.456500000000000000e+03 2.509931085019436121e-46
1.456625000000000000e+03 2.570224768603378419e-46
1.456750000000000000e+03 1.818147737483735040e-46
1.456875000000000000e+03 2.018226409141016632e-46
1.457000000000000000e+03 2.796847238909940988e-46
1.457125000000000000e+03 2.245106075056458032e-46
1.457250000000000000e+03 2.001451690391944788e-46
1.457375000000000000e+03 1.908003061045674569e-46
1.457500000000000000e+03 2.078366703131154280e-46
1.457625000000000000e+03 2.878471659153915446e-46
1.457750000000000000e+03 2.830070164474006767e-46
1.457875000000000000e+03 2.166937579202465032e-46
1.458000000000000000e+03 2.266215261840017405e-46
1.458125000000000000e+03 1.940901605958345357e-46
1.458250000000000000e+03 2.758752746533097197e-46
1.458375000000000000e+03 2.266279778041614139e-46
1.458500000000000000e+03 2.434193204647535251e-46
1.458625000000000000e+03 2.250615867868044965e-46
1.458750000000000000e+03 2.751895105350275286e-46
1.458875000000000000e+03 2.323466992429498354e-46
1.459000000000000000e+03 2.707016536757784945e-46
1.459125000000000000e+03 2.768108200868906692e-46
1.459250000000000000e+03 2.700580320910248615e-46
1.459375000000000000e+03 2.151623866983232750e-46
1.459500000000000000e+03 2.049450876880810240e-46
1.459625000000000000e+03 2.237596542924331938e-46
1.459750000000000000e+03 2.756090792378368469e-46
1.459875000000000000e+03 2.436716049723700013e-46
1.460000000000000000e+03 2.805134957457949418e-46
1.460125000000000000e+03 3.015066695893086682e-46
1.460250000000000000e+03 2.286169252909394539e-46
1.460375000000000000e+03 2.496521556350577443e-46
1.460500000000000000e+03 3.146397781683846034e-46
1.460625000000000000e+03 3.652121249505690253e-46
1.460750000000000000e+03 4.574825891272703344e-46
1.460875000000000000e+03 4.606819839693521476e-46
1.461000000000000000e+03 7.035318991869050115e-46
1.461125000000000000e+03 1.687195202814536047e-45
1.461250000000000000e+03 4.044603398516154772e-44
1.461375000000000000e+03 2.147906811401145608e-44
1.461500000000000000e+03 1.253382855826088058e-43
1.461625000000000000e+03 3.919848934493065026e-43
1.461750000000000000e+03 1.772505173809459947e-44
1.461875000000000000e+03 1.048962110121719674e-44
1.462000000000000000e+03 1.293588178979492903e-45
1.462125000000000000e+03 1.227606376859073315e-45
1.462250000000000000e+03 9.821199128004262330e-46
1.462375000000000000e+03 6.010633213857159883e-46
1.462500000000000000e+03 4.001433916340965058e-46
1.462625000000000000e+03 2.882091186755817472e-46
1.462750000000000000e+03 1.937274169337359393e-46
1.462875000000000000e+03 2.075203275665325702e-46
1.463000000000000000e+03 2.469296017840115212e-46
1.463125000000000000e+03 2.770521031965996643e-46
1.463250000000000000e+03 2.478767820646415578e-46
1.463375000000000000e+03 2.109896382430086539e-46
1.463500000000000000e+03 2.537328947045634886e-46
1.463625000000000000e+03 2.394258501171506791e-46
1.463750000000000000e+03 3.045592795178813663e-46
1.463875000000000000e+03 5.799216069785219537e-46
1.464000000000000000e+03 7.111121713391249842e-46
1.464125000000000000e+03 6.600525699363554946e-46
1.464250000000000000e+03 5.936561157504700685e-46
1.464375000000000000e+03 1.619399597200809226e-45
1.464500000000000000e+03 1.771396984380641851e-43
1.464625000000000000e+03 3.344951861862559024e-44
1.464750000000000000e+03 8.741079243532446655e-45
1.464875000000000000e+03 2.849870255833114321e-45
1.465000000000000000e+03 3.933627945501660209e-43
1.465125000000000000e+03 5.104030193841967571e-44
1.465250000000000000e+03 1.452188834842836301e-44
1.465375000000000000e+03 5.842531189648660305e-45
1.465500000000000000e+03 2.018479420684391027e-45
1.465625000000000000e+03 6.205883497544310285e-46
1.465750000000000000e+03 2.858568358465586535e-46
1.465875000000000000e+03 2.504203216151908837e-46
1.466000000000000000e+03 2.604312395768229624e-46
1.466125000000000000e+03 2.084666087125101153e-46
1.466250000000000000e+03 2.651784535554628370e-46
1.466375000000000000e+03 2.261984844051265767e-46
1.466500000000000000e+03 3.399498169189816183e-46
1.466625000000000000e+03 7.537439679794465007e-46
1.466750000000000000e+03 1.871286037110769041e-45
1.466875000000000000e+03 7.355421054812920637e-45
1.467000000000000000e+03 1.767204294600805202e-44
1.467125000000000000e+03 2.269244211133663854e-45
1.467250000000000000e+03 3.189126953784014950e-46
1.467375000000000000e+03 3.669530065727068117e-43
1.467500000000000000e+03 2.903621466397985333e-44
1.467625000000000000e+03 1.096575528676866152e-44
1.467750000000000000e+03 4.863428630559966554e-45
1.467875000000000000e+03 2.025793165257720583e-45
1.468000000000000000e+03 1.512597692775846625e-45
1.468125000000000000e+03 6.140768518303008494e-45
1.468250000000000000e+03 2.210768657596466249e-44
1.468375000000000000e+03 7.235539145290565367e-44
1.468500000000000000e+03 4.112628972899230139e-43
1.468625000000000000e+03 1.394897523879497225e-42
1.468750000000000000e+03 1.823216800991775996e-44
1.468875000000000000e+03 7.435340078405332548e-46
1.469000000000000000e+03 2.389347727377394566e-45
1.469125000000000000e+03 3.846530313290354245e-45
1.469250000000000000e+03 3.182399740957319954e-45
1.469375000000000000e+03 1.921253465765416613e-45
1.469500000000000000e+03 9.395170578196123150e-46
1.469625000000000000e+03 4.646526885812773577e-46
1.469750000000000000e+03 6.812935828066864240e-46
1.469875000000000000e+03 1.480124142858812197e-45
1.470000000000000000e+03 1.066391051414564859e-44
1.470125000000000000e+03 1.045952157589018138e-44
1.470250000000000000e+03 4.218166821479297190e-44
1.470375000000000000e+03 8.621065432311823397e-45
1.470500000000000000e+03 2.119992259385907364e-44
1.470625000000000000e+03 2.801890027829130847e-43
1.470750000000000000e+03 3.016245893709734490e-45
1.470875000000000000e+03 2.663204521595237263e-44
1.471000000000000000e+03 4.275772246146111112e-43
1.471125000000000000e+03 3.193475301489954588e-43
1.471250000000000000e+03 1.486217113709355816e-43
1.471375000000000000e+03 4.939344379642207686e-44
1.471500000000000000e+03 1.104897588509358030e-44
1.471625000000000000e+03 3.976915568433568271e-44
1.471750000000000000e+03 6.889208675679580057e-44
1.471875000000000000e+03 1.165678139039272069e-44
1.472000000000000000e+03 1.040594276012987344e-44
1.472125000000000000e+03 5.095173301251130664e-45
1.472250000000000000e+03 6.034611895680546973e-45
1.472375000000000000e+03 7.245797453404362938e-44
1.472500000000000000e+03 5.254389893027948272e-43
1.472625000000000000e+03 7.352903095920802662e-42
1.472750000000000000e+03 8.023528537667571809e-42
1.472875000000000000e+03 8.402853260587489631e-43
1.473000000000000000e+03 1.313939601667074714e-43
1.473125000000000000e+03 2.373244762732967622e-44
1.473250000000000000e+03 6.506384362923068440e-45
1.473375000000000000e+03 7.664419109789004400e-45
1.473500000000000000e+03 7.351578323162052603e-45
1.473625000000000000e+03 5.159083228381708295e-45
1.473750000000000000e+03 1.983180146032083815e-45
1.473875000000000000e+03 7.406701963089375472e-46
1.474000000000000000e+03 2.926734388551814403e-46
1.474125000000000000e+03 3.090643430398645572e-46
1.474250000000000000e+03 2.164208092523285017e-46
1.474375000000000000e+03 2.291785838370771611e-46
1.474500000000000000e+03 2.991409416713861450e-46
1.474625000000000000e+03 2.290721902129000378e-46
1.474750000000000000e+03 2.922453750599536819e-46
1.474875000000000000e+03 2.705655666312521657e-46
1.475000000000000000e+03 2.683899900574716339e-46
1.475125000000000000e+03 2.532025022280207629e-46
1.475250000000000000e+03 2.540201083170560617e-46
1.475375000000000000e+03 2.681185466347644802e-46
1.475500000000000000e+03 2.319958711585290982e-46
1.475625000000000000e+03 3.181095924448037301e-46
1.475750000000000000e+03 2.263493608976106030e-46
1.475875000000000000e+03 2.123812133193944057e-46
1.476000000000000000e+03 3.002082336857966547e-46
1.476125000000000000e+03 2.026430614332913137e-46
1.476250000000000000e+03 2.225254740305752828e-46
1.476375000000000000e+03 2.280174930769473083e-46
1.476500000000000000e+03 2.130541322660666867e-46
1.476625000000000000e+03 2.465439258299358215e-46
1.476750000000000000e+03 2.459742338251425006e-46
1.476875000000000000e+03 2.468446326801158415e-46
1.477000000000000000e+03 2.374422393281054487e-46
1.477125000000000000e+03 2.252541850271193353e-46
1.477250000000000000e+03 2.538685707621135012e-46
1.477375000000000000e+03 3.318674040491291381e-46
1.477500000000000000e+03 1.796343286847650585e-46
1.477625000000000000e+03 1.492166987164096336e-46
1.477750000000000000e+03 2.527671949703544028e-46
1.477875000000000000e+03 2.251465419366745262e-46
1.478000000000000000e+03 2.087943139170279847e-46
1.478125000000000000e+03 2.489859858946471778e-46
1.478250000000000000e+03 1.929323504642856333e-46
1.478375000000000000e+03 2.412106951828297047e-46
1.478500000000000000e+03 2.192439573088597385e-46
1.478625000000000000e+03 2.447087139176679719e-46
1.478750000000000000e+03 2.317977035192330501e-46
1.478875000000000000e+03 1.918547005497381038e-46
1.479000000000000000e+03 2.469390424155437690e-46
1.479125000000000000e+03 2.085452468675362767e-46
1.479250000000000000e+03 2.747917516374981714e-46
1.479375000000000000e+03 2.539615058866318617e-46
1.479500000000000000e+03 2.448373980526909598e-46
1.479625000000000000e+03 2.259505434711749341e-46
1.479750000000000000e+03 2.768789798682761781e-46
1.479875000000000000e+03 2.480482737262602790e-46
1.480000000000000000e+03 2.588568831855683600e-46
1.480125000000000000e+03 2.875889547057010758e-46
1.480250000000000000e+03 2.461338254250793522e-46
1.480375000000000000e+03 2.321465167927711015e-46
1.480500000000000000e+03 2.222649596241270282e-46
1.480625000000000000e+03 2.454363858199561133e-46
1.480750000000000000e+03 2.651231559763663908e-46
1.480875000000000000e+03 2.796150838321885933e-46
1.481000000000000000e+03 3.056239545607729916e-46
1.481125000000000000e+03 2.861788896946201356e-46
1.481250000000000000e+03 2.944673257834280502e-46
1.481375000000000000e+03 7.137806306059806048e-46
1.481500000000000000e+03 3.180846096800550820e-45
1.481625000000000000e+03 1.144666737362953395e-44
1.481750000000000000e+03 3.186313389250468338e-44
1.481875000000000000e+03 1.389852351298361318e-43
1.482000000000000000e+03 7.141970352560720835e-43
1.482125000000000000e+03 4.588137941155939109e-45
1.482250000000000000e+03 4.457306620029776133e-46
1.482375000000000000e+03 2.331537019089532232e-45
1.482500000000000000e+03 4.857106107707635274e-45
1.482625000000000000e+03 3.622904982853642514e-45
1.482750000000000000e+03 9.634045874616285645e-46
1.482875000000000000e+03 4.557508830330134702e-46
1.483000000000000000e+03 2.805235707417150338e-46
1.483125000000000000e+03 2.572482377589372982e-46
1.483250000000000000e+03 2.467943133761575255e-46
1.483375000000000000e+03 2.700310836377290351e-46
1.483500000000000000e+03 2.706868960594124040e-46
1.483625000000000000e+03 3.548239428029377555e-46
1.483750000000000000e+03 2.961611703835207955e-46
1.483875000000000000e+03 2.293770800202331521e-46
1.484000000000000000e+03 2.398706898323118075e-46
1.484125000000000000e+03 2.792006016349601539e-46
1.484250000000000000e+03 2.350584064140202291e-46
1.484375000000000000e+03 2.595738318788820643e-46
1.484500000000000000e+03 2.687314454599693679e-46
1.484625000000000000e+03 2.184621665518211701e-46
1.484750000000000000e+03 2.863697289739444755e-46
1.484875000000000000e+03 2.746322532228238350e-46
1.485000000000000000e+03 2.649789489704069708e-46
1.485125000000000000e+03 2.489889017731989692e-46
1.485250000000000000e+03 2.711732323517506487e-46
1.485375000000000000e+03 2.153031008274743047e-46
1.485500000000000000e+03 2.745821899270239198e-46
1.485625000000000000e+03 2.108158236777468685e-46
1.485750000000000000e+03 1.778328816792041955e-46
1.485875000000000000e+03 2.870609048266948257e-46
1.486000000000000000e+03 2.038896420355918389e-46
1.486125000000000000e+03 2.495988966521496460e-46
1.486250000000000000e+03 2.547456580543608932e-46
1.486375000000000000e+03 2.091770898544556257e-46
1.486500000000000000e+03 2.438957953586952266e-46
1.486625000000000000e+03 2.456729398474095963e-46
1.486750000000000000e+03 2.688088963606832809e-46
1.486875000000000000e+03 2.885336857788311338e-46
1.487000000000000000e+03 2.416958897278695752e-46
1.487125000000000000e+03 2.238593509317836790e-46
1.487250000000000000e+03 2.517814433567518921e-46
1.487375000000000000e+03 2.031244870841217825e-46
1.487500000000000000e+03 2.362206015565391713e-46
1.487625000000000000e+03 1.664538494695902673e-46
1.487750000000000000e+03 2.634688535201377630e-46
1.487875000000000000e+03 2.173014404672635764e-46
1.488000000000000000e+03 2.623646679469434027e-46
1.488125000000000000e+03 2.286391895538474154e-46
1.488250000000000000e+03 2.263855161980167888e-46
1.488375000000000000e+03 2.780002660901469450e-46
1.488500000000000000e+03 2.316823997877902621e-46
1.488625000000000000e+03 2.238417896131832546e-46
1.488750000000000000e+03 2.073658488977585617e-46
1.488875000000000000e+03 2.444296913850675421e-46
1.489000000000000000e+03 1.890831493211236886e-46
1.489125000000000000e+03 1.980788284409761349e-46
1.489250000000000000e+03 2.613367208786679928e-46
1.489375000000000000e+03 2.486895713486121151e-46
1.489500000000000000e+03 1.851873567945231561e-46
1.489625000000000000e+03 2.737102941963300316e-46
1.489750000000000000e+03 2.735860439662067722e-46
1.489875000000000000e+03 2.608177413524311046e-46
1.490000000000000000e+03 1.927815263556979483e-46
1.490125000000000000e+03 2.248783415559294947e-46
1.490250000000000000e+03 2.592946717325017488e-46
1.490375000000000000e+03 2.361725575407873997e-46
1.490500000000000000e+03 2.610201439657546209e-46
1.490625000000000000e+03 2.193431659155921947e-46
1.490750000000000000e+03 1.999658798987483127e-46
1.490875000000000000e+03 2.884611888330010934e-46
1.491000000000000000e+03 2.532043956179938906e-46
1.491125000000000000e+03 2.716574462321325427e-46
1.491250000000000000e+03 3.788355037592069502e-46
1.491375000000000000e+03 6.557188067091048070e-46
1.491500000000000000e+03 9.799755105001587868e-46
1.491625000000000000e+03 1.427203174333914305e-45
1.491750000000000000e+03 1.331530594221719120e-45
1.491875000000000000e+03 3.949968627557430296e-46
1.492000000000000000e+03 1.746752593971675827e-43
1.492125000000000000e+03 1.193025710971988876e-44
1.492250000000000000e+03 4.839456364386319715e-45
1.492375000000000000e+03 5.167136613947878419e-45
1.492500000000000000e+03 1.251030405952126609e-45
1.492625000000000000e+03 5.329732767766512622e-46
1.492750000000000000e+03 3.797756579884870146e-46
1.492875000000000000e+03 2.596200953248076704e-46
1.493000000000000000e+03 2.653671616185139840e-46
1.493125000000000000e+03 1.912962708333980275e-46
1.493250000000000000e+03 2.193770229372793786e-46
1.493375000000000000e+03 2.812042889824004853e-46
1.493500000000000000e+03 2.487416829784630906e-46
1.493625000000000000e+03 2.388177623961444695e-46
1.493750000000000000e+03 3.096359613582959080e-46
1.493875000000000000e+03 4.820940760117386159e-46
1.494000000000000000e+03 8.868034091911103828e-46
1.494125000000000000e+03 1.433482699083578309e-45
1.494250000000000000e+03 3.679697582493186719e-45
1.494375000000000000e+03 5.443247159445779802e-44
1.494500000000000000e+03 4.890420124468404828e-46
1.494625000000000000e+03 6.495199741311114873e-46
1.494750000000000000e+03 4.981954915013380798e-46
1.494875000000000000e+03 5.327994415385163106e-46
1.495000000000000000e+03 3.478930269645490151e-46
1.495125000000000000e+03 2.418091704192850567e-46
1.495250000000000000e+03 2.356410451353781383e-46
1.495375000000000000e+03 2.315025889054829629e-46
1.495500000000000000e+03 2.655557200654854329e-46
1.495625000000000000e+03 2.966492067951894091e-46
1.495750000000000000e+03 2.235371034055200102e-46
1.495875000000000000e+03 2.209370951109902068e-46
1.496000000000000000e+03 3.533443743896377894e-46
1.496125000000000000e+03 6.690099698469622819e-46
1.496250000000000000e+03 1.399951134071322989e-45
1.496375000000000000e+03 2.016559994252698812e-45
1.496500000000000000e+03 1.772857076938920401e-45
1.496625000000000000e+03 5.022357217539577288e-46
1.496750000000000000e+03 2.274110278795864424e-45
1.496875000000000000e+03 2.439483359698081261e-44
1.497000000000000000e+03 1.498770553240563618e-43
1.497125000000000000e+03 1.770745501916662623e-42
1.497250000000000000e+03 2.051693698171649836e-42
1.497375000000000000e+03 1.347694140703674225e-43
1.497500000000000000e+03 1.728507110016156334e-44
1.497625000000000000e+03 6.510470543658350552e-46
1.497750000000000000e+03 1.051121488758819413e-45
1.497875000000000000e+03 2.907999364433260903e-45
1.498000000000000000e+03 2.699763229735247389e-45
1.498125000000000000e+03 1.508447018597262043e-45
1.498250000000000000e+03 8.157954944754165333e-46
1.498375000000000000e+03 3.402019001823034527e-46
1.498500000000000000e+03 4.623256850013979247e-46
1.498625000000000000e+03 4.570993759977477586e-46
1.498750000000000000e+03 4.031240718194840128e-46
1.498875000000000000e+03 2.311153330856957661e-46
1.499000000000000000e+03 9.389647140076850219e-46
1.499125000000000000e+03 4.977665425709270880e-45
1.499250000000000000e+03 1.928907870208170651e-44
1.499375000000000000e+03 6.388903824923872695e-44
1.499500000000000000e+03 3.488713327481622642e-43
1.499625000000000000e+03 1.257942800561615514e-42
1.499750000000000000e+03 1.931857030150492731e-44
1.499875000000000000e+03 1.030001816409863588e-45
1.500000000000000000e+03 4.542305605552635743e-45
1.500125000000000000e+03 5.802545835018075566e-45
1.500250000000000000e+03 2.671206800478679945e-44
1.500375000000000000e+03 6.523196771979011153e-43
1.500500000000000000e+03 3.388097073501391648e-43
1.500625000000000000e+03 4.306239693706676967e-44
1.500750000000000000e+03 1.022844496845276271e-44
1.500875000000000000e+03 5.341279314947172038e-45
1.501000000000000000e+03 2.350013263807575065e-46
1.501125000000000000e+03 3.731108399410697322e-46
1.501250000000000000e+03 5.215786777510529333e-46
1.501375000000000000e+03 4.955719284397818792e-46
1.501500000000000000e+03 3.726758969393959826e-46
1.501625000000000000e+03 2.569250169158392311e-46
1.501750000000000000e+03 2.814672993770671902e-46
1.501875000000000000e+03 2.736163315747121259e-46
1.502000000000000000e+03 2.461252950412025605e-46
1.502125000000000000e+03 2.185351107315393682e-46
1.502250000000000000e+03 2.369883391736341266e-46
1.502375000000000000e+03 2.375088129686792950e-46
1.502500000000000000e+03 2.791739995484501308e-46
1.502625000000000000e+03 2.319967909044861484e-46
1.502750000000000000e+03 3.239143012304678785e-46
1.502875000000000000e+03 3.219270546817744710e-46
1.503000000000000000e+03 2.774728861395560100e-46
1.503125000000000000e+03 2.393874958713296021e-46
1.503250000000000000e+03 2.889445764009745494e-46
1.503375000000000000e+03 2.495504001229284470e-46
1.503500000000000000e+03 1.905806282658975965e-46
1.503625000000000000e+03 2.589791635997552670e-46
1.503750000000000000e+03 3.062813201634954751e-46
1.503875000000000000e+03 2.587722768852730714e-46
1.504000000000000000e+03 2.062725290971484762e-46
1.504125000000000000e+03 2.903305642863947636e-46
1.504250000000000000e+03 3.072783693432508842e-46
1.504375000000000000e+03 2.484678959925139038e-46
1.504500000000000000e+03 2.621940798992344555e-46
1.504625000000000000e+03 2.640224488489739905e-46
1.504750000000000000e+03 2.663641198502686148e-46
1.504875000000000000e+03 2.594268315689706973e-46
1.505000000000000000e+03 2.767791944776033740e-46
1.505125000000000000e+03 3.345335415383268447e-46
1.505250000000000000e+03 3.094581763079476443e-46
1.505375000000000000e+03 2.721397518934510416e-46
1.505500000000000000e+03 2.060788420999069544e-46
1.505625000000000000e+03 2.364527549425580317e-46
1.505750000000000000e+03 2.329718240865812749e-46
1.505875000000000000e+03 3.445818754877942545e-46
1.506000000000000000e+03 2.315914597405229063e-46
1.506125000000000000e+03 2.079397395249654719e-46
1.506250000000000000e+03 2.512070722655033635e-46
1.506375000000000000e+03 2.760609054325541860e-46
1.506500000000000000e+03 2.320690237940257077e-46
1.506625000000000000e+03 2.744748183388675367e-46
1.506750000000000000e+03 2.655051065305187238e-46
1.506875000000000000e+03 2.329929305886427873e-46
1.507000000000000000e+03 2.938987082714055341e-46
1.507125000000000000e+03 2.617369624060259021e-46
1.507250000000000000e+03 3.117619935857593106e-46
1.507375000000000000e+03 2.976172358091585313e-46
1.507500000000000000e+03 2.454410431271630091e-46
1.507625000000000000e+03 2.420019621622957824e-46
1.507750000000000000e+03 2.307011205260949941e-46
1.507875000000000000e+03 2.698259265892059162e-46
1.508000000000000000e+03 2.026937601466566170e-46
1.508125000000000000e+03 2.272971335292202484e-46
1.508250000000000000e+03 2.920996758446037431e-46
1.508375000000000000e+03 3.008888013540312566e-46
1.508500000000000000e+03 2.104040328975653255e-46
1.508625000000000000e+03 2.669103557416515748e-46
1.508750000000000000e+03 2.946116679619452820e-46
1.508875000000000000e+03 2.999629536694924527e-46
1.509000000000000000e+03 2.670563913173759418e-46
1.509125000000000000e+03 2.714569567859677470e-46
1.509250000000000000e+03 2.631649140043540527e-46
1.509375000000000000e+03 3.569656648824021893e-46
1.509500000000000000e+03 2.063405560707943993e-46
1.509625000000000000e+03 2.585585279354365268e-46
1.509750000000000000e+03 2.674386492657003088e-46
1.509875000000000000e+03 2.773433697938754829e-46
1.510000000000000000e+03 2.469951345407101066e-46
1.510125000000000000e+03 2.708706696462037451e-46
1.510250000000000000e+03 2.259969669854229742e-46
1.510375000000000000e+03 2.688992816868992420e-46
1.510500000000000000e+03 2.555949289502272101e-46
1.510625000000000000e+03 3.183718580424468965e-46
1.510750000000000000e+03 2.799442253051104442e-46
1.510875000000000000e+03 2.564107072956823003e-46
1.511000000000000000e+03 2.621098977861850583e-46
1.511125000000000000e+03 2.568427673346017523e-46
1.511250000000000000e+03 2.249999416120864789e-46
1.511375000000000000e+03 2.401322518733784763e-46
1.511500000000000000e+03 2.477919570019968472e-46
1.511625000000000000e+03 2.868640802051747026e-46
1.511750000000000000e+03 2.877638709975925530e-46
1.511875000000000000e+03 2.300499101002888434e-46
1.512000000000000000e+03 2.504020005591843648e-46
1.512125000000000000e+03 2.599594722745801298e-46
1.512250000000000000e+03 2.282288668132788045e-46
1.512375000000000000e+03 2.022825322529989860e-46
1.512500000000000000e+03 2.944385779077177565e-46
1.512625000000000000e+03 2.241424553704013844e-46
1.512750000000000000e+03 2.271018386962593172e-46
1.512875000000000000e+03 2.271120655564942372e-46
1.513000000000000000e+03 2.708471821265620625e-46
1.513125000000000000e+03 2.718960259971656837e-46
1.513250000000000000e+03 2.906905206193988270e-46
1.513375000000000000e+03 2.575400633401022417e-46
1.513500000000000000e+03 2.352055736354046430e-46
1.513625000000000000e+03 2.884609759113878210e-46
1.513750000000000000e+03 2.790074047792046022e-46
1.513875000000000000e+03 2.396756962071301163e-46
1.514000000000000000e+03 2.958592851095186715e-46
1.514125000000000000e+03 2.006288335172490917e-46
1.514250000000000000e+03 2.588568219870100358e-46
1.514375000000000000e+03 2.344158183895047668e-46
1.514500000000000000e+03 3.213871389699101982e-46
1.514625000000000000e+03 2.042090074282012365e-46
1.514750000000000000e+03 2.962037038315432223e-46
1.514875000000000000e+03 2.558062345604716328e-46
1.515000000000000000e+03 3.095259740036763951e-46
1.515125000000000000e+03 2.778251902142203343e-46
1.515250000000000000e+03 3.037472811389034458e-46
1.515375000000000000e+03 2.603339154222023618e-46
1.515500000000000000e+03 2.472449754830238686e-46
1.515625000000000000e+03 2.498853070391051962e-46
1.515750000000000000e+03 2.698450612524459924e-46
1.515875000000000000e+03 2.392392064299900893e-46
1.516000000000000000e+03 2.873013097509505271e-46
1.516125000000000000e+03 2.377945717913063833e-46
1.516250000000000000e+03 3.608734388910660227e-46
1.516375000000000000e+03 2.557994045294087373e-46
1.516500000000000000e+03 2.333091732769049389e-46
1.516625000000000000e+03 2.748846556623816215e-46
1.516750000000000000e+03 2.465333279467616117e-46
1.516875000000000000e+03 3.376233908731728069e-46
1.517000000000000000e+03 2.169185948318261319e-46
1.517125000000000000e+03 2.466247724686748375e-46
1.517250000000000000e+03 2.647826651669653541e-46
1.517375000000000000e+03 2.608623012410396021e-46
1.517500000000000000e+03 2.899208096803076433e-46
1.517625000000000000e+03 3.132411244477788621e-46
1.517750000000000000e+03 3.302287633126134150e-46
1.517875000000000000e+03 2.249345573440199164e-46
1.518000000000000000e+03 3.234699338418689574e-46
1.518125000000000000e+03 2.352559292140727375e-46
1.518250000000000000e+03 2.960853251623917493e-46
1.518375000000000000e+03 3.019921927245133549e-46
1.518500000000000000e+03 2.094163804636948600e-46
1.518625000000000000e+03 1.967321002997894978e-46
1.518750000000000000e+03 2.535793104951849108e-46
1.518875000000000000e+03 2.696906111524786122e-46
1.519000000000000000e+03 2.778480166410134653e-46
1.519125000000000000e+03 2.512438306355731712e-46
1.519250000000000000e+03 2.223750312338056712e-46
1.519375000000000000e+03 1.877040270445186232e-46
1.519500000000000000e+03 2.254232199596907052e-46
1.519625000000000000e+03 2.416858242043031650e-46
1.519750000000000000e+03 2.516127740378635054e-46
1.519875000000000000e+03 2.539396310668050591e-46
1.520000000000000000e+03 2.870065305110816781e-46
1.520125000000000000e+03 2.550275425057915123e-46
1.520250000000000000e+03 2.827754606023756527e-46
1.520375000000000000e+03 2.950325021853889072e-46
1.520500000000000000e+03 2.358847383565232659e-46
1.520625000000000000e+03 2.352420330008122351e-46
1.520750000000000000e+03 2.053250603911369551e-46
1.520875000000000000e+03 1.942882831466981866e-46
1.521000000000000000e+03 2.495144042101377187e-46
1.521125000000000000e+03 2.608247266785546616e-46
1.521250000000000000e+03 2.306201719177606284e-46
1.521375000000000000e+03 3.230063779383499378e-46
1.521500000000000000e+03 3.059582262700721971e-46
1.521625000000000000e+03 2.835467089489396314e-46
1.521750000000000000e+03 2.535609519457167411e-46
1.521875000000000000e+03 2.338064244551250865e-46
1.522000000000000000e+03 2.807604475791856272e-46
1.522125000000000000e+03 2.094592215021047265e-46
1.522250000000000000e+03 2.868777880806134973e-46
1.522375000000000000e+03 2.241284902664826389e-46
1.522500000000000000e+03 2.280276290533104782e-46
1.522625000000000000e+03 2.564096602507397783e-46
1.522750000000000000e+03 2.234397733505722104e-46
1.522875000000000000e+03 2.848791005203264518e-46
1.523000000000000000e+03 2.572725926162527040e-46
1.523125000000000000e+03 2.353069076287631670e-46
1.523250000000000000e+03 1.908354275986540337e-46
1.523375000000000000e+03 2.658459337886499987e-46
1.523500000000000000e+03 2.706085468413583516e-46
1.523625000000000000e+03 2.443134862414417829e-46
1.523750000000000000e+03 2.327498046414211203e-46
1.523875000000000000e+03 2.296990649890261425e-46
1.524000000000000000e+03 3.187427353772045807e-46
1.524125000000000000e+03 2.235845861982801911e-46
1.524250000000000000e+03 2.116564825714029469e-46
1.524375000000000000e+03 2.314207114943277870e-46
1.524500000000000000e+03 2.713080458980375783e-46
1.524625000000000000e+03 2.461281653561279965e-46
1.524750000000000000e+03 2.915206686140751853e-46
1.524875000000000000e+03 2.554130203971374761e-46
1.525000000000000000e+03 2.700792758720044072e-46
1.525125000000000000e+03 2.572329443988635858e-46
1.525250000000000000e+03 2.621828723475724809e-46
1.525375000000000000e+03 2.222272834846508212e-46
1.525500000000000000e+03 2.195121528687539661e-46
1.525625000000000000e+03 2.649295084872578843e-46
1.525750000000000000e+03 2.987931726375256484e-46
1.525875000000000000e+03 2.864172380395570625e-46
1.526000000000000000e+03 2.928321110075494179e-46
1.526125000000000000e+03 2.205178000478696251e-46
1.526250000000000000e+03 2.680474795512949685e-46
1.526375000000000000e+03 2.789126815186341763e-46
1.526500000000000000e+03 2.608199765686163722e-46
1.526625000000000000e+03 2.495250416152302840e-46
1.526750000000000000e+03 2.068295827460150585e-46
1.526875000000000000e+03 2.634782731406451175e-46
1.527000000000000000e+03 2.520161617957171626e-46
1.527125000000000000e+03 2.629036975595723396e-46
1.527250000000000000e+03 2.691474280852899880e-46
1.527375000000000000e+03 3.003424160967961982e-46
1.527500000000000000e+03 2.555664694969795734e-46
1.527625000000000000e+03 2.318493152827016954e-46
1.527750000000000000e+03 2.784757159969535967e-46
1.527875000000000000e+03 2.117512257356503856e-46
1.528000000000000000e+03 3.160215310145339347e-46
1.528125000000000000e+03 2.961903457383392317e-46
1.528250000000000000e+03 3.020401575887548882e-46
1.528375000000000000e+03 2.126017203904613306e-46
1.528500000000000000e+03 2.833936981164717904e-46
1.528625000000000000e+03 2.997625015001960552e-46
1.528750000000000000e+03 2.526937228584167387e-46
1.528875000000000000e+03 2.616290245895960873e-46
1.529000000000000000e+03 2.783951199938048506e-46
1.529125000000000000e+03 2.272791584338838054e-46
1.529250000000000000e+03 2.894982394046052881e-46
1.529375000000000000e+03 2.875138818185140158e-46
1.529500000000000000e+03 2.512482818234087831e-46
1.529625000000000000e+03 2.326366243372932905e-46
1.529750000000000000e+03 2.169135405871726408e-46
1.529875000000000000e+03 2.164800908233960040e-46
1.530000000000000000e+03 2.542482407202730590e-46
1.530125000000000000e+03 2.772097954193620788e-46
1.530250000000000000e+03 3.028539233444301145e-46
1.530375000000000000e+03 2.929654543667655841e-46
1.530500000000000000e+03 1.928566530104562341e-46
1.530625000000000000e+03 2.838358213481017271e-46
1.530750000000000000e+03 2.243236871559688669e-46
1.530875000000000000e+03 2.637647566218335441e-46
1.531000000000000000e+03 2.093684909459866732e-46
1.531125000000000000e+03 2.998838198391604461e-46
1.531250000000000000e+03 3.380636831325918366e-46
1.531375000000000000e+03 2.866190170793506176e-46
1.531500000000000000e+03 2.858929116426849721e-46
1.531625000000000000e+03 2.934529005751956451e-46
1.531750000000000000e+03 2.625533039681386652e-46
1.531875000000000000e+03 2.595447017326603111e-46
1.532000000000000000e+03 2.418805543421126998e-46
1.532125000000000000e+03 2.453775558816984245e-46
1.532250000000000000e+03 2.161452861867081636e-46
1.532375000000000000e+03 2.647635178504240522e-46
1.532500000000000000e+03 2.391166701015507432e-46
1.532625000000000000e+03 2.124837736251854330e-46
1.532750000000000000e+03 2.557600269212289650e-46
1.532875000000000000e+03 2.777321525458783561e-46
1.533000000000000000e+03 2.822764474573944480e-46
1.533125000000000000e+03 2.564536040046830505e-46
1.533250000000000000e+03 2.806139179685320908e-46
1.533375000000000000e+03 1.984235926132430633e-46
1.533500000000000000e+03 2.723729756739395785e-46
1.533625000000000000e+03 2.406133041274003259e-46
1.533750000000000000e+03 2.331485100771833510e-46
1.533875000000000000e+03 2.779457166328589173e-46
1.534000000000000000e+03 2.354772363781641140e-46
1.534125000000000000e+03 2.558997199025983176e-46
1.534250000000000000e+03 2.413230179333749317e-46
1.534375000000000000e+03 2.426600094627022019e-46
1.534500000000000000e+03 2.926136028255247468e-46
1.534625000000000000e+03 2.715731857081014573e-46
1.534750000000000000e+03 2.785541794153772778e-46
1.534875000000000000e+03 2.455496169528915108e-46
1.535000000000000000e+03 2.714122976156389180e-46
1.535125000000000000e+03 2.645921230897776452e-46
1.535250000000000000e+03 1.835768736412240996e-46
1.535375000000000000e+03 2.765472192045593869e-46
1.535500000000000000e+03 3.046931629382496101e-46
1.535625000000000000e+03 2.712405960264968441e-46
1.535750000000000000e+03 2.688626618713078851e-46
1.535875000000000000e+03 2.422269504750371153e-46
1.536000000000000000e+03 2.799835453269412401e-46
1.536125000000000000e+03 3.058000402508507203e-46
1.536250000000000000e+03 2.175171278813361124e-46
1.536375000000000000e+03 3.327243267295533937e-46
1.536500000000000000e+03 2.318639529761619988e-46
1.536625000000000000e+03 2.850759856098180438e-46
1.536750000000000000e+03 2.123983595441222346e-46
1.536875000000000000e+03 2.369265490826501509e-46
1.537000000000000000e+03 2.786736664664259563e-46
1.537125000000000000e+03 2.996603301295153347e-46
1.537250000000000000e+03 2.160099795434604764e-46
1.537375000000000000e+03 2.799247355874168215e-46
1.537500000000000000e+03 2.643683859292669446e-46
1.537625000000000000e+03 2.451810031931442292e-46
1.537750000000000000e+03 2.448433408089496671e-46
1.537875000000000000e+03 2.198449923015001581e-46
1.538000000000000000e+03 2.933762616952242862e-46
1.538125000000000000e+03 2.267275590969501339e-46
1.538250000000000000e+03 2.614998850361054727e-46
1.538375000000000000e+03 2.694225715188319507e-46
1.538500000000000000e+03 2.396493795183149987e-46
1.538625000000000000e+03 2.825359637534696206e-46
1.538750000000000000e+03 2.484608831475483584e-46
1.538875000000000000e+03 2.945871721929577545e-46
1.539000000000000000e+03 2.560894452147259941e-46
1.539125000000000000e+03 2.681623678597928521e-46
1.539250000000000000e+03 2.591962076367969341e-46
1.539375000000000000e+03 2.141995858559551536e-46
1.539500000000000000e+03 2.685746516544836619e-46
1.539625000000000000e+03 2.267051353681708976e-46
1.539750000000000000e+03 2.750109404923771307e-46
1.539875000000000000e+03 2.256348088599803252e-46
1.540000000000000000e+03 2.136694055952898342e-46
1.540125000000000000e+03 2.624547756450725771e-46
1.540250000000000000e+03 2.838271064167034103e-46
1.540375000000000000e+03 2.594326948439541969e-46
1.540500000000000000e+03 2.436486963302537767e-46
1.540625000000000000e+03 2.681603928649713181e-46
1.540750000000000000e+03 2.839154777464829112e-46
1.540875000000000000e+03 3.598689031570176259e-46
1.541000000000000000e+03 2.902661049635414345e-46
1.541125000000000000e+03 2.603809665897705492e-46
1.541250000000000000e+03 3.057919350136980452e-46
1.541375000000000000e+03 2.511855081568716246e-46
1.541500000000000000e+03 2.433557188498906264e-46
1.541625000000000000e+03 2.813560037343545173e-46
1.541750000000000000e+03 2.918239321921916001e-46
1.541875000000000000e+03 2.785526278593589266e-46
1.542000000000000000e+03 2.670944482538527308e-46
1.542125000000000000e+03 2.963730113801908639e-46
1.542250000000000000e+03 2.769394198796746723e-46
1.542375000000000000e+03 2.638535847712887849e-46
1.542500000000000000e+03 3.147989967311049508e-46
1.542625000000000000e+03 2.874069947580430461e-46
1.542750000000000000e+03 2.352408048224740590e-46
1.542875000000000000e+03 2.930973809295702791e-46
1.543000000000000000e+03 2.014511263265404430e-46
1.543125000000000000e+03 3.075434878016003583e-46
1.543250000000000000e+03 2.968245678792116741e-46
1.543375000000000000e+03 2.908702119617335064e-46
1.543500000000000000e+03 2.704970657654878777e-46
1.543625000000000000e+03 2.607532622123264656e-46
1.543750000000000000e+03 2.708238909679356676e-46
1.543875000000000000e+03 3.361266473808573244e-46
1.544000000000000000e+03 2.471818132465140418e-46
1.544125000000000000e+03 2.769759311282181283e-46
1.544250000000000000e+03 2.395913886152158631e-46
1.544375000000000000e+03 3.440133705673489829e-46
1.544500000000000000e+03 2.587343489399514193e-46
1.544625000000000000e+03 3.022096203530973047e-46
1.544750000000000000e+03 2.596303551980856661e-46
1.544875000000000000e+03 2.612596200853081779e-46
1.545000000000000000e+03 2.293382840180432010e-46
1.545125000000000000e+03 2.783845321301744449e-46
1.545250000000000000e+03 2.416628107497540799e-46
1.545375000000000000e+03 2.159466640099000460e-46
1.545500000000000000e+03 3.059196639955583250e-46
1.545625000000000000e+03 2.748545645704975080e-46
1.545750000000000000e+03 2.752639288577978036e-46
1.545875000000000000e+03 2.271285015040368612e-46
1.546000000000000000e+03 2.290732156797619680e-46
1.546125000000000000e+03 2.796827578578132618e-46
1.546250000000000000e+03 2.701164180067505838e-46
1.546375000000000000e+03 2.494137382234937489e-46
1.546500000000000000e+03 2.779366602504291900e-46
1.546625000000000000e+03 2.282779632979271165e-46
1.546750000000000000e+03 3.025071436811913136e-46
1.546875000000000000e+03 2.862018852630947683e-46
1.547000000000000000e+03 2.408049971544712118e-46
1.547125000000000000e+03 2.311316393081706239e-46
1.547250000000000000e+03 2.622832570800015311e-46
1.547375000000000000e+03 2.259508926916155602e-46
1.547500000000000000e+03 2.751221585042078862e-46
1.547625000000000000e+03 3.072070207130769950e-46
1.547750000000000000e+03 2.773407200191398686e-46
1.547875000000000000e+03 2.421716957168201024e-46
1.548000000000000000e+03 2.781813400413369021e-46
1.548125000000000000e+03 2.503851930463005501e-46
1.548250000000000000e+03 2.924251359837268925e-46
1.548375000000000000e+03 2.584075145422772311e-46
1.548500000000000000e+03 2.339625338306043795e-46
1.548625000000000000e+03 2.814054235897215894e-46
1.548750000000000000e+03 2.907567542258787860e-46
1.548875000000000000e+03 2.542708353489641532e-46
1.549000000000000000e+03 3.311985742109880482e-46
1.549125000000000000e+03 2.851816056734139869e-46
1.549250000000000000e+03 2.784658124963934904e-46
1.549375000000000000e+03 2.090990595043239122e-46
1.549500000000000000e+03 3.068623862741705840e-46
1.549625000000000000e+03 2.914957225068009949e-46
1.549750000000000000e+03 2.342939053217036518e-46
1.549875000000000000e+03 2.847500765179981710e-46
1.550000000000000000e+03 2.442414473591318747e-46
1.550125000000000000e+03 2.504424694620131141e-46
1.550250000000000000e+03 3.081222218996874894e-46
1.550375000000000000e+03 2.800909838785232727e-46
1.550500000000000000e+03 3.015252577059506116e-46
1.550625000000000000e+03 2.532263393520932180e-46
1.550750000000000000e+03 2.830972036252846984e-46
1.550875000000000000e+03 3.425116316264980908e-46
1.551000000000000000e+03 2.161349167102924619e-46
1.551125000000000000e+03 3.085177207176430493e-46
1.551250000000000000e+03 2.862983263518979703e-46
1.551375000000000000e+03 3.219848542780531378e-46
1.551500000000000000e+03 2.703249786003638369e-46
1.551625000000000000e+03 2.627411467669157601e-46
1.551750000000000000e+03 2.666236246798692377e-46
1.551875000000000000e+03 2.904274419958957931e-46
1.552000000000000000e+03 2.433277172697775926e-46
1.552125000000000000e+03 3.684855524078046380e-46
1.552250000000000000e+03 2.945552020328407911e-46
1.552375000000000000e+03 2.815904656803636047e-46
1.552500000000000000e+03 3.538329396087271984e-46
1.552625000000000000e+03 2.447810532359126069e-46
1.552750000000000000e+03 2.438242418461200751e-46
1.552875000000000000e+03 2.535921107281068404e-46
1.553000000000000000e+03 2.751630987265837430e-46
1.553125000000000000e+03 2.528005872279052339e-46
1.553250000000000000e+03 2.378152085042734221e-46
1.553375000000000000e+03 2.995138549836092882e-46
1.553500000000000000e+03 3.234268911346680740e-46
1.553625000000000000e+03 2.033704114590188370e-46
1.553750000000000000e+03 3.279095101262848147e-46
1.553875000000000000e+03 2.520449884986677644e-46
1.554000000000000000e+03 2.846180395482848547e-46
1.554125000000000000e+03 2.998115152585440830e-46
1.554250000000000000e+03 2.881609543980144203e-46
1.554375000000000000e+03 2.838815780280640486e-46
1.554500000000000000e+03 2.555476957461977105e-46
1.554625000000000000e+03 3.390988975671476218e-46
1.554750000000000000e+03 2.879850096549530509e-46
1.554875000000000000e+03 2.704452035293497194e-46
1.555000000000000000e+03 2.756183775277624490e-46
1.555125000000000000e+03 2.186666369478478661e-46
1.555250000000000000e+03 2.657737525664564810e-46
1.555375000000000000e+03 2.731052222729733106e-46
1.555500000000000000e+03 2.559971348125825248e-46
1.555625000000000000e+03 2.284047040416687591e-46
1.555750000000000000e+03 3.245144521303380755e-46
1.555875000000000000e+03 2.847075054379422062e-46
1.556000000000000000e+03 2.777274323625437147e-46
1.556125000000000000e+03 2.972216884004054580e-46
1.556250000000000000e+03 3.300534245213431966e-46
1.556375000000000000e+03 2.616902038074606422e-46
1.556500000000000000e+03 2.604089666718408015e-46
1.556625000000000000e+03 2.550036955478836029e-46
1.556750000000000000e+03 2.972931994275143488e-46
1.556875000000000000e+03 2.156982264922705348e-46
1.557000000000000000e+03 2.956912529151924111e-46
1.557125000000000000e+03 2.320205081267525720e-46
1.557250000000000000e+03 3.347596950393783706e-46
1.557375000000000000e+03 2.148724550575248788e-46
1.557500000000000000e+03 2.621127905061516788e-46
1.557625000000000000e+03 3.242041904825793364e-46
1.557750000000000000e+03 2.784430748137580041e-46
1.557875000000000000e+03 2.369869751922257701e-46
1.558000000000000000e+03 3.228787472226415496e-46
1.558125000000000000e+03 2.214798185844669259e-46
1.558250000000000000e+03 2.615118302183940898e-46
1.558375000000000000e+03 2.518778889448481522e-46
1.558500000000000000e+03 2.720708391873555866e-46
1.558625000000000000e+03 2.410638833020367358e-46
1.558750000000000000e+03 2.762651911712286211e-46
1.558875000000000000e+03 2.367072594581825920e-46
1.559000000000000000e+03 2.939346772354312463e-46
1.559125000000000000e+03 2.902916089979583844e-46
1.559250000000000000e+03 2.534385632961854886e-46
1.559375000000000000e+03 2.565415340682584212e-46
1.559500000000000000e+03 2.757716158550941982e-46
1.559625000000000000e+03 2.515161174840071861e-46
1.559750000000000000e+03 2.557677819926759225e-46
1.559875000000000000e+03 2.501488986333969577e-46
1.560000000000000000e+03 2.761555657768376874e-46
1.560125000000000000e+03 3.007332657566513163e-46
1.560250000000000000e+03 2.870331135170200842e-46
1.560375000000000000e+03 2.600685573435894848e-46
1.560500000000000000e+03 2.276705910679457368e-46
1.560625000000000000e+03 2.492226711155042059e-46
1.560750000000000000e+03 2.739119654463936521e-46
1.560875000000000000e+03 2.812152890251079663e-46
1.561000000000000000e+03 2.714994931384784359e-46
1.561125000000000000e+03 2.521875246901127235e-46
1.561250000000000000e+03 2.658088425248996996e-46
1.561375000000000000e+03 3.113578104163598388e-46
1.561500000000000000e+03 2.308616245475808520e-46
1.561625000000000000e+03 2.584699675646531830e-46
1.561750000000000000e+03 2.181222298176079921e-46
1.561875000000000000e+03 2.750903309263414526e-46
1.562000000000000000e+03 2.370098378314101211e-46
1.562125000000000000e+03 2.918457560546122242e-46
1.562250000000000000e+03 2.686156711984446090e-46
1.562375000000000000e+03 2.528021178485796975e-46
1.562500000000000000e+03 2.674083765753573794e-46
1.562625000000000000e+03 2.676298442643095986e-46
1.562750000000000000e+03 2.460861459304004559e-46
1.562875000000000000e+03 2.177063263120908030e-46
1.563000000000000000e+03 2.822115740276371129e-46
1.563125000000000000e+03 3.014478004514885492e-46
1.563250000000000000e+03 2.034146702954428067e-46
1.563375000000000000e+03 2.079101548477314718e-46
1.563500000000000000e+03 2.999862901151061930e-46
1.563625000000000000e+03 2.517405696501922528e-46
1.563750000000000000e+03 2.678908091394276932e-46
1.563875000000000000e+03 2.272205535748033552e-46
1.564000000000000000e+03 3.098942305513399637e-46
1.564125000000000000e+03 2.465156116872903246e-46
1.564250000000000000e+03 2.268229278832089294e-46
1.564375000000000000e+03 2.393847762531781815e-46
1.564500000000000000e+03 3.042175689974903027e-46
1.564625000000000000e+03 3.174946987735920128e-46
1.564750000000000000e+03 3.027451936681450093e-46
1.564875000000000000e+03 2.284862879531048590e-46
1.565000000000000000e+03 2.685435080502015642e-46
1.565125000000000000e+03 2.502077198316697804e-46
1.565250000000000000e+03 2.909135998511589281e-46
1.565375000000000000e+03 2.250708848772155226e-46
1.565500000000000000e+03 2.573258820537451747e-46
1.565625000000000000e+03 2.823811744089889656e-46
1.565750000000000000e+03 2.609432978145654154e-46
1.565875000000000000e+03 2.505094480677431388e-46
1.566000000000000000e+03 3.468852574456192547e-46
1.566125000000000000e+03 3.362439346535678592e-46
1.566250000000000000e+03 2.718636627241214239e-46
1.566375000000000000e+03 2.854096928200061194e-46
1.566500000000000000e+03 2.999133984565075017e-46
1.566625000000000000e+03 2.477707593764084988e-46
1.566750000000000000e+03 2.540998524886470260e-46
1.566875000000000000e+03 3.064218606564164106e-46
1.567000000000000000e+03 2.959916547535956852e-46
1.567125000000000000e+03 2.971200020439023823e-46
1.567250000000000000e+03 2.122208701575674179e-46
1.567375000000000000e+03 2.857586284672608427e-46
1.567500000000000000e+03 2.780842328202564560e-46
1.567625000000000000e+03 2.569651890671661778e-46
1.567750000000000000e+03 2.408625684681094102e-46
1.567875000000000000e+03 2.869635135642666480e-46
1.568000000000000000e+03 2.801258944572368839e-46
1.568125000000000000e+03 2.321116649088341958e-46
1.568250000000000000e+03 2.536427996257546482e-46
1.568375000000000000e+03 3.098522841416456838e-46
1.568500000000000000e+03 2.426619584361984509e-46
1.568625000000000000e+03 2.669247336807586433e-46
1.568750000000000000e+03 2.333835144077498590e-46
1.568875000000000000e+03 2.199436861846730596e-46
1.569000000000000000e+03 3.000087363086819900e-46
1.569125000000000000e+03 2.568626355291168200e-46
1.569250000000000000e+03 2.524892971987386263e-46
1.569375000000000000e+03 2.314457331048009392e-46
1.569500000000000000e+03 2.650316968584428622e-46
1.569625000000000000e+03 2.723604272065324710e-46
1.569750000000000000e+03 2.777161384138220909e-46
1.569875000000000000e+03 3.004689319032578745e-46
1.570000000000000000e+03 2.633569977584413320e-46
1.570125000000000000e+03 2.717318263106572433e-46
1.570250000000000000e+03 2.926604241801608134e-46
1.570375000000000000e+03 2.479274755029058123e-46
1.570500000000000000e+03 2.591613669538299425e-46
1.570625000000000000e+03 2.806252566573834411e-46
1.570750000000000000e+03 2.481334020999818720e-46
1.570875000000000000e+03 3.134009453008812705e-46
1.571000000000000000e+03 3.714360429625436150e-46
1.571125000000000000e+03 2.678566376124713932e-46
1.571250000000000000e+03 3.006554984662370870e-46
1.571375000000000000e+03 2.330661255542797019e-46
1.571500000000000000e+03 2.279430677082670865e-46
1.571625000000000000e+03 2.751550118869396748e-46
1.571750000000000000e+03 2.995386681336749613e-46
1.571875000000000000e+03 2.592883133793895966e-46
1.572000000000000000e+03 3.646259278970969029e-46
1.572125000000000000e+03 2.272371830081125420e-46
1.572250000000000000e+03 2.905164707104826682e-46
1.572375000000000000e+03 2.410368108901858726e-46
1.572500000000000000e+03 2.998885741375852793e-46
1.572625000000000000e+03 2.868064497709592350e-46
1.572750000000000000e+03 2.553104200354971551e-46
1.572875000000000000e+03 2.704399257277796465e-46
1.573000000000000000e+03 2.953571673280074066e-46
1.573125000000000000e+03 3.097120588912869521e-46
1.573250000000000000e+03 2.259873080076884158e-46
1.573375000000000000e+03 2.944383519943526709e-46
1.573500000000000000e+03 2.851434773307655521e-46
1.573625000000000000e+03 3.082271998175341383e-46
1.573750000000000000e+03 3.221574080997124470e-46
1.573875000000000000e+03 2.512201891050584829e-46
1.574000000000000000e+03 2.412974890658910941e-46
1.574125000000000000e+03 3.417816214067442890e-46
1.574250000000000000e+03 2.683078879392908185e-46
1.574375000000000000e+03 2.498325484794464947e-46
1.574500000000000000e+03 1.829126183993075735e-46
1.574625000000000000e+03 2.647265634901715099e-46
1.574750000000000000e+03 2.175750039599028653e-46
1.574875000000000000e+03 3.195411835130351506e-46
1.575000000000000000e+03 2.799965361229673099e-46
1.575125000000000000e+03 3.382718321580727337e-46
1.575250000000000000e+03 2.877896225269438414e-46
1.575375000000000000e+03 2.987994188133273442e-46
1.575500000000000000e+03 2.889004351825164217e-46
1.575625000000000000e+03 2.895453087332434786e-46
1.575750000000000000e+03 3.146338558509948243e-46
1.575875000000000000e+03 2.641111437591627799e-46
1.576000000000000000e+03 2.448864580113407137e-46
1.576125000000000000e+03 3.275011050630855629e-46
1.576250000000000000e+03 2.505567297797588928e-46
1.576375000000000000e+03 2.297588583791275994e-46
1.576500000000000000e+03 2.476013018221144907e-46
1.576625000000000000e+03 3.725923011857488217e-46
1.576750000000000000e+03 2.677918494251571641e-46
1.576875000000000000e+03 2.879901935446278960e-46
1.577000000000000000e+03 3.242523311258602027e-46
1.577125000000000000e+03 2.430479159655046746e-46
1.577250000000000000e+03 2.405168663409366379e-46
1.577375000000000000e+03 3.253636111696687098e-46
1.577500000000000000e+03 2.900961762537100646e-46
1.577625000000000000e+03 2.779036849858634924e-46
1.577750000000000000e+03 2.255512560083716072e-46
1.577875000000000000e+03 3.293318920739928151e-46
1.578000000000000000e+03 2.771090105460963628e-46
1.578125000000000000e+03 2.824951558860380069e-46
1.578250000000000000e+03 3.446303454771963532e-46
1.578375000000000000e+03 3.037687763305898749e-46
1.578500000000000000e+03 2.171938884272231515e-46
1.578625000000000000e+03 3.040974579059616054e-46
1.578750000000000000e+03 2.669437338510804427e-46
1.578875000000000000e+03 2.653447825754655583e-46
1.579000000000000000e+03 2.866772287825045251e-46
1.579125000000000000e+03 2.670902677031555521e-46
1.579250000000000000e+03 2.546220297465308627e-46
1.579375000000000000e+03 2.872104845914030398e-46
1.579500000000000000e+03 2.397573221568991057e-46
1.579625000000000000e+03 2.430804259641255861e-46
1.579750000000000000e+03 3.008924517800985649e-46
1.579875000000000000e+03 2.408984127402659939e-46
1.580000000000000000e+03 2.346695179655184807e-46
1.580125000000000000e+03 2.302186799743451096e-46
1.580250000000000000e+03 2.422568842264580085e-46
1.580375000000000000e+03 2.570316628297437871e-46
1.580500000000000000e+03 2.398208406701792446e-46
1.580625000000000000e+03 2.579235990032231345e-46
1.580750000000000000e+03 2.477037349645796014e-46
1.580875000000000000e+03 2.765175863856971430e-46
1.581000000000000000e+03 2.610492690935255049e-46
1.581125000000000000e+03 2.189722287608359854e-46
1.581250000000000000e+03 2.150630557387340441e-46
1.581375000000000000e+03 3.397208183512337854e-46
1.581500000000000000e+03 2.535671012031818098e-46
1.581625000000000000e+03 2.620657405965737308e-46
1.581750000000000000e+03 2.145618861120411189e-46
1.581875000000000000e+03 2.878492447202208188e-46
1.582000000000000000e+03 3.091285853801691140e-46
1.582125000000000000e+03 2.954319354062331006e-46
1.582250000000000000e+03 2.861299017370300061e-46
1.582375000000000000e+03 2.120605827721114500e-46
1.582500000000000000e+03 2.630013664058150232e-46
1.582625000000000000e+03 2.776017681307224011e-46
1.582750000000000000e+03 2.580072327152569569e-46
1.582875000000000000e+03 2.301345891066547192e-46
1.583000000000000000e+03 2.329953234742352733e-46
1.583125000000000000e+03 2.114905328851843143e-46
1.583250000000000000e+03 2.839051872196728061e-46
1.583375000000000000e+03 2.999964219713834026e-46
1.583500000000000000e+03 2.818392625199866195e-46
1.583625000000000000e+03 2.410614177081920680e-46
1.583750000000000000e+03 2.802467459402832027e-46
1.583875000000000000e+03 2.532048677175184867e-46
1.584000000000000000e+03 3.456890339191210065e-46
1.584125000000000000e+03 2.909728053205214289e-46
1.584250000000000000e+03 2.272410801084981936e-46
1.584375000000000000e+03 2.236068624974464539e-46
1.584500000000000000e+03 1.961450128158640285e-46
1.584625000000000000e+03 2.858950374435398677e-46
1.584750000000000000e+03 2.692081224746251957e-46
1.584875000000000000e+03 3.257653484760710570e-46
1.585000000000000000e+03 2.883099121972053914e-46
1.585125000000000000e+03 2.741013081440028292e-46
1.585250000000000000e+03 3.167227754736802682e-46
1.585375000000000000e+03 2.594187029595100812e-46
1.585500000000000000e+03 3.018940324524632506e-46
1.585625000000000000e+03 3.152301235362062213e-46
1.585750000000000000e+03 3.053153947489463115e-46
1.585875000000000000e+03 2.897814980194515110e-46
1.586000000000000000e+03 2.545968961170824267e-46
1.586125000000000000e+03 2.734655263847112425e-46
1.586250000000000000e+03 2.940860564288960749e-46
1.586375000000000000e+03 2.789864292243430701e-46
1.586500000000000000e+03 2.693762832254330209e-46
1.586625000000000000e+03 3.043818807237187206e-46
1.586750000000000000e+03 2.337805872877961132e-46
1.586875000000000000e+03 2.797221399169781859e-46
1.587000000000000000e+03 2.363059028522816180e-46
1.587125000000000000e+03 3.282602266374637331e-46
1.587250000000000000e+03 2.451813922746738400e-46
1.587375000000000000e+03 2.770201745325373718e-46
1.587500000000000000e+03 2.549172472781917965e-46
1.587625000000000000e+03 2.559343777872222978e-46
1.587750000000000000e+03 2.549993035121179181e-46
1.587875000000000000e+03 3.232486710228738757e-46
1.588000000000000000e+03 2.574863823812114367e-46
1.588125000000000000e+03 2.562586490653888050e-46
1.588250000000000000e+03 2.719193837494999894e-46
1.588375000000000000e+03 3.054915456398607723e-46
1.588500000000000000e+03 2.461500263330116054e-46
1.588625000000000000e+03 2.819772033854128224e-46
1.588750000000000000e+03 2.628221343989322142e-46
1.588875000000000000e+03 2.442586331943073356e-46
1.589000000000000000e+03 3.228838859760717933e-46
1.589125000000000000e+03 2.201975041881150617e-46
1.589250000000000000e+03 2.658311383378553549e-46
1.589375000000000000e+03 3.727294391259945177e-46
1.589500000000000000e+03 2.849888042799406979e-46
1.589625000000000000e+03 2.642037750368128717e-46
1.589750000000000000e+03 2.748046186750757446e-46
1.589875000000000000e+03 2.898277412633091276e-46
1.590000000000000000e+03 2.264605652231384991e-46
1.590125000000000000e+03 2.852722365497001793e-46
1.590250000000000000e+03 2.770693161938331730e-46
1.590375000000000000e+03 3.373385382004638127e-46
1.590500000000000000e+03 2.801826075123560375e-46
1.590625000000000000e+03 3.087616715259213454e-46
1.590750000000000000e+03 2.709766456970787910e-46
1.590875000000000000e+03 2.481036164639888185e-46
1.591000000000000000e+03 2.577372572199577249e-46
1.591125000000000000e+03 2.605668491797530729e-46
1.591250000000000000e+03 2.448396093008029015e-46
1.591375000000000000e+03 3.271223624981832151e-46
1.591500000000000000e+03 2.374765761153088371e-46
1.591625000000000000e+03 3.003385313264527708e-46
1.591750000000000000e+03 2.789038357585976997e-46
1.591875000000000000e+03 2.533571076638767243e-46
1.592000000000000000e+03 2.745186615344183184e-46
1.592125000000000000e+03 2.563972611493667924e-46
1.592250000000000000e+03 2.688493253745369362e-46
1.592375000000000000e+03 2.353489988601049469e-46
1.592500000000000000e+03 3.268634498297586793e-46
1.592625000000000000e+03 2.576269266540177163e-46
1.592750000000000000e+03 2.720545910245103585e-46
1.592875000000000000e+03 2.586884376614034444e-46
1.593000000000000000e+03 2.624258130821747966e-46
1.593125000000000000e+03 2.847600191179571539e-46
1.593250000000000000e+03 2.462881381162264444e-46
1.593375000000000000e+03 3.411711924142314919e-46
1.593500000000000000e+03 2.483402508253616917e-46
1.593625000000000000e+03 3.031467822943261566e-46
1.593750000000000000e+03 3.294850216629540578e-46
1.593875000000000000e+03 2.379351128132400524e-46
1.594000000000000000e+03 2.545229565164575454e-46
1.594125000000000000e+03 3.645214572457460982e-46
1.594250000000000000e+03 3.105484393558246444e-46
1.594375000000000000e+03 2.825796824033178844e-46
1.594500000000000000e+03 2.526693800020645196e-46
1.594625000000000000e+03 2.588717673600141407e-46
1.594750000000000000e+03 3.110324120915503183e-46
1.594875000000000000e+03 2.548721582421515730e-46
1.595000000000000000e+03 3.391462729095169075e-46
1.595125000000000000e+03 2.533479593251462607e-46
1.595250000000000000e+03 3.210355486125972351e-46
1.595375000000000000e+03 2.858996910139700353e-46
1.595500000000000000e+03 2.918715253834172484e-46
1.595625000000000000e+03 3.326537782961120225e-46
1.595750000000000000e+03 2.856707848322856184e-46
1.595875000000000000e+03 2.611946092782398203e-46
1.596000000000000000e+03 2.607352583927108089e-46
1.596125000000000000e+03 3.416899508082346534e-46
1.596250000000000000e+03 2.676030199389514672e-46
1.596375000000000000e+03 2.817861300030922786e-46
1.596500000000000000e+03 2.972225719492545471e-46
1.596625000000000000e+03 2.602107197935487994e-46
1.596750000000000000e+03 2.946401637196269686e-46
1.596875000000000000e+03 2.268124056940173669e-46
1.597000000000000000e+03 2.939568490628580106e-46
1.597125000000000000e+03 2.623189490761898149e-46
1.597250000000000000e+03 2.878434395150250490e-46
1.597375000000000000e+03 3.126283554521548319e-46
1.597500000000000000e+03 2.792268796676879790e-46
1.597625000000000000e+03 3.003945677879931400e-46
1.597750000000000000e+03 2.805750180014716695e-46
1.597875000000000000e+03 3.196962930931446548e-46
1.598000000000000000e+03 2.132849173939013065e-46
1.598125000000000000e+03 2.444290626747408298e-46
1.598250000000000000e+03 2.710402790076366447e-46
1.598375000000000000e+03 2.588526369257234704e-46
1.598500000000000000e+03 2.779447837406307177e-46
1.598625000000000000e+03 2.739133556596547008e-46
1.598750000000000000e+03 3.030425838383466592e-46
1.598875000000000000e+03 2.864903283626968840e-46
1.599000000000000000e+03 3.096572585738183219e-46
1.599125000000000000e+03 3.084497087126247429e-46
1.599250000000000000e+03 3.234069873349301855e-46
1.599375000000000000e+03 2.994621409284187640e-46
1.599500000000000000e+03 2.801045328169372159e-46
1.599625000000000000e+03 2.711249920158404462e-46
1.599750000000000000e+03 3.094903758025044165e-46
1.599875000000000000e+03 2.506333267412867074e-46
1.600000000000000000e+03 2.762658042088736594e-46
1.600125000000000000e+03 2.886045744641797056e-46
1.600250000000000000e+03 2.818344801060231388e-46
1.600375000000000000e+03 3.091919896789206307e-46
1.600500000000000000e+03 2.856356957561735544e-46
1.600625000000000000e+03 2.388155015161110234e-46
1.600750000000000000e+03 2.998716639959387834e-46
1.600875000000000000e+03 2.577040629081225898e-46
1.601000000000000000e+03 3.400207141436172906e-46
1.601125000000000000e+03 2.731830497996089413e-46
1.601250000000000000e+03 3.065506427026981350e-46
1.601375000000000000e+03 2.664939170007426042e-46
1.601500000000000000e+03 2.336683231458522486e-46
1.601625000000000000e+03 3.471478140262701640e-46
1.601750000000000000e+03 3.033181706443863485e-46
1.601875000000000000e+03 3.283027805893685235e-46
1.602000000000000000e+03 3.213144091516191446e-46
1.602125000000000000e+03 3.137200847469115999e-46
1.602250000000000000e+03 2.953689283370524239e-46
1.602375000000000000e+03 2.855658491107677217e-46
1.602500000000000000e+03 2.571775109572733864e-46
1.602625000000000000e+03 3.430386963535787777e-46
1.602750000000000000e+03 2.490431349198728426e-46
1.602875000000000000e+03 2.862943656863886181e-46
1.603000000000000000e+03 2.923631645949798880e-46
1.603125000000000000e+03 2.971792388918591326e-46
1.603250000000000000e+03 3.045750149766653639e-46
1.603375000000000000e+03 2.487474223126559673e-46
1.603500000000000000e+03 3.260406543410236814e-46
1.603625000000000000e+03 2.502461607428681786e-46
1.603750000000000000e+03 3.265140847011154446e-46
1.603875000000000000e+03 3.006860117183564605e-46
1.604000000000000000e+03 2.821325169478763655e-46
1.604125000000000000e+03 2.732015391646451107e-46
1.604250000000000000e+03 2.906263494269926963e-46
1.604375000000000000e+03 3.361565103979114084e-46
1.604500000000000000e+03 3.009125608840849143e-46
1.604625000000000000e+03 3.430516994023533715e-46
1.604750000000000000e+03 2.818816448646299024e-46
1.604875000000000000e+03 2.744009756049973313e-46
1.605000000000000000e+03 3.501912236197803535e-46
1.605125000000000000e+03 2.603024690330608924e-46
1.605250000000000000e+03 3.062959527580020389e-46
1.605375000000000000e+03 2.759134976768705852e-46
1.605500000000000000e+03 3.268749923125564079e-46
1.605625000000000000e+03 2.532524053645086206e-46
1.605750000000000000e+03 2.951541008818774942e-46
1.605875000000000000e+03 2.408307436028009238e-46
1.606000000000000000e+03 3.030601913998462439e-46
1.606125000000000000e+03 2.664273629401369231e-46
1.606250000000000000e+03 2.581787081623098580e-46
1.606375000000000000e+03 2.847387100433989293e-46
1.606500000000000000e+03 2.926928344416534734e-46
1.606625000000000000e+03 2.951519907368686438e-46
1.606750000000000000e+03 3.491030992728875580e-46
1.606875000000000000e+03 3.070336379045116509e-46
1.607000000000000000e+03 3.017579997163329808e-46
1.607125000000000000e+03 2.888017109292717015e-46
1.607250000000000000e+03 2.841811613036340670e-46
1.607375000000000000e+03 3.364633498399795116e-46
1.607500000000000000e+03 3.235160810448262332e-46
1.607625000000000000e+03 3.040648141927000111e-46
1.607750000000000000e+03 2.658350991747492705e-46
1.607875000000000000e+03 3.275522929747823970e-46
1.608000000000000000e+03 2.741797135584216139e-46
1.608125000000000000e+03 2.837961130284327045e-46
1.608250000000000000e+03 3.673897410099838328e-46
1.608375000000000000e+03 3.111090562518306507e-46
1.608500000000000000e+03 3.077548844887487088e-46
1.608625000000000000e+03 1.794839874702686920e-46
1.608750000000000000e+03 2.955034983978684775e-46
1.608875000000000000e+03 2.607719784926307687e-46
1.609000000000000000e+03 2.251474529534850250e-46
1.609125000000000000e+03 3.162482719103736789e-46
1.609250000000000000e+03 3.129451023792827614e-46
1.609375000000000000e+03 2.910687321836471368e-46
1.609500000000000000e+03 2.485989574286095890e-46
1.609625000000000000e+03 2.753911385568131528e-46
1.609750000000000000e+03 2.591520332547352824e-46
1.609875000000000000e+03 2.453584224813676479e-46
1.610000000000000000e+03 2.845904640208631154e-46
1.610125000000000000e+03 2.436876593099544017e-46
1.610250000000000000e+03 3.027893038853960257e-46
1.610375000000000000e+03 2.755368234303946613e-46
1.610500000000000000e+03 2.783519155830037236e-46
1.610625000000000000e+03 3.452252995174363919e-46
1.610750000000000000e+03 3.032878356470642887e-46
1.610875000000000000e+03 2.869288368594146676e-46
1.611000000000000000e+03 3.029184094849493246e-46
1.611125000000000000e+03 2.390204718632416186e-46
1.611250000000000000e+03 2.699379659611565222e-46
1.611375000000000000e+03 2.281510969178224799e-46
1.611500000000000000e+03 3.065747508296863098e-46
1.611625000000000000e+03 2.789746677774929426e-46
1.611750000000000000e+03 2.479382337528051399e-46
1.611875000000000000e+03 2.181362432483330526e-46
1.612000000000000000e+03 2.038163315178253395e-46
1.612125000000000000e+03 3.095295239515951281e-46
1.612250000000000000e+03 2.992128042836404733e-46
1.612375000000000000e+03 2.765252871335190395e-46
1.612500000000000000e+03 2.904507922112527596e-46
1.612625000000000000e+03 3.038528094471613242e-46
1.612750000000000000e+03 3.101530305252450860e-46
1.612875000000000000e+03 3.756988534123490454e-46
1.613000000000000000e+03 3.523444571228098710e-46
1.613125000000000000e+03 3.103573517412958604e-46
1.613250000000000000e+03 2.508261509592178643e-46
1.613375000000000000e+03 3.328475582211051593e-46
1.613500000000000000e+03 2.645812403559264303e-46
1.613625000000000000e+03 3.182601345294578809e-46
1.613750000000000000e+03 2.677119332612456651e-46
1.613875000000000000e+03 2.545247106038704486e-46
1.614000000000000000e+03 3.179799151403018290e-46
1.614125000000000000e+03 2.790632110393598299e-46
1.614250000000000000e+03 2.925235633057018340e-46
1.614375000000000000e+03 2.987790321836848062e-46
1.614500000000000000e+03 2.965716097568042888e-46
1.614625000000000000e+03 2.923224839688605128e-46
1.614750000000000000e+03 2.590649488774055125e-46
1.614875000000000000e+03 3.411395569548170052e-46
1.615000000000000000e+03 3.414862610304533491e-46
1.615125000000000000e+03 2.455069907489180020e-46
1.615250000000000000e+03 3.080485516660938909e-46
1.615375000000000000e+03 3.039112838069459247e-46
1.615500000000000000e+03 2.625434916470290663e-46
1.615625000000000000e+03 2.424467033790499153e-46
1.615750000000000000e+03 3.065646917897214919e-46
1.615875000000000000e+03 2.921353038888015521e-46
1.616000000000000000e+03 3.735731396431008355e-46
1.616125000000000000e+03 2.036868320199168667e-46
1.616250000000000000e+03 2.845094094742978184e-46
1.616375000000000000e+03 2.862400539042938264e-46
1.616500000000000000e+03 3.151524735905342481e-46
1.616625000000000000e+03 1.923647015395222437e-46
1.616750000000000000e+03 2.324059845360108265e-46
1.616875000000000000e+03 3.860206052648214557e-46
1.617000000000000000e+03 2.796188640569460224e-46
1.617125000000000000e+03 2.350627545252093708e-46
1.617250000000000000e+03 2.777436452690161459e-46
1.617375000000000000e+03 2.660064091509598841e-46
1.617500000000000000e+03 2.887400645803545171e-46
1.617625000000000000e+03 3.335930507550386033e-46
1.617750000000000000e+03 3.656171024817209604e-46
1.617875000000000000e+03 2.957432916200198574e-46
1.618000000000000000e+03 3.036484975128849333e-46
1.618125000000000000e+03 2.776882729949574834e-46
1.618250000000000000e+03 2.947986400071830610e-46
1.618375000000000000e+03 3.347641996201958986e-46
1.618500000000000000e+03 2.829005035158157881e-46
1.618625000000000000e+03 2.455402193394172691e-46
1.618750000000000000e+03 2.962640098978714125e-46
1.618875000000000000e+03 2.902512214302293481e-46
1.619000000000000000e+03 2.385166199415113480e-46
1.619125000000000000e+03 2.476426653592908887e-46
1.619250000000000000e+03 2.626695316473127794e-46
1.619375000000000000e+03 2.884730628591303872e-46
1.619500000000000000e+03 2.791786994623593710e-46
1.619625000000000000e+03 2.329481701495945722e-46
1.619750000000000000e+03 2.907978378901751394e-46
1.619875000000000000e+03 2.753099883767882779e-46
1.620000000000000000e+03 2.330445759958285197e-46
1.620125000000000000e+03 2.961805608411795448e-46
1.620250000000000000e+03 3.230737776305215681e-46
1.620375000000000000e+03 2.973803360471209678e-46
1.620500000000000000e+03 2.572304201542378803e-46
1.620625000000000000e+03 3.334471578553000617e-46
1.620750000000000000e+03 2.774993139277343780e-46
1.620875000000000000e+03 2.699630623879360215e-46
1.621000000000000000e+03 2.954033730851806639e-46
1.621125000000000000e+03 2.819039547789870669e-46
1.621250000000000000e+03 2.610312709844493166e-46
1.621375000000000000e+03 2.808490357516944153e-46
1.621500000000000000e+03 2.646887557171733973e-46
1.621625000000000000e+03 2.720818593091238257e-46
1.621750000000000000e+03 2.489300573039895298e-46
1.621875000000000000e+03 2.987730533784914763e-46
1.622000000000000000e+03 3.415718868656769075e-46
1.622125000000000000e+03 2.763669160210601475e-46
1.622250000000000000e+03 3.109793269297886686e-46
1.622375000000000000e+03 2.844641707479744680e-46
1.622500000000000000e+03 2.852114806424118661e-46
1.622625000000000000e+03 2.251531546506428486e-46
1.622750000000000000e+03 2.985021855328526899e-46
1.622875000000000000e+03 2.562755173895137012e-46
1.623000000000000000e+03 2.654311206258255536e-46
1.623125000000000000e+03 3.240659912054109332e-46
1.623250000000000000e+03 3.052726478302673148e-46
1.623375000000000000e+03 2.406865167712659386e-46
1.623500000000000000e+03 2.035560066334801774e-46
1.623625000000000000e+03 2.896873898339562994e-46
1.623750000000000000e+03 3.247414744851149678e-46
1.623875000000000000e+03 2.895379528768385490e-46
1.624000000000000000e+03 2.623382513246602456e-46
1.624125000000000000e+03 3.218049346349411286e-46
1.624250000000000000e+03 3.445672861487034398e-46
1.624375000000000000e+03 2.485132246919664013e-46
1.624500000000000000e+03 2.900753321405739958e-46
1.624625000000000000e+03 2.651193008623953234e-46
1.624750000000000000e+03 3.340451107701619109e-46
1.624875000000000000e+03 3.141789944004276329e-46
1.625000000000000000e+03 2.522080892113806707e-46
1.625125000000000000e+03 3.009897473943071058e-46
1.625250000000000000e+03 3.014908797935893968e-46
1.625375000000000000e+03 3.044672478968440513e-46
1.625500000000000000e+03 3.131657773304692101e-46
1.625625000000000000e+03 2.855435320138197030e-46
1.625750000000000000e+03 2.668717985381366852e-46
1.625875000000000000e+03 2.976496217204128515e-46
1.626000000000000000e+03 2.546453747215851819e-46
1.626125000000000000e+03 2.614604864442164993e-46
1.626250000000000000e+03 3.167979135862683242e-46
1.626375000000000000e+03 3.491819972720893733e-46
1.626500000000000000e+03 2.916329593879889494e-46
1.626625000000000000e+03 2.953341381987463498e-46
1.626750000000000000e+03 2.877200081263895734e-46
1.626875000000000000e+03 2.682996304222761418e-46
1.627000000000000000e+03 3.048152751374346828e-46
1.627125000000000000e+03 2.377588317223782071e-46
1.627250000000000000e+03 2.823373686610287444e-46
1.627375000000000000e+03 3.393270593447513098e-46
1.627500000000000000e+03 2.781186758934229125e-46
1.627625000000000000e+03 3.221558614451571007e-46
1.627750000000000000e+03 2.924045150315673195e-46
1.627875000000000000e+03 2.847111500898825371e-46
1.628000000000000000e+03 2.953208307657515632e-46
1.628125000000000000e+03 3.085154014154539014e-46
1.628250000000000000e+03 2.854212958941634357e-46
1.628375000000000000e+03 2.901942769614444555e-46
1.628500000000000000e+03 3.029797572329108970e-46
1.628625000000000000e+03 2.728244576111059410e-46
1.628750000000000000e+03 2.966090942512179884e-46
1.628875000000000000e+03 2.559673351481187064e-46
1.629000000000000000e+03 1.836204071736205345e-46
1.629125000000000000e+03 3.045448091875420453e-46
1.629250000000000000e+03 3.348308897141352269e-46
1.629375000000000000e+03 2.784636522698668117e-46
1.629500000000000000e+03 3.526070063549967763e-46
1.629625000000000000e+03 2.829948071747300728e-46
1.629750000000000000e+03 3.390627478686187344e-46
1.629875000000000000e+03 3.567500983751732271e-46
1.630000000000000000e+03 2.459384197215180739e-46
1.630125000000000000e+03 3.624120386451069399e-46
1.630250000000000000e+03 2.942396770779555549e-46
1.630375000000000000e+03 2.529673342136006663e-46
1.630500000000000000e+03 3.469517263431264415e-46
1.630625000000000000e+03 2.601366407645781580e-46
1.630750000000000000e+03 3.125951053207608731e-46
1.630875000000000000e+03 2.463496232927955097e-46
1.631000000000000000e+03 2.820911968276091861e-46
1.631125000000000000e+03 2.800921164046906251e-46
1.631250000000000000e+03 3.322665628804170880e-46
1.631375000000000000e+03 3.287268587525564335e-46
1.631500000000000000e+03 3.094202329182984472e-46
1.631625000000000000e+03 3.172117225730366264e-46
1.631750000000000000e+03 2.704777567406441441e-46
1.631875000000000000e+03 2.971146056973091017e-46
1.632000000000000000e+03 2.820548285310119459e-46
1.632125000000000000e+03 2.657988332889776766e-46
1.632250000000000000e+03 1.942018174988578186e-46
1.632375000000000000e+03 3.296427686147385412e-46
1.632500000000000000e+03 3.284515308937666003e-46
1.632625000000000000e+03 2.912517806504691438e-46
1.632750000000000000e+03 3.067584226385406316e-46
1.632875000000000000e+03 2.633377262626884230e-46
1.633000000000000000e+03 2.685345157638333608e-46
1.633125000000000000e+03 3.263644560316620191e-46
1.633250000000000000e+03 3.355721005906381271e-46
1.633375000000000000e+03 2.516410889023315186e-46
1.633500000000000000e+03 2.749214006808154473e-46
1.633625000000000000e+03 2.683194720171630982e-46
1.633750000000000000e+03 3.583274144160297876e-46
1.633875000000000000e+03 2.863598045425468783e-46
1.634000000000000000e+03 2.733126073980289482e-46
1.634125000000000000e+03 2.927440444801835429e-46
1.634250000000000000e+03 3.077618078202917695e-46
1.634375000000000000e+03 3.212830407962914308e-46
1.634500000000000000e+03 3.190971126834873174e-46
1.634625000000000000e+03 3.467025437699640087e-46
1.634750000000000000e+03 3.507084243778814932e-46
1.634875000000000000e+03 2.458073013038137856e-46
1.635000000000000000e+03 2.442455260077717775e-46
1.635125000000000000e+03 2.460682505135583597e-46
1.635250000000000000e+03 3.559658485348044519e-46
1.635375000000000000e+03 3.183105657743931407e-46
1.635500000000000000e+03 2.733409845653932493e-46
1.635625000000000000e+03 2.850423948879326577e-46
1.635750000000000000e+03 2.670092926620108010e-46
1.635875000000000000e+03 2.072297267741656261e-46
1.636000000000000000e+03 2.953983545530280872e-46
1.636125000000000000e+03 3.314790825419253554e-46
1.636250000000000000e+03 2.385333949661148901e-46
1.636375000000000000e+03 3.206803881797144666e-46
1.636500000000000000e+03 3.747000919351512160e-46
1.636625000000000000e+03 2.751430871443053305e-46
1.636750000000000000e+03 2.843345318200122507e-46
1.636875000000000000e+03 2.292739854856054844e-46
1.637000000000000000e+03 2.144973111519700614e-46
1.637125000000000000e+03 2.468996568085929904e-46
1.637250000000000000e+03 2.867758198662599085e-46
1.637375000000000000e+03 2.820480136906782215e-46
1.637500000000000000e+03 3.165245504271949202e-46
1.637625000000000000e+03 2.423274638179505512e-46
1.637750000000000000e+03 2.968276290392945172e-46
1.637875000000000000e+03 3.443464781960801040e-46
1.638000000000000000e+03 3.303003965291905861e-46
1.638125000000000000e+03 3.324179456118018805e-46
1.638250000000000000e+03 3.254415389679871542e-46
1.638375000000000000e+03 3.595510648140535253e-46
1.638500000000000000e+03 2.236535065866453400e-46
1.638625000000000000e+03 3.613885793853023603e-46
1.638750000000000000e+03 2.381004812393023976e-46
1.638875000000000000e+03 2.789469489449413725e-46
1.639000000000000000e+03 2.685143105346203408e-46
1.639125000000000000e+03 3.184779771612364592e-46
1.639250000000000000e+03 2.964938013628090606e-46
1.639375000000000000e+03 3.219785984978444035e-46
1.639500000000000000e+03 3.443789423847802391e-46
1.639625000000000000e+03 2.729763952291020270e-46
1.639750000000000000e+03 3.030430638663550932e-46
1.639875000000000000e+03 2.599728256606246552e-46
1.640000000000000000e+03 2.944742375048415595e-46
1.640125000000000000e+03 2.481227089060304843e-46
1.640250000000000000e+03 2.591190080517061983e-46
1.640375000000000000e+03 2.691827400234840124e-46
1.640500000000000000e+03 3.497260830180357410e-46
1.640625000000000000e+03 3.804144891593724827e-46
1.640750000000000000e+03 2.352261290214961113e-46
1.640875000000000000e+03 3.659185809531340562e-46
1.641000000000000000e+03 2.799099913752965119e-46
1.641125000000000000e+03 3.468312655075433169e-46
1.641250000000000000e+03 2.690620962067936351e-46
1.641375000000000000e+03 2.458740987374733608e-46
1.641500000000000000e+03 2.652833764384489691e-46
1.641625000000000000e+03 3.099800159546563407e-46
1.641750000000000000e+03 2.757849429256664805e-46
1.641875000000000000e+03 3.335473665856728967e-46
1.642000000000000000e+03 2.565826699606527945e-46
1.642125000000000000e+03 2.724160378171206552e-46
1.642250000000000000e+03 2.771974629879566721e-46
1.642375000000000000e+03 2.040712426658762926e-46
1.642500000000000000e+03 3.045085492164082911e-46
1.642625000000000000e+03 3.547815692923150114e-46
1.642750000000000000e+03 2.990860604613281726e-46
1.642875000000000000e+03 2.810637556504448036e-46
1.643000000000000000e+03 2.908408820780080522e-46
1.643125000000000000e+03 2.925208496516416221e-46
1.643250000000000000e+03 2.822069715117133593e-46
1.643375000000000000e+03 2.612210411511624390e-46
1.643500000000000000e+03 3.088116063556832497e-46
1.643625000000000000e+03 2.773413364539156454e-46
1.643750000000000000e+03 2.703250882685274632e-46
1.643875000000000000e+03 2.615978770827380488e-46
1.644000000000000000e+03 2.892460319463162610e-46
1.644125000000000000e+03 3.256817748032157641e-46
1.644250000000000000e+03 2.877058678313616757e-46
1.644375000000000000e+03 3.617552206566585530e-46
1.644500000000000000e+03 2.872862559520452977e-46
1.644625000000000000e+03 3.010762170795277718e-46
1.644750000000000000e+03 2.865313032773791037e-46
1.644875000000000000e+03 3.056289971893400277e-46
1.645000000000000000e+03 2.832759875480416851e-46
1.645125000000000000e+03 3.074563209053453263e-46
1.645250000000000000e+03 3.128589902725101976e-46
1.645375000000000000e+03 2.588645184326631510e-46
1.645500000000000000e+03 2.541574995861485928e-46
1.645625000000000000e+03 3.508389219608907996e-46
1.645750000000000000e+03 3.628803207791437264e-46
1.645875000000000000e+03 3.274093535102568795e-46
1.646000000000000000e+03 3.159497436281379908e-46
1.646125000000000000e+03 3.222604312021795236e-46
1.646250000000000000e+03 3.250092736401291811e-46
1.646375000000000000e+03 2.758374590311769313e-46
1.646500000000000000e+03 2.831033506293382554e-46
1.646625000000000000e+03 2.598617334215975539e-46
1.646750000000000000e+03 3.060500656281838481e-46
1.646875000000000000e+03 3.215315511301295649e-46
1.647000000000000000e+03 2.841195315912821320e-46
1.647125000000000000e+03 3.948155108227231050e-46
1.647250000000000000e+03 2.700182851136416557e-46
1.647375000000000000e+03 2.872786899859986842e-46
1.647500000000000000e+03 3.264681509314196286e-46
1.647625000000000000e+03 2.679551481057682488e-46
1.647750000000000000e+03 3.123232952224705862e-46
1.647875000000000000e+03 3.105928527338361148e-46
1.648000000000000000e+03 2.571586570682527484e-46
1.648125000000000000e+03 3.032904334465855048e-46
1.648250000000000000e+03 3.344484585385005059e-46
1.648375000000000000e+03 3.159577735995087603e-46
1.648500000000000000e+03 2.409387505228233346e-46
1.648625000000000000e+03 2.536227292008134226e-46
1.648750000000000000e+03 2.298284487335751192e-46
1.648875000000000000e+03 3.025226059897233035e-46
1.649000000000000000e+03 2.946743206588077651e-46
1.649125000000000000e+03 2.770791967767982643e-46
1.649250000000000000e+03 2.883287555221496415e-46
1.649375000000000000e+03 2.933608456540523794e-46
1.649500000000000000e+03 2.867049932531088966e-46
1.649625000000000000e+03 2.863580631272471425e-46
1.649750000000000000e+03 2.668860035543126673e-46
1.649875000000000000e+03 2.656846172572425296e-46
1.650000000000000000e+03 2.544413841474102475e-46
1.650125000000000000e+03 2.683769852955702819e-46
1.650250000000000000e+03 2.854785097751343546e-46
1.650375000000000000e+03 2.848003989966154795e-46
1.650500000000000000e+03 3.089978721298500594e-46
1.650625000000000000e+03 2.805153824459905912e-46
1.650750000000000000e+03 2.693804562092847597e-46
1.650875000000000000e+03 3.386261196838303574e-46
1.651000000000000000e+03 3.152311268281273908e-46
1.651125000000000000e+03 3.333306940833022506e-46
1.651250000000000000e+03 2.718533390741737295e-46
1.651375000000000000e+03 3.169597052192795329e-46
1.651500000000000000e+03 3.034265775573365647e-46
1.651625000000000000e+03 3.045939906198927128e-46
1.651750000000000000e+03 2.721559656966708646e-46
1.651875000000000000e+03 3.222228745077472999e-46
1.652000000000000000e+03 2.919941172210654785e-46
1.652125000000000000e+03 3.166608650408058547e-46
1.652250000000000000e+03 3.316275698991908345e-46
1.652375000000000000e+03 2.260947139308983170e-46
1.652500000000000000e+03 3.291482033613804597e-46
1.652625000000000000e+03 2.741793274165131537e-46
1.652750000000000000e+03 2.930953806532358189e-46
1.652875000000000000e+03 3.288852890253571956e-46
1.653000000000000000e+03 3.334060421206015565e-46
1.653125000000000000e+03 3.760846719137109913e-46
1.653250000000000000e+03 2.309897435664075470e-46
1.653375000000000000e+03 3.143466394255032428e-46
1.653500000000000000e+03 2.825084669210023254e-46
1.653625000000000000e+03 2.593378364596893085e-46
1.653750000000000000e+03 3.030613118582168591e-46
1.653875000000000000e+03 3.373890034917094268e-46
1.654000000000000000e+03 2.796008379739204973e-46
1.654125000000000000e+03 2.989598103652578913e-46
1.654250000000000000e+03 3.566740025630621959e-46
1.654375000000000000e+03 3.382283951133268675e-46
1.654500000000000000e+03 3.004507739879616876e-46
1.654625000000000000e+03 2.967313534983962736e-46
1.654750000000000000e+03 2.774103337094155083e-46
1.654875000000000000e+03 2.988309594511211130e-46
1.655000000000000000e+03 3.014495061224354891e-46
1.655125000000000000e+03 3.290527925543870340e-46
1.655250000000000000e+03 3.674503587346538236e-46
1.655375000000000000e+03 3.288658874541138630e-46
1.655500000000000000e+03 2.994396370677579906e-46
1.655625000000000000e+03 2.812205286943043495e-46
1.655750000000000000e+03 2.726887202340361501e-46
1.655875000000000000e+03 3.467049112131079146e-46
1.656000000000000000e+03 3.583807232646971626e-46
1.656125000000000000e+03 3.139008084560388584e-46
1.656250000000000000e+03 3.305001030042523607e-46
1.656375000000000000e+03 2.207433837467132213e-46
1.656500000000000000e+03 2.866522796935176034e-46
1.656625000000000000e+03 3.189666642567678068e-46
1.656750000000000000e+03 3.262094445648506991e-46
1.656875000000000000e+03 2.519561234737466186e-46
1.657000000000000000e+03 2.726004743083890035e-46
1.657125000000000000e+03 2.669101762446043221e-46
1.657250000000000000e+03 2.586111079865881876e-46
1.657375000000000000e+03 3.249603496950696638e-46
1.657500000000000000e+03 3.470864606507355298e-46
1.657625000000000000e+03 3.324958449491609239e-46
1.657750000000000000e+03 2.721368694850640643e-46
1.657875000000000000e+03 3.105926972361730561e-46
1.658000000000000000e+03 3.048550843141111234e-46
1.658125000000000000e+03 3.547572149453696244e-46
1.658250000000000000e+03 3.693447074096955274e-46
1.658375000000000000e+03 3.184150138496437392e-46
1.658500000000000000e+03 2.731479029766107534e-46
1.658625000000000000e+03 2.692579720436317215e-46
1.658750000000000000e+03 2.933468365681507472e-46
1.658875000000000000e+03 3.970008901714942254e-46
1.659000000000000000e+03 2.489908546595940524e-46
1.659125000000000000e+03 2.529055786531864196e-46
1.659250000000000000e+03 2.837660533175136148e-46
1.659375000000000000e+03 3.360670951290924213e-46
1.659500000000000000e+03 2.396234978876207419e-46
1.659625000000000000e+03 3.345914208473584519e-46
1.659750000000000000e+03 2.896629220701446549e-46
1.659875000000000000e+03 2.494962264394131900e-46
1.660000000000000000e+03 3.123421183928659472e-46
1.660125000000000000e+03 3.047467696706609074e-46
1.660250000000000000e+03 2.761497445537099619e-46
1.660375000000000000e+03 2.854413822585819745e-46
1.660500000000000000e+03 2.747314918822738167e-46
1.660625000000000000e+03 3.022786883243848536e-46
1.660750000000000000e+03 3.948190740995393499e-46
1.660875000000000000e+03 3.113784657275919409e-46
1.661000000000000000e+03 3.384189253468154646e-46
1.661125000000000000e+03 3.140444434183180419e-46
1.661250000000000000e+03 3.080933060162815025e-46
1.661375000000000000e+03 2.973473531714705701e-46
1.661500000000000000e+03 3.234979506095474980e-46
1.661625000000000000e+03 3.145136201103372507e-46
1.661750000000000000e+03 2.867922067350018395e-46
1.661875000000000000e+03 2.901381067442119220e-46
1.662000000000000000e+03 3.339402208442516221e-46
1.662125000000000000e+03 3.359461238507515669e-46
1.662250000000000000e+03 3.292183607083853499e-46
1.662375000000000000e+03 3.972550611082264770e-46
1.662500000000000000e+03 2.982830135518467834e-46
1.662625000000000000e+03 3.140909657412194818e-46
1.662750000000000000e+03 3.112333123224880061e-46
1.662875000000000000e+03 3.181755283984203234e-46
1.663000000000000000e+03 3.194414890050896065e-46
1.663125000000000000e+03 2.860523409444175655e-46
1.663250000000000000e+03 3.627837667816460834e-46
1.663375000000000000e+03 3.133536675208129616e-46
1.663500000000000000e+03 2.610900912732431194e-46
1.663625000000000000e+03 3.072156092838369223e-46
1.663750000000000000e+03 4.182268799890568806e-46
1.663875000000000000e+03 3.045811403318858736e-46
1.664000000000000000e+03 2.362683216131746535e-46
1.664125000000000000e+03 2.685850519050064390e-46
1.664250000000000000e+03 3.103292404726675679e-46
1.664375000000000000e+03 2.880023382466376268e-46
1.664500000000000000e+03 3.107863663070779945e-46
1.664625000000000000e+03 2.459577111792749177e-46
1.664750000000000000e+03 3.295666999323991156e-46
1.664875000000000000e+03 3.661809961715492299e-46
1.665000000000000000e+03 4.232932871831807723e-46
1.665125000000000000e+03 2.838700518844500436e-46
1.665250000000000000e+03 3.440155818277088299e-46
1.665375000000000000e+03 3.645913776993862768e-46
1.665500000000000000e+03 3.058127378895585160e-46
1.665625000000000000e+03 2.493019624361615422e-46
1.665750000000000000e+03 3.106643730631976988e-46
1.665875000000000000e+03 3.349909798635034331e-46
1.666000000000000000e+03 2.669619326664822200e-46
1.666125000000000000e+03 3.104459401282855373e-46
1.666250000000000000e+03 2.805692902332699360e-46
1.666375000000000000e+03 3.378596972787453568e-46
1.666500000000000000e+03 3.258189406597338689e-46
1.666625000000000000e+03 3.089440524386290105e-46
1.666750000000000000e+03 2.978876589305106203e-46
1.666875000000000000e+03 3.196385337746625442e-46
1.667000000000000000e+03 3.169333713576496101e-46
1.667125000000000000e+03 3.185804379056641011e-46
1.667250000000000000e+03 2.394080805687087198e-46
1.667375000000000000e+03 3.116760613314060934e-46
1.667500000000000000e+03 3.822896265776593496e-46
1.667625000000000000e+03 3.388404662982497440e-46
1.667750000000000000e+03 3.172845808861104987e-46
1.667875000000000000e+03 3.015177498271211879e-46
1.668000000000000000e+03 2.773233765800022296e-46
1.668125000000000000e+03 2.837833504892893427e-46
1.668250000000000000e+03 3.913601596627517672e-46
1.668375000000000000e+03 2.967568397591487910e-46
1.668500000000000000e+03 2.859521099825908623e-46
1.668625000000000000e+03 2.903912618428027192e-46
1.668750000000000000e+03 3.028534421379429073e-46
1.668875000000000000e+03 2.879697710481974591e-46
1.669000000000000000e+03 2.902079684711802248e-46
1.669125000000000000e+03 3.162315794943310497e-46
1.669250000000000000e+03 3.591273134925783381e-46
1.669375000000000000e+03 4.282084819395055764e-46
1.669500000000000000e+03 3.725166086237949388e-46
1.669625000000000000e+03 3.129515509007507069e-46
1.669750000000000000e+03 2.889322533130465505e-46
1.669875000000000000e+03 2.851429171040045756e-46
1.670000000000000000e+03 3.135847736193528025e-46
1.670125000000000000e+03 3.358389608115346621e-46
1.670250000000000000e+03 2.912227676759538451e-46
1.670375000000000000e+03 3.041771139820145178e-46
1.670500000000000000e+03 4.030834627882844206e-46
1.670625000000000000e+03 2.366807072175187800e-46
1.670750000000000000e+03 3.981092848833544180e-46
1.670875000000000000e+03 3.342644450986881883e-46
1.671000000000000000e+03 2.856415228545466550e-46
1.671125000000000000e+03 2.764380964208216053e-46
1.671250000000000000e+03 3.312866101515307874e-46
1.671375000000000000e+03 3.284552147659337782e-46
1.671500000000000000e+03 2.718638029342584093e-46
1.671625000000000000e+03 2.867783477710137353e-46
1.671750000000000000e+03 3.123798557385935254e-46
1.671875000000000000e+03 3.119383453860185832e-46
1.672000000000000000e+03 3.087797910295808591e-46
1.672125000000000000e+03 3.987579339147755580e-46
1.672250000000000000e+03 3.007955305629290616e-46
1.672375000000000000e+03 3.152511027166036885e-46
1.672500000000000000e+03 3.020848041163567557e-46
1.672625000000000000e+03 2.717766329767800354e-46
1.672750000000000000e+03 2.316326914243402049e-46
1.672875000000000000e+03 2.869146124864884059e-46
1.673000000000000000e+03 2.955723512913754239e-46
1.673125000000000000e+03 2.899217763921005232e-46
1.673250000000000000e+03 2.606708179152958093e-46
1.673375000000000000e+03 3.627902016301883576e-46
1.673500000000000000e+03 2.857916507086093928e-46
1.673625000000000000e+03 2.950615304483362337e-46
1.673750000000000000e+03 3.274184679406438823e-46
1.673875000000000000e+03 2.383157041638863428e-46
1.674000000000000000e+03 3.299551125446820335e-46
1.674125000000000000e+03 3.650386631589785088e-46
1.674250000000000000e+03 3.000168327037135884e-46
1.674375000000000000e+03 3.626819279779148769e-46
1.674500000000000000e+03 2.947024308338441913e-46
1.674625000000000000e+03 3.286422448556056337e-46
1.674750000000000000e+03 3.268562750401895493e-46
1.674875000000000000e+03 2.718636706839519122e-46
1.675000000000000000e+03 2.967395920951363893e-46
1.675125000000000000e+03 3.095756330181724536e-46
1.675250000000000000e+03 2.860330637179049779e-46
1.675375000000000000e+03 3.797869501509164893e-46
1.675500000000000000e+03 3.585227475456263420e-46
1.675625000000000000e+03 2.850936949501737871e-46
1.675750000000000000e+03 2.880093148761283703e-46
1.675875000000000000e+03 3.197449762723530432e-46
1.676000000000000000e+03 3.013767887321546947e-46
1.676125000000000000e+03 3.176797720440704983e-46
1.676250000000000000e+03 3.424704783534489921e-46
1.676375000000000000e+03 3.313251703052645058e-46
1.676500000000000000e+03 3.156891615166081596e-46
1.676625000000000000e+03 3.347169229958036014e-46
1.676750000000000000e+03 3.444355096156918107e-46
1.676875000000000000e+03 3.348533227535763558e-46
1.677000000000000000e+03 2.792557435369084401e-46
1.677125000000000000e+03 3.108697333429069339e-46
1.677250000000000000e+03 3.370295293432427236e-46
1.677375000000000000e+03 3.317319101318974288e-46
1.677500000000000000e+03 3.131291431020975454e-46
1.677625000000000000e+03 3.889262204646065626e-46
1.677750000000000000e+03 2.959208680278926783e-46
1.677875000000000000e+03 3.384911811577332043e-46
1.678000000000000000e+03 3.515535302858883459e-46
1.678125000000000000e+03 3.590196642406307348e-46
1.678250000000000000e+03 2.327430001515163510e-46
1.678375000000000000e+03 2.756926475714606628e-46
1.678500000000000000e+03 3.666442976581219813e-46
1.678625000000000000e+03 2.704354504634005965e-46
1.678750000000000000e+03 2.172484700811761330e-46
1.678875000000000000e+03 3.494746513890906122e-46
1.679000000000000000e+03 2.738418612164032479e-46
1.679125000000000000e+03 3.497851678651552872e-46
1.679250000000000000e+03 3.546336766358587291e-46
1.679375000000000000e+03 3.568805549120834099e-46
1.679500000000000000e+03 3.045148623619497021e-46
1.679625000000000000e+03 2.814199455413132333e-46
1.679750000000000000e+03 2.939383933020901844e-46
1.679875000000000000e+03 3.351837704065681221e-46
1.680000000000000000e+03 3.462218038886730842e-46
1.680125000000000000e+03 3.276833391155285118e-46
1.680250000000000000e+03 3.026840839550557546e-46
1.680375000000000000e+03 2.811208686565577019e-46
1.680500000000000000e+03 3.744803154471202282e-46
1.680625000000000000e+03 2.708297421527760876e-46
1.680750000000000000e+03 3.407678216075184900e-46
1.680875000000000000e+03 2.931848506494696645e-46
1.681000000000000000e+03 3.547948688909401594e-46
1.681125000000000000e+03 2.407962481451112737e-46
1.681250000000000000e+03 2.723960048001210594e-46
1.681375000000000000e+03 3.307948003182332016e-46
1.681500000000000000e+03 2.814530615962961834e-46
1.681625000000000000e+03 2.886348534643655059e-46
1.681750000000000000e+03 2.835827460516471001e-46
1.681875000000000000e+03 3.466581139910812700e-46
1.682000000000000000e+03 3.610485221307676276e-46
1.682125000000000000e+03 3.778452020332349490e-46
1.682250000000000000e+03 2.596717901637912146e-46
1.682375000000000000e+03 3.389473044781035327e-46
1.682500000000000000e+03 3.483978134056428683e-46
1.682625000000000000e+03 3.130992371319325767e-46
1.682750000000000000e+03 2.800919893938612147e-46
1.682875000000000000e+03 2.583987152229928679e-46
1.683000000000000000e+03 2.990058394218594763e-46
1.683125000000000000e+03 2.506273036034577762e-46
1.683250000000000000e+03 3.324944545441819595e-46
1.683375000000000000e+03 3.198735813354608807e-46
1.683500000000000000e+03 3.406308843390453630e-46
1.683625000000000000e+03 2.461414178997358276e-46
1.683750000000000000e+03 3.563715958410801351e-46
1.683875000000000000e+03 3.454494810262713332e-46
1.684000000000000000e+03 2.924307538647575286e-46
1.684125000000000000e+03 3.060035711191452605e-46
1.684250000000000000e+03 2.430695339101673026e-46
1.684375000000000000e+03 3.079910763188810478e-46
1.684500000000000000e+03 2.866805601385263863e-46
1.684625000000000000e+03 3.737583567352688149e-46
1.684750000000000000e+03 3.328295393675266819e-46
1.684875000000000000e+03 2.733552682604411482e-46
1.685000000000000000e+03 2.910896011663839381e-46
1.685125000000000000e+03 2.804478243090851801e-46
1.685250000000000000e+03 3.056438619079933237e-46
1.685375000000000000e+03 3.062347215996591793e-46
1.685500000000000000e+03 2.639728835152427104e-46
1.685625000000000000e+03 2.377545535579192157e-46
1.685750000000000000e+03 3.149056513232282237e-46
1.685875000000000000e+03 2.689128396615719583e-46
1.686000000000000000e+03 2.755928854593124314e-46
1.686125000000000000e+03 2.913079927988669706e-46
1.686250000000000000e+03 4.231816041384911849e-46
1.686375000000000000e+03 3.487828285121547531e-46
1.686500000000000000e+03 2.839461967606403693e-46
1.686625000000000000e+03 3.403163675167946426e-46
1.686750000000000000e+03 3.030085076531840176e-46
1.686875000000000000e+03 3.579345417287217823e-46
1.687000000000000000e+03 3.510316917666331201e-46
1.687125000000000000e+03 3.776898284409084581e-46
1.687250000000000000e+03 3.145353982355997046e-46
1.687375000000000000e+03 3.194908402530745247e-46
1.687500000000000000e+03 2.388970818820337195e-46
1.687625000000000000e+03 3.818538626692930782e-46
1.687750000000000000e+03 3.586141841812427173e-46
1.687875000000000000e+03 3.039534659086062332e-46
1.688000000000000000e+03 2.617526667231872162e-46
1.688125000000000000e+03 3.805636336337580944e-46
1.688250000000000000e+03 3.519419057143220475e-46
1.688375000000000000e+03 3.428694768821266560e-46
1.688500000000000000e+03 2.720079178644521574e-46
1.688625000000000000e+03 3.099934083102755869e-46
1.688750000000000000e+03 2.954082178247683233e-46
1.688875000000000000e+03 2.680760274643643422e-46
1.689000000000000000e+03 3.068869708491643604e-46
1.689125000000000000e+03 2.717855356718413341e-46
1.689250000000000000e+03 2.954584066904933491e-46
1.689375000000000000e+03 3.583931685920667826e-46
1.689500000000000000e+03 3.559980315772738010e-46
1.689625000000000000e+03 3.612642644645152347e-46
1.689750000000000000e+03 3.303210678439714276e-46
1.689875000000000000e+03 3.496075945286588132e-46
1.690000000000000000e+03 3.265513618427878918e-46
1.690125000000000000e+03 3.410855691676183515e-46
1.690250000000000000e+03 3.793931540682589082e-46
1.690375000000000000e+03 3.149100541668987696e-46
1.690500000000000000e+03 2.845958194749942240e-46
1.690625000000000000e+03 3.539499066669277364e-46
1.690750000000000000e+03 3.301605356657088280e-46
1.690875000000000000e+03 3.064400188611098002e-46
1.691000000000000000e+03 3.046739915255481757e-46
1.691125000000000000e+03 2.634999101191390336e-46
1.691250000000000000e+03 2.994884786882484088e-46
1.691375000000000000e+03 3.213042547236747324e-46
1.691500000000000000e+03 3.499451948625728084e-46
1.691625000000000000e+03 3.099954054855215638e-46
1.691750000000000000e+03 2.690371797196230216e-46
1.691875000000000000e+03 2.685193043228455119e-46
1.692000000000000000e+03 3.081714272469816731e-46
1.692125000000000000e+03 3.891047622905085539e-46
1.692250000000000000e+03 3.058499559956897586e-46
1.692375000000000000e+03 2.880171588092700568e-46
1.692500000000000000e+03 3.312098560662388740e-46
1.692625000000000000e+03 2.929719529789163425e-46
1.692750000000000000e+03 3.480829562258811947e-46
1.692875000000000000e+03 2.865634223537269495e-46
1.693000000000000000e+03 3.040291562445078188e-46
1.693125000000000000e+03 2.637813791471054378e-46
1.693250000000000000e+03 3.207037816225544780e-46
1.693375000000000000e+03 3.426213909564282362e-46
1.693500000000000000e+03 3.326399014397766665e-46
1.693625000000000000e+03 2.483927515816807327e-46
1.693750000000000000e+03 2.693968431164599943e-46
1.693875000000000000e+03 4.047860024497181932e-46
1.694000000000000000e+03 3.267646648854855862e-46
1.694125000000000000e+03 3.450545447835738733e-46
1.694250000000000000e+03 3.819375798762144939e-46
1.694375000000000000e+03 3.033831723815827439e-46
1.694500000000000000e+03 3.529652433195568082e-46
1.694625000000000000e+03 2.845048235900980417e-46
1.694750000000000000e+03 2.746548565189047049e-46
1.694875000000000000e+03 3.237189206228396429e-46
1.695000000000000000e+03 2.989433364614099322e-46
1.695125000000000000e+03 3.313247064010829393e-46
1.695250000000000000e+03 3.374268636966075206e-46
1.695375000000000000e+03 3.342555169240762646e-46
1.695500000000000000e+03 3.441245690922628816e-46
1.695625000000000000e+03 2.717660749571471449e-46
1.695750000000000000e+03 3.610754725016965022e-46
1.695875000000000000e+03 3.203364657864009304e-46
1.696000000000000000e+03 3.115923349362013753e-46
1.696125000000000000e+03 3.115174621364138956e-46
1.696250000000000000e+03 3.358666927562995190e-46
1.696375000000000000e+03 3.439953831719060529e-46
1.696500000000000000e+03 3.388170809182898923e-46
1.696625000000000000e+03 2.913461257823803110e-46
1.696750000000000000e+03 3.362834940741805492e-46
1.696875000000000000e+03 3.881220365296818760e-46
1.697000000000000000e+03 3.157120356913011080e-46
1.697125000000000000e+03 3.237420805702526120e-46
1.697250000000000000e+03 3.396080517704837020e-46
1.697375000000000000e+03 3.692690333484756842e-46
1.697500000000000000e+03 2.908554951831480692e-46
1.697625000000000000e+03 3.060640523887250669e-46
1.697750000000000000e+03 2.732500814743613638e-46
1.697875000000000000e+03 3.044057968273932618e-46
1.698000000000000000e+03 3.197033496304755116e-46
1.698125000000000000e+03 2.790890388993225416e-46
1.698250000000000000e+03 3.540111865639612956e-46
1.698375000000000000e+03 2.986939875182740162e-46
1.698500000000000000e+03 3.373591129087645587e-46
1.698625000000000000e+03 3.426434573967062597e-46
1.698750000000000000e+03 3.335413258735432787e-46
1.698875000000000000e+03 3.225956518304726490e-46
1.699000000000000000e+03 3.477935497897215306e-46
1.699125000000000000e+03 2.968190057431735146e-46
1.699250000000000000e+03 3.134168248927686039e-46
1.699375000000000000e+03 2.940642734908913282e-46
1.699500000000000000e+03 3.082345700618639914e-46
1.699625000000000000e+03 2.440552686002920945e-46
1.699750000000000000e+03 2.600767665771951716e-46
1.699875000000000000e+03 3.174551189508939766e-46
1.700000000000000000e+03 2.812972844032467961e-46
1.700125000000000000e+03 3.576705863147017797e-46
1.700250000000000000e+03 3.875883465250942415e-46
1.700375000000000000e+03 2.891656900804286069e-46
1.700500000000000000e+03 3.526433690916781211e-46
1.700625000000000000e+03 3.091187705190017235e-46
1.700750000000000000e+03 3.350435677681260445e-46
1.700875000000000000e+03 3.494869799154911574e-46
1.701000000000000000e+03 2.814239115745536056e-46
1.701125000000000000e+03 3.129928519061742573e-46
1.701250000000000000e+03 2.778283437509083102e-46
1.701375000000000000e+03 2.751688529405634200e-46
1.701500000000000000e+03 2.783349494137983578e-46
1.701625000000000000e+03 4.227649670340253079e-46
1.701750000000000000e+03 3.154148156659700721e-46
1.701875000000000000e+03 3.116991511569950039e-46
1.702000000000000000e+03 3.234339610705446241e-46
1.702125000000000000e+03 4.052901750445838352e-46
1.702250000000000000e+03 3.113915949137810879e-46
1.702375000000000000e+03 2.988807796116245503e-46
1.702500000000000000e+03 3.229273953361203809e-46
1.702625000000000000e+03 3.473512344749827568e-46
1.702750000000000000e+03 3.430357158143220380e-46
1.702875000000000000e+03 2.746201072058714902e-46
1.703000000000000000e+03 3.650878077685281830e-46
1.703125000000000000e+03 3.444409088790770714e-46
1.703250000000000000e+03 2.983584085719697782e-46
1.703375000000000000e+03 3.711064117809549465e-46
1.703500000000000000e+03 2.757257343028078677e-46
1.703625000000000000e+03 3.533317185014248570e-46
1.703750000000000000e+03 2.832369970392491044e-46
1.703875000000000000e+03 2.844410690487558814e-46
1.704000000000000000e+03 3.309718213594281497e-46
1.704125000000000000e+03 3.251015146567727562e-46
1.704250000000000000e+03 3.353491217093732277e-46
1.704375000000000000e+03 3.610476838983381402e-46
1.704500000000000000e+03 3.129810472448279343e-46
1.704625000000000000e+03 3.627063392998953793e-46
1.704750000000000000e+03 3.360645987444367827e-46
1.704875000000000000e+03 3.648274569101293935e-46
1.705000000000000000e+03 2.847851800099398980e-46
1.705125000000000000e+03 2.871876355066173884e-46
1.705250000000000000e+03 3.462743751928995833e-46
1.705375000000000000e+03 3.652524276571752340e-46
1.705500000000000000e+03 3.035680977752511765e-46
1.705625000000000000e+03 3.027185279931984702e-46
1.705750000000000000e+03 3.256675819674004032e-46
1.705875000000000000e+03 3.155357779015164706e-46
1.706000000000000000e+03 3.763593595828422684e-46
1.706125000000000000e+03 3.708055120706310369e-46
1.706250000000000000e+03 3.592414970356159205e-46
1.706375000000000000e+03 2.972287942664850386e-46
1.706500000000000000e+03 3.897154441534724407e-46
1.706625000000000000e+03 3.123068134226412869e-46
1.706750000000000000e+03 3.503394698337370897e-46
1.706875000000000000e+03 3.630782418105148590e-46
1.707000000000000000e+03 3.002897562756626482e-46
1.707125000000000000e+03 3.385105394794311137e-46
1.707250000000000000e+03 3.785840544210885964e-46
1.707375000000000000e+03 3.637139788835068904e-46
1.707500000000000000e+03 3.129544088860193177e-46
1.707625000000000000e+03 3.287951273483449384e-46
1.707750000000000000e+03 2.499435164246831705e-46
1.707875000000000000e+03 2.795724717324589171e-46
1.708000000000000000e+03 3.102963919384423243e-46
1.708125000000000000e+03 2.972720166580309605e-46
1.708250000000000000e+03 3.603855097878035598e-46
1.708375000000000000e+03 2.703292989312070534e-46
1.708500000000000000e+03 3.146064694867392294e-46
1.708625000000000000e+03 3.279400047921426212e-46
1.708750000000000000e+03 2.831561783119707840e-46
1.708875000000000000e+03 3.206547414502402886e-46
1.709000000000000000e+03 2.909226850821286493e-46
1.709125000000000000e+03 2.811604679481047313e-46
1.709250000000000000e+03 3.840782718009237931e-46
1.709375000000000000e+03 3.404615931507895199e-46
1.709500000000000000e+03 3.823469030881986482e-46
1.709625000000000000e+03 2.815861396859930000e-46
1.709750000000000000e+03 3.539242866736573302e-46
1.709875000000000000e+03 2.792219830155767329e-46
1.710000000000000000e+03 3.300931714877236447e-46
1.710125000000000000e+03 2.909387272215883647e-46
1.710250000000000000e+03 3.868953284506525270e-46
1.710375000000000000e+03 3.077296809168305932e-46
1.710500000000000000e+03 3.309195177061092876e-46
1.710625000000000000e+03 3.500801980437365080e-46
1.710750000000000000e+03 3.264891280244135400e-46
1.710875000000000000e+03 3.100788403458815356e-46
1.711000000000000000e+03 3.339831792419040313e-46
1.711125000000000000e+03 3.642907387666991418e-46
1.711250000000000000e+03 2.884977757318087642e-46
1.711375000000000000e+03 3.422910591348712768e-46
1.711500000000000000e+03 3.159447439132439858e-46
1.711625000000000000e+03 3.581914738792081840e-46
1.711750000000000000e+03 2.748159639186212694e-46
1.711875000000000000e+03 3.058398799825306194e-46
1.712000000000000000e+03 3.124737629170644438e-46
1.712125000000000000e+03 2.974378956300749125e-46
1.712250000000000000e+03 2.703385437694755228e-46
1.712375000000000000e+03 3.044085071371567184e-46
1.712500000000000000e+03 3.260573723644487542e-46
1.712625000000000000e+03 3.640803329118662084e-46
1.712750000000000000e+03 2.877467738706330508e-46
1.712875000000000000e+03 3.772441281498923267e-46
1.713000000000000000e+03 3.507267769052995458e-46
1.713125000000000000e+03 2.644165885407357605e-46
1.713250000000000000e+03 3.287431220435696155e-46
1.713375000000000000e+03 4.398991973686741968e-46
1.713500000000000000e+03 2.782168281085165842e-46
1.713625000000000000e+03 3.036413275606765390e-46
1.713750000000000000e+03 3.492840573162859216e-46
1.713875000000000000e+03 3.221182711678850203e-46
1.714000000000000000e+03 3.392417822282939723e-46
1.714125000000000000e+03 2.504736982732558514e-46
1.714250000000000000e+03 2.908785420851469126e-46
1.714375000000000000e+03 3.225313048481127555e-46
1.714500000000000000e+03 3.235720968514754611e-46
1.714625000000000000e+03 3.063695381810777478e-46
1.714750000000000000e+03 3.202480265168453270e-46
1.714875000000000000e+03 3.403091694235319159e-46
1.715000000000000000e+03 3.201605394248216477e-46
1.715125000000000000e+03 4.124414720524327318e-46
1.715250000000000000e+03 2.752584821655441215e-46
1.715375000000000000e+03 2.955254538781388100e-46
1.715500000000000000e+03 2.617819017457082858e-46
1.715625000000000000e+03 2.827015270685193984e-46
1.715750000000000000e+03 2.854495638535332208e-46
1.715875000000000000e+03 3.369360478305714334e-46
1.716000000000000000e+03 3.710899975712576690e-46
1.716125000000000000e+03 3.013205928453448804e-46
1.716250000000000000e+03 2.937163994574908429e-46
1.716375000000000000e+03 2.839546284704720156e-46
1.716500000000000000e+03 2.935625498842081318e-46
1.716625000000000000e+03 2.861234261594905973e-46
1.716750000000000000e+03 3.379954136525464262e-46
1.716875000000000000e+03 3.340983860773010717e-46
1.717000000000000000e+03 3.048345273381353194e-46
1.717125000000000000e+03 2.750415858481486228e-46
1.717250000000000000e+03 3.339530378374585288e-46
1.717375000000000000e+03 3.557466836866994004e-46
1.717500000000000000e+03 3.169586326563577497e-46
1.717625000000000000e+03 4.217909109917656575e-46
1.717750000000000000e+03 2.999096699997508970e-46
1.717875000000000000e+03 3.686403296446280815e-46
1.718000000000000000e+03 3.493012144024011107e-46
1.718125000000000000e+03 2.923063945999651971e-46
1.718250000000000000e+03 3.619752554011183482e-46
1.718375000000000000e+03 2.952936868176807532e-46
1.718500000000000000e+03 2.530193023236763235e-46
1.718625000000000000e+03 3.108747272193181433e-46
1.718750000000000000e+03 3.298279985599871505e-46
1.718875000000000000e+03 2.674412066992603221e-46
1.719000000000000000e+03 2.675983948810477944e-46
1.719125000000000000e+03 3.430882153330080728e-46
1.719250000000000000e+03 3.049452986456966947e-46
1.719375000000000000e+03 2.667676402690118822e-46
1.719500000000000000e+03 3.293827466283327951e-46
1.719625000000000000e+03 2.982647349216891053e-46
1.719750000000000000e+03 2.572172611170485367e-46
1.719875000000000000e+03 2.592504666761711506e-46
1.720000000000000000e+03 2.678411431759292432e-46
1.720125000000000000e+03 3.643768609520397984e-46
1.720250000000000000e+03 3.864556668362618219e-46
1.720375000000000000e+03 3.101665605159002490e-46
1.720500000000000000e+03 3.282283916410246109e-46
1.720625000000000000e+03 3.509355196048106713e-46
1.720750000000000000e+03 2.930579009437895391e-46
1.720875000000000000e+03 2.941570286393205151e-46
1.721000000000000000e+03 3.217988354337725518e-46
1.721125000000000000e+03 4.152398554556218257e-46
1.721250000000000000e+03 2.952731091183494384e-46
1.721375000000000000e+03 3.108962915374675275e-46
1.721500000000000000e+03 3.488098562302858543e-46
1.721625000000000000e+03 3.179591595074576003e-46
1.721750000000000000e+03 3.235345893065626649e-46
1.721875000000000000e+03 3.545171925904234610e-46
1.722000000000000000e+03 3.199221518774257492e-46
1.722125000000000000e+03 3.287691029504192723e-46
1.722250000000000000e+03 3.407983362467520139e-46
1.722375000000000000e+03 2.771808483187947931e-46
1.722500000000000000e+03 2.968138871416746821e-46
1.722625000000000000e+03 3.525964523885428638e-46
1.722750000000000000e+03 2.942814637465980301e-46
1.722875000000000000e+03 3.242551966967781443e-46
1.723000000000000000e+03 2.993017378600759921e-46
1.723125000000000000e+03 3.606545749185388925e-46
1.723250000000000000e+03 2.871884672316034729e-46
1.723375000000000000e+03 4.026533510705002312e-46
1.723500000000000000e+03 3.333619551972701135e-46
1.723625000000000000e+03 3.759858720429761886e-46
1.723750000000000000e+03 3.265419154042231119e-46
1.723875000000000000e+03 2.661404632112940196e-46
1.724000000000000000e+03 3.029156239054856409e-46
1.724125000000000000e+03 3.144945604385474862e-46
1.724250000000000000e+03 3.039698520778534768e-46
1.724375000000000000e+03 3.406064447599754462e-46
1.724500000000000000e+03 3.621160342967071284e-46
1.724625000000000000e+03 3.513075366485237151e-46
1.724750000000000000e+03 3.688074578028095587e-46
1.724875000000000000e+03 2.984070032384607608e-46
1.725000000000000000e+03 2.980290922042704394e-46
1.725125000000000000e+03 3.872277888322809808e-46
1.725250000000000000e+03 3.147694547881064478e-46
1.725375000000000000e+03 3.694322438236166630e-46
1.725500000000000000e+03 3.460039905384908269e-46
1.725625000000000000e+03 3.004542197904772434e-46
1.725750000000000000e+03 3.696292472705855730e-46
1.725875000000000000e+03 4.160729395838627956e-46
1.726000000000000000e+03 3.617712779586085629e-46
1.726125000000000000e+03 2.946982520578365830e-46
1.726250000000000000e+03 2.697096240954233657e-46
1.726375000000000000e+03 3.353905979051359488e-46
1.726500000000000000e+03 3.199927087423670845e-46
1.726625000000000000e+03 2.628863063815374861e-46
1.726750000000000000e+03 3.737735812995189920e-46
1.726875000000000000e+03 2.663348045598300774e-46
1.727000000000000000e+03 3.797616703419243153e-46
1.727125000000000000e+03 3.145975246258741186e-46
1.727250000000000000e+03 2.478356138710188886e-46
1.727375000000000000e+03 2.850197576657062638e-46
1.727500000000000000e+03 3.693704545050344326e-46
1.727625000000000000e+03 4.225325899340061415e-46
1.727750000000000000e+03 3.957155592870109392e-46
1.727875000000000000e+03 3.371997000332632655e-46
1.728000000000000000e+03 3.278353498052937114e-46
1.728125000000000000e+03 3.704632122176233109e-46
1.728250000000000000e+03 2.695665916998611423e-46
1.728375000000000000e+03 2.889528434616147908e-46
1.728500000000000000e+03 3.019083908190662718e-46
1.728625000000000000e+03 2.795636740041023726e-46
1.728750000000000000e+03 3.455084325641041879e-46
1.728875000000000000e+03 3.073352945504267275e-46
1.729000000000000000e+03 3.231225430799519073e-46
1.729125000000000000e+03 2.987147623268211353e-46
1.729250000000000000e+03 3.069047579662436738e-46
1.729375000000000000e+03 3.094883540201742843e-46
1.729500000000000000e+03 2.704956440050105293e-46
1.729625000000000000e+03 3.626394580130642901e-46
1.729750000000000000e+03 4.127600186030114264e-46
1.729875000000000000e+03 2.965311536392745035e-46
1.730000000000000000e+03 2.877083742908937977e-46
1.730125000000000000e+03 2.615874021623782850e-46
1.730250000000000000e+03 3.937648036938459246e-46
1.730375000000000000e+03 3.496199940509870064e-46
1.730500000000000000e+03 3.509226046538212602e-46
1.730625000000000000e+03 3.958081959645759692e-46
1.730750000000000000e+03 3.146791390154997323e-46
1.730875000000000000e+03 3.518922173598734200e-46
1.731000000000000000e+03 2.501144228633983176e-46
1.731125000000000000e+03 2.783225913645335167e-46
1.731250000000000000e+03 3.850627848563602482e-46
1.731375000000000000e+03 3.539991530332773750e-46
1.731500000000000000e+03 3.863802489776740408e-46
1.731625000000000000e+03 3.140089843250241166e-46
1.731750000000000000e+03 3.773534754103971817e-46
1.731875000000000000e+03 3.479826084813870325e-46
1.732000000000000000e+03 3.495683842927587461e-46
1.732125000000000000e+03 3.531624643341432123e-46
1.732250000000000000e+03 3.327750234014841272e-46
1.732375000000000000e+03 3.657644985815466211e-46
1.732500000000000000e+03 3.192381646720757812e-46
1.732625000000000000e+03 2.963792840270983699e-46
1.732750000000000000e+03 3.671429972518940711e-46
1.732875000000000000e+03 3.231673574916839152e-46
1.733000000000000000e+03 3.439236068150331129e-46
1.733125000000000000e+03 3.721154646771232882e-46
1.733250000000000000e+03 3.596820615720781602e-46
1.733375000000000000e+03 3.958120589204665540e-46
1.733500000000000000e+03 3.236319124416708342e-46
1.733625000000000000e+03 3.499533482745205707e-46
1.733750000000000000e+03 3.201243763968513957e-46
1.733875000000000000e+03 3.381580445187108703e-46
1.734000000000000000e+03 3.496198096667163692e-46
1.734125000000000000e+03 3.266597103131222598e-46
1.734250000000000000e+03 3.556267035475236512e-46
1.734375000000000000e+03 3.384625887746420987e-46
1.734500000000000000e+03 3.801704848166621609e-46
1.734625000000000000e+03 3.063853618967811358e-46
1.734750000000000000e+03 3.001629121803688296e-46
1.734875000000000000e+03 3.435838557634213526e-46
1.735000000000000000e+03 3.486479364809353610e-46
1.735125000000000000e+03 3.026928410836330042e-46
1.735250000000000000e+03 2.793074184422048304e-46
1.735375000000000000e+03 3.500649132266201525e-46
1.735500000000000000e+03 3.796657730597694915e-46
1.735625000000000000e+03 3.809870573964245395e-46
1.735750000000000000e+03 3.270618424705052993e-46
1.735875000000000000e+03 3.772089227115990678e-46
1.736000000000000000e+03 2.860240158585165473e-46
1.736125000000000000e+03 2.986907117981540847e-46
1.736250000000000000e+03 4.077498138300189272e-46
1.736375000000000000e+03 4.412835261478301169e-46
1.736500000000000000e+03 2.968633077538590079e-46
1.736625000000000000e+03 3.661553831957747939e-46
1.736750000000000000e+03 3.195828895372776126e-46
1.736875000000000000e+03 3.164011522033745897e-46
1.737000000000000000e+03 3.164074242021363856e-46
1.737125000000000000e+03 5.070672085821864915e-46
1.737250000000000000e+03 3.214902409530908252e-46
1.737375000000000000e+03 2.926851913115470005e-46
1.737500000000000000e+03 3.342219913146056422e-46
1.737625000000000000e+03 3.321818323682272661e-46
1.737750000000000000e+03 2.802249601460632124e-46
1.737875000000000000e+03 2.756622706587528539e-46
1.738000000000000000e+03 3.367616713550478222e-46
1.738125000000000000e+03 4.553260979987250793e-46
1.738250000000000000e+03 2.938022725500117390e-46
1.738375000000000000e+03 2.568363174770504042e-46
1.738500000000000000e+03 3.548887767323096515e-46
1.738625000000000000e+03 3.168649752761794189e-46
1.738750000000000000e+03 2.907670079332293847e-46
1.738875000000000000e+03 4.082401802698604155e-46
1.739000000000000000e+03 2.534874751257261814e-46
1.739125000000000000e+03 3.330346826955571121e-46
1.739250000000000000e+03 2.642570562540941713e-46
1.739375000000000000e+03 3.083337258922527264e-46
1.739500000000000000e+03 3.375914142927855276e-46
1.739625000000000000e+03 3.465991683263387990e-46
1.739750000000000000e+03 3.047541985105284580e-46
1.739875000000000000e+03 3.335833436520221843e-46
1.740000000000000000e+03 3.466347388230883225e-46
1.740125000000000000e+03 2.883942254228252157e-46
1.740250000000000000e+03 2.770138430096360383e-46
1.740375000000000000e+03 3.259568592060760749e-46
1.740500000000000000e+03 3.932792067412468859e-46
1.740625000000000000e+03 3.864626399251944709e-46
1.740750000000000000e+03 3.647816056883486396e-46
1.740875000000000000e+03 3.615186997231432604e-46
1.741000000000000000e+03 3.030227131548775125e-46
1.741125000000000000e+03 3.897275543848976814e-46
1.741250000000000000e+03 3.933593062852466388e-46
1.741375000000000000e+03 3.338457442814652076e-46
1.741500000000000000e+03 3.474987952034917976e-46
1.741625000000000000e+03 4.344309695969042933e-46
1.741750000000000000e+03 3.472725044021464921e-46
1.741875000000000000e+03 2.943293746378748792e-46
1.742000000000000000e+03 3.812646960003705198e-46
1.742125000000000000e+03 3.405342669339014270e-46
1.742250000000000000e+03 2.997408984643124391e-46
1.742375000000000000e+03 3.570310323729743370e-46
1.742500000000000000e+03 3.106445398099768525e-46
1.742625000000000000e+03 3.020606627932051907e-46
1.742750000000000000e+03 2.510003894035622913e-46
1.742875000000000000e+03 3.982541437855858303e-46
1.743000000000000000e+03 3.457772869825955360e-46
1.743125000000000000e+03 3.793020948961802792e-46
1.743250000000000000e+03 3.040571646769881012e-46
1.743375000000000000e+03 4.113034949147028344e-46
1.743500000000000000e+03 3.145570565973331989e-46
1.743625000000000000e+03 2.784919396680176525e-46
1.743750000000000000e+03 3.793170466137010405e-46
1.743875000000000000e+03 3.322969437549311472e-46
1.744000000000000000e+03 4.183437224133629505e-46
1.744125000000000000e+03 3.090629779696882213e-46
1.744250000000000000e+03 2.875636175157242524e-46
1.744375000000000000e+03 2.960332105914490859e-46
1.744500000000000000e+03 3.713175140092155910e-46
1.744625000000000000e+03 3.318430972043809175e-46
1.744750000000000000e+03 2.839431303696699510e-46
1.744875000000000000e+03 2.999094473499602186e-46
1.745000000000000000e+03 2.969523050894227511e-46
1.745125000000000000e+03 4.082233880746613509e-46
1.745250000000000000e+03 3.076407412847616387e-46
1.745375000000000000e+03 2.756436630143099713e-46
1.745500000000000000e+03 3.219949034504265329e-46
1.745625000000000000e+03 4.373474508360041280e-46
1.745750000000000000e+03 3.515166183591572334e-46
1.745875000000000000e+03 3.292343894420686559e-46
1.746000000000000000e+03 3.435796040063047454e-46
1.746125000000000000e+03 3.392094357356118095e-46
1.746250000000000000e+03 2.527675449417864902e-46
1.746375000000000000e+03 4.374394913915749577e-46
1.746500000000000000e+03 3.233851234453194312e-46
1.746625000000000000e+03 3.693592815294587598e-46
1.746750000000000000e+03 3.182212130199445249e-46
1.746875000000000000e+03 3.797273708462687959e-46
1.747000000000000000e+03 3.866605332369694534e-46
1.747125000000000000e+03 5.013769698507402383e-46
1.747250000000000000e+03 3.246993767907843614e-46
1.747375000000000000e+03 3.247089162857033730e-46
1.747500000000000000e+03 2.945128101501185170e-46
1.747625000000000000e+03 3.494182826634708763e-46
1.747750000000000000e+03 3.900594946567809362e-46
1.747875000000000000e+03 2.764905469303756645e-46
1.748000000000000000e+03 3.332685380414629116e-46
1.748125000000000000e+03 3.227086841469326206e-46
1.748250000000000000e+03 3.686135112136000684e-46
1.748375000000000000e+03 3.437310935218052902e-46
1.748500000000000000e+03 2.909845284045011534e-46
1.748625000000000000e+03 3.216099341668444823e-46
1.748750000000000000e+03 3.278669539825280966e-46
1.748875000000000000e+03 3.426225861246754962e-46
1.749000000000000000e+03 3.334674775118159696e-46
1.749125000000000000e+03 2.901576995479315769e-46
1.749250000000000000e+03 3.160453953732758246e-46
1.749375000000000000e+03 3.066282884221373986e-46
1.749500000000000000e+03 3.944044024682038987e-46
1.749625000000000000e+03 3.660594601194237359e-46
1.749750000000000000e+03 2.869714052010538788e-46
1.749875000000000000e+03 3.673771750382820044e-46
1.750000000000000000e+03 3.295206844524248407e-46
1.750125000000000000e+03 3.302714902108171809e-46
1.750250000000000000e+03 3.086273722282707524e-46
1.750375000000000000e+03 2.948403176114695698e-46
1.750500000000000000e+03 3.204981878657734508e-46
1.750625000000000000e+03 3.743598655227287719e-46
1.750750000000000000e+03 4.320816568868086539e-46
1.750875000000000000e+03 3.313450551674515370e-46
1.751000000000000000e+03 3.629392698693157479e-46
1.751125000000000000e+03 3.833534180027265679e-46
1.751250000000000000e+03 3.430128987244769328e-46
1.751375000000000000e+03 4.043991776298362039e-46
1.751500000000000000e+03 2.947202060946044290e-46
1.751625000000000000e+03 3.923332436414344610e-46
1.751750000000000000e+03 3.378269152131645915e-46
1.751875000000000000e+03 3.386727164758766190e-46
1.752000000000000000e+03 3.159439480522443153e-46
1.752125000000000000e+03 3.627801676505168294e-46
1.752250000000000000e+03 2.937104593293339642e-46
1.752375000000000000e+03 3.078368756704952763e-46
1.752500000000000000e+03 3.012504804325922833e-46
1.752625000000000000e+03 3.373684483026417337e-46
1.752750000000000000e+03 3.724558631431588058e-46
1.752875000000000000e+03 3.853550036358277460e-46
1.753000000000000000e+03 2.732079486975367860e-46
1.753125000000000000e+03 3.076818356841324939e-46
1.753250000000000000e+03 2.910844956907878203e-46
1.753375000000000000e+03 2.526880885103633263e-46
1.753500000000000000e+03 3.514530405583500550e-46
1.753625000000000000e+03 3.473955971156007702e-46
1.753750000000000000e+03 3.261984351283496201e-46
1.753875000000000000e+03 3.026988550399516850e-46
1.754000000000000000e+03 2.627184084627745530e-46
1.754125000000000000e+03 4.096008406624564086e-46
1.754250000000000000e+03 4.031307370784320104e-46
1.754375000000000000e+03 3.378616670540755623e-46
1.754500000000000000e+03 2.658402694608836256e-46
1.754625000000000000e+03 2.817085798360227756e-46
1.754750000000000000e+03 3.108863055480437568e-46
1.754875000000000000e+03 3.068863208714918117e-46
1.755000000000000000e+03 3.356221390505063506e-46
1.755125000000000000e+03 3.782896596277495667e-46
1.755250000000000000e+03 3.324297626443834441e-46
1.755375000000000000e+03 3.160887912308778094e-46
1.755500000000000000e+03 2.927580401588718715e-46
1.755625000000000000e+03 3.166620267876416581e-46
1.755750000000000000e+03 3.038049613452730333e-46
1.755875000000000000e+03 3.060453323596401891e-46
1.756000000000000000e+03 3.772862469333868456e-46
1.756125000000000000e+03 4.730358856550747987e-46
1.756250000000000000e+03 3.230910824226308746e-46
1.756375000000000000e+03 3.319013262219547707e-46
1.756500000000000000e+03 2.498762066194106983e-46
1.756625000000000000e+03 2.930513564888456651e-46
1.756750000000000000e+03 3.810053868473685908e-46
1.756875000000000000e+03 2.829583590026483928e-46
1.757000000000000000e+03 3.892087490524832075e-46
1.757125000000000000e+03 3.090021486116370292e-46
1.757250000000000000e+03 3.749495953094335359e-46
1.757375000000000000e+03 3.562494258386125514e-46
1.757500000000000000e+03 3.901478640137048571e-46
1.757625000000000000e+03 3.639453680062173348e-46
1.757750000000000000e+03 3.016704176485819499e-46
1.757875000000000000e+03 3.897293880464178950e-46
1.758000000000000000e+03 4.110095764393641218e-46
1.758125000000000000e+03 4.092011935987187911e-46
1.758250000000000000e+03 2.959130974754370790e-46
1.758375000000000000e+03 3.405373127136020575e-46
1.758500000000000000e+03 3.145070269834204796e-46
1.758625000000000000e+03 3.947425040149687502e-46
1.758750000000000000e+03 3.832539376556275508e-46
1.758875000000000000e+03 3.716426471269221774e-46
1.759000000000000000e+03 3.733385120153370430e-46
1.759125000000000000e+03 3.557746941687634467e-46
1.759250000000000000e+03 3.269292312263861203e-46
1.759375000000000000e+03 2.992094360630957239e-46
1.759500000000000000e+03 3.671262388183755324e-46
1.759625000000000000e+03 3.072113484418827791e-46
1.759750000000000000e+03 2.756463390534215448e-46
1.759875000000000000e+03 2.743218460069430714e-46
1.760000000000000000e+03 3.118234440889610600e-46
1.760125000000000000e+03 3.220816138419543007e-46
1.760250000000000000e+03 3.430500657607501661e-46
1.760375000000000000e+03 3.639175934829201680e-46
1.760500000000000000e+03 4.129480445164283802e-46
1.760625000000000000e+03 4.594906916779908094e-46
1.760750000000000000e+03 4.189738321731721206e-46
1.760875000000000000e+03 2.988855397257321401e-46
1.761000000000000000e+03 2.780950378306884273e-46
1.761125000000000000e+03 3.480985038484436414e-46
1.761250000000000000e+03 3.451119630247212693e-46
1.761375000000000000e+03 2.677373127997102650e-46
1.761500000000000000e+03 2.834173075544660581e-46
1.761625000000000000e+03 2.947624436823439184e-46
1.761750000000000000e+03 2.886139862362553906e-46
1.761875000000000000e+03 3.706249253500350717e-46
1.762000000000000000e+03 3.363545716342888835e-46
1.762125000000000000e+03 3.719175018781097348e-46
1.762250000000000000e+03 3.385397595537567871e-46
1.762375000000000000e+03 3.528887868630178102e-46
1.762500000000000000e+03 3.928801982560533611e-46
1.762625000000000000e+03 3.250339047723883914e-46
1.762750000000000000e+03 3.615501588655835102e-46
1.762875000000000000e+03 2.845081920087129274e-46
1.763000000000000000e+03 3.514711131283303537e-46
1.763125000000000000e+03 3.176489675510891656e-46
1.763250000000000000e+03 3.313091942293207062e-46
1.763375000000000000e+03 3.354127434507328685e-46
1.763500000000000000e+03 2.871475605849489267e-46
1.763625000000000000e+03 3.067277732599898245e-46
1.763750000000000000e+03 3.165700518616312690e-46
1.763875000000000000e+03 3.505729774364630905e-46
1.764000000000000000e+03 3.237158704804302881e-46
1.764125000000000000e+03 3.058555647771173936e-46
1.764250000000000000e+03 2.850817759148306917e-46
1.764375000000000000e+03 3.545577262172528083e-46
1.764500000000000000e+03 2.683028047967075949e-46
1.764625000000000000e+03 3.150947964071590472e-46
1.764750000000000000e+03 3.932187285286530145e-46
1.764875000000000000e+03 3.307511732764800825e-46
1.765000000000000000e+03 3.387393153338561050e-46
1.765125000000000000e+03 2.928949981365207078e-46
1.765250000000000000e+03 2.712746792943609879e-46
1.765375000000000000e+03 3.076022568052574725e-46
1.765500000000000000e+03 2.692474134519578750e-46
1.765625000000000000e+03 2.803916800845820485e-46
1.765750000000000000e+03 3.079038303993770619e-46
1.765875000000000000e+03 3.016270102084199660e-46
1.766000000000000000e+03 3.739011122327709188e-46
1.766125000000000000e+03 3.502957492613522363e-46
1.766250000000000000e+03 4.094721967834685591e-46
1.766375000000000000e+03 3.350615689522948477e-46
1.766500000000000000e+03 3.109989131158414349e-46
1.766625000000000000e+03 3.607123551529393984e-46
1.766750000000000000e+03 3.490994832550363193e-46
1.766875000000000000e+03 3.378984071591378267e-46
1.767000000000000000e+03 3.333697650472822368e-46
1.767125000000000000e+03 3.475988798372827670e-46
1.767250000000000000e+03 3.826555134305494221e-46
1.767375000000000000e+03 3.918432562535191973e-46
1.767500000000000000e+03 3.977021254844543602e-46
1.767625000000000000e+03 3.323495492662276600e-46
1.767750000000000000e+03 3.199562362677377257e-46
1.767875000000000000e+03 3.751003879520719389e-46
1.768000000000000000e+03 3.735923710148516211e-46
1.768125000000000000e+03 2.911397892829386291e-46
1.768250000000000000e+03 3.972849088188189799e-46
1.768375000000000000e+03 2.808728654933885999e-46
1.768500000000000000e+03 3.909006489715174005e-46
1.768625000000000000e+03 3.404216031362380361e-46
1.768750000000000000e+03 4.314954830274754612e-46
1.768875000000000000e+03 3.892532718625310845e-46
1.769000000000000000e+03 3.183142229146852374e-46
1.769125000000000000e+03 2.870670549595345736e-46
1.769250000000000000e+03 3.704185537932871895e-46
1.769375000000000000e+03 3.389019402142493666e-46
1.769500000000000000e+03 3.682777828614826394e-46
1.769625000000000000e+03 3.273366595806942096e-46
1.769750000000000000e+03 3.821552545017677610e-46
1.769875000000000000e+03 3.497510295529711378e-46
1.770000000000000000e+03 3.499514173728205034e-46
1.770125000000000000e+03 3.330182695203548365e-46
1.770250000000000000e+03 2.670634540492974429e-46
1.770375000000000000e+03 3.291492116931861966e-46
1.770500000000000000e+03 4.346011639242433044e-46
1.770625000000000000e+03 3.386567875069941855e-46
1.770750000000000000e+03 3.672916540143276416e-46
1.770875000000000000e+03 3.665771304527406148e-46
1.771000000000000000e+03 2.966379025077353763e-46
1.771125000000000000e+03 3.586099605347295564e-46
1.771250000000000000e+03 3.828324891814809963e-46
1.771375000000000000e+03 3.610076701179584488e-46
1.771500000000000000e+03 2.977990346442219903e-46
1.771625000000000000e+03 3.068412545028746992e-46
1.771750000000000000e+03 3.672983868555762686e-46
1.771875000000000000e+03 3.603210498954594276e-46
1.772000000000000000e+03 2.700816487978511739e-46
1.772125000000000000e+03 2.552450607794917412e-46
1.772250000000000000e+03 3.379636620163498105e-46
1.772375000000000000e+03 3.470638641893495952e-46
1.772500000000000000e+03 3.280554178965481708e-46
1.772625000000000000e+03 3.631283827642902610e-46
1.772750000000000000e+03 3.905321716418296244e-46
1.772875000000000000e+03 2.549844671392841609e-46
1.773000000000000000e+03 3.596983186826698425e-46
1.773125000000000000e+03 3.405608590183907235e-46
1.773250000000000000e+03 3.696411045480346462e-46
1.773375000000000000e+03 3.465225870925087807e-46
1.773500000000000000e+03 3.253312629463871954e-46
1.773625000000000000e+03 3.140083302360157116e-46
1.773750000000000000e+03 4.555542385583915718e-46
1.773875000000000000e+03 4.058468616765978654e-46
1.774000000000000000e+03 3.860815055642293136e-46
1.774125000000000000e+03 2.905790917134837300e-46
1.774250000000000000e+03 3.198172893345079361e-46
1.774375000000000000e+03 2.974325121805732927e-46
1.774500000000000000e+03 3.009322836076820784e-46
1.774625000000000000e+03 3.302109998145485049e-46
1.774750000000000000e+03 2.720774119419036208e-46
1.774875000000000000e+03 3.426733271044270131e-46
1.775000000000000000e+03 2.859205632333196410e-46
1.775125000000000000e+03 2.999823543146706018e-46
1.775250000000000000e+03 2.633520296817899659e-46
1.775375000000000000e+03 3.067954850534982824e-46
1.775500000000000000e+03 2.942642134205818627e-46
1.775625000000000000e+03 3.484079111165274967e-46
1.775750000000000000e+03 3.226668981106799978e-46
1.775875000000000000e+03 4.153821066358800133e-46
1.776000000000000000e+03 3.755113568506507462e-46
1.776125000000000000e+03 3.661076197383258833e-46
1.776250000000000000e+03 4.053632092462952298e-46
1.776375000000000000e+03 3.064747687361957202e-46
1.776500000000000000e+03 3.362179775619858160e-46
1.776625000000000000e+03 4.187868652643890603e-46
1.776750000000000000e+03 3.503532973126520415e-46
1.776875000000000000e+03 4.401051565860838467e-46
1.777000000000000000e+03 3.308830698233899614e-46
1.777125000000000000e+03 2.589126972122709553e-46
1.777250000000000000e+03 3.232425244878798230e-46
1.777375000000000000e+03 3.458816872798898534e-46
1.777500000000000000e+03 3.800798172035104599e-46
1.777625000000000000e+03 3.914941456911766589e-46
1.777750000000000000e+03 3.499611751998709269e-46
1.777875000000000000e+03 3.346503127514301266e-46
1.778000000000000000e+03 3.655676770989244664e-46
1.778125000000000000e+03 3.760528505533889106e-46
1.778250000000000000e+03 3.821668622324235974e-46
1.778375000000000000e+03 3.148454413005551475e-46
1.778500000000000000e+03 3.694186260319264793e-46
1.778625000000000000e+03 3.754785297265411168e-46
1.778750000000000000e+03 2.667220894301150388e-46
1.778875000000000000e+03 2.756500962127420347e-46
1.779000000000000000e+03 3.691658024344437775e-46
1.779125000000000000e+03 3.711773759415881339e-46
1.779250000000000000e+03 2.817924161979735710e-46
1.779375000000000000e+03 5.212450724296807239e-46
1.779500000000000000e+03 2.945702746250500672e-46
1.779625000000000000e+03 2.979170095744032488e-46
1.779750000000000000e+03 3.011659262967736678e-46
1.779875000000000000e+03 3.089355166351832871e-46
1.780000000000000000e+03 3.560590419014771117e-46
1.780125000000000000e+03 3.489574259490992284e-46
1.780250000000000000e+03 3.250580362344863556e-46
1.780375000000000000e+03 4.171702039626327367e-46
1.780500000000000000e+03 3.381359731187957727e-46
1.780625000000000000e+03 3.795692097026270857e-46
1.780750000000000000e+03 3.917830659871205158e-46
1.780875000000000000e+03 3.013899538634294464e-46
1.781000000000000000e+03 3.081805833680769701e-46
1.781125000000000000e+03 2.730314217973870695e-46
1.781250000000000000e+03 4.217953072937184547e-46
1.781375000000000000e+03 3.982817334257754552e-46
1.781500000000000000e+03 3.694373300011512137e-46
1.781625000000000000e+03 3.452078297208676665e-46
1.781750000000000000e+03 3.215955235450258353e-46
1.781875000000000000e+03 3.652802735523436810e-46
1.782000000000000000e+03 3.458277123320948866e-46
1.782125000000000000e+03 3.792045806285794184e-46
1.782250000000000000e+03 3.549311394485626705e-46
1.782375000000000000e+03 3.442168486756702603e-46
1.782500000000000000e+03 2.574392620628526607e-46
1.782625000000000000e+03 2.874486011538419462e-46
1.782750000000000000e+03 4.193566264567647586e-46
1.782875000000000000e+03 3.705685298417411974e-46
1.783000000000000000e+03 3.980971890391562286e-46
1.783125000000000000e+03 3.744013067089080022e-46
1.783250000000000000e+03 2.879904121452434067e-46
1.783375000000000000e+03 3.496515851276726025e-46
1.783500000000000000e+03 3.388556398866989373e-46
1.783625000000000000e+03 2.863898017333654830e-46
1.783750000000000000e+03 4.202116302355629425e-46
1.783875000000000000e+03 3.580766365299741657e-46
1.784000000000000000e+03 2.484732489360531592e-46
1.784125000000000000e+03 2.377754954352117022e-46
1.784250000000000000e+03 3.533130927915298455e-46
1.784375000000000000e+03 3.509741261976653341e-46
1.784500000000000000e+03 4.376359891530881321e-46
1.784625000000000000e+03 3.048746578984960719e-46
1.784750000000000000e+03 4.551727894574194448e-46
1.784875000000000000e+03 3.202314093397546953e-46
1.785000000000000000e+03 3.281458432271216302e-46
1.785125000000000000e+03 3.303487279482542184e-46
1.785250000000000000e+03 3.639632526466120289e-46
1.785375000000000000e+03 3.929206143216044127e-46
1.785500000000000000e+03 3.369216470459975586e-46
1.785625000000000000e+03 3.116143841332849357e-46
1.785750000000000000e+03 2.349735747632885662e-46
1.785875000000000000e+03 4.049569996654063286e-46
1.786000000000000000e+03 3.802121214393701186e-46
1.786125000000000000e+03 3.013982391776276220e-46
1.786250000000000000e+03 3.218272113874659948e-46
1.786375000000000000e+03 3.109776331047086667e-46
1.786500000000000000e+03 2.852823971803520313e-46
1.786625000000000000e+03 3.265111731425962999e-46
1.786750000000000000e+03 3.683955978599012947e-46
1.786875000000000000e+03 3.292398181587586701e-46
1.787000000000000000e+03 3.544323819956057122e-46
1.787125000000000000e+03 3.220818433513459774e-46
1.787250000000000000e+03 3.218342810942929162e-46
1.787375000000000000e+03 3.598168967114802142e-46
1.787500000000000000e+03 3.868462487745662946e-46
1.787625000000000000e+03 3.628743496614348606e-46
1.787750000000000000e+03 3.828717886517171815e-46
1.787875000000000000e+03 3.827155354229272314e-46
1.788000000000000000e+03 3.104739263453491675e-46
1.788125000000000000e+03 3.200362113164178926e-46
1.788250000000000000e+03 2.424828141670885783e-46
1.788375000000000000e+03 3.892425457546291161e-46
1.788500000000000000e+03 3.297832841807938965e-46
1.788625000000000000e+03 3.347095767807751660e-46
1.788750000000000000e+03 2.988409901668655448e-46
1.788875000000000000e+03 2.719860188957693123e-46
1.789000000000000000e+03 3.102406364142587890e-46
1.789125000000000000e+03 4.279869607826107881e-46
1.789250000000000000e+03 3.221646795908542077e-46
1.789375000000000000e+03 3.656253356028989308e-46
1.789500000000000000e+03 3.670068815262282985e-46
1.789625000000000000e+03 3.737926893837459009e-46
1.789750000000000000e+03 3.989772905467554458e-46
1.789875000000000000e+03 3.259302468250262302e-46
1.790000000000000000e+03 3.496356739289453265e-46
1.790125000000000000e+03 3.435921684835374755e-46
1.790250000000000000e+03 3.043599343191142108e-46
1.790375000000000000e+03 3.132546765922836257e-46
1.790500000000000000e+03 3.917797615044302241e-46
1.790625000000000000e+03 3.638588793400743511e-46
1.790750000000000000e+03 3.960454705447490790e-46
1.790875000000000000e+03 3.520066755208382160e-46
1.791000000000000000e+03 2.883065711497828221e-46
1.791125000000000000e+03 3.582429421575044319e-46
1.791250000000000000e+03 3.909343981146197927e-46
1.791375000000000000e+03 3.554537876144502125e-46
1.791500000000000000e+03 3.491042940360797259e-46
1.791625000000000000e+03 2.832274290189851200e-46
1.791750000000000000e+03 3.501264467495162372e-46
1.791875000000000000e+03 3.521478781420499644e-46
1.792000000000000000e+03 3.181069291276543990e-46
1.792125000000000000e+03 3.335984874816282032e-46
1.792250000000000000e+03 3.716131498148398327e-46
1.792375000000000000e+03 3.542316257563236232e-46
1.792500000000000000e+03 2.998576857201928706e-46
1.792625000000000000e+03 3.162476859944849636e-46
1.792750000000000000e+03 3.371995685118204709e-46
1.792875000000000000e+03 4.050554499489245414e-46
1.793000000000000000e+03 3.409865048680654820e-46
1.793125000000000000e+03 3.642636001663695877e-46
1.793250000000000000e+03 3.247940104966849517e-46
1.793375000000000000e+03 2.813937517869894800e-46
1.793500000000000000e+03 2.783029739814017052e-46
1.793625000000000000e+03 3.535796738867047309e-46
1.793750000000000000e+03 3.028753838801506064e-46
1.793875000000000000e+03 3.306678563437880377e-46
1.794000000000000000e+03 3.489577120832386746e-46
1.794125000000000000e+03 4.669924269705825402e-46
1.794250000000000000e+03 3.112007606898939529e-46
1.794375000000000000e+03 2.830799489036894123e-46
1.794500000000000000e+03 4.038990353662327180e-46
1.794625000000000000e+03 3.639919079333220612e-46
1.794750000000000000e+03 3.911313465260279411e-46
1.794875000000000000e+03 3.998499353764254430e-46
1.795000000000000000e+03 3.547570460364089027e-46
1.795125000000000000e+03 3.090151131790926584e-46
1.795250000000000000e+03 3.519192990897523201e-46
1.795375000000000000e+03 3.925093445974599576e-46
1.795500000000000000e+03 3.368179257472400225e-46
1.795625000000000000e+03 3.772753981537282066e-46
1.795750000000000000e+03 3.668990779338761997e-46
1.795875000000000000e+03 3.485926273936711740e-46
1.796000000000000000e+03 3.114167097874652724e-46
1.796125000000000000e+03 2.981772940083544257e-46
1.796250000000000000e+03 3.550881452628195561e-46
1.796375000000000000e+03 3.863664335768284299e-46
1.796500000000000000e+03 3.122388696527357259e-46
1.796625000000000000e+03 3.684132725351840292e-46
1.796750000000000000e+03 3.234715906500581868e-46
1.796875000000000000e+03 3.445462437176699333e-46
1.797000000000000000e+03 3.808291393303392544e-46
1.797125000000000000e+03 3.370488082193203469e-46
1.797250000000000000e+03 3.810325634261096916e-46
1.797375000000000000e+03 3.271001570867164856e-46
1.797500000000000000e+03 3.744221403935793599e-46
1.797625000000000000e+03 3.588452231119657447e-46
1.797750000000000000e+03 3.969940777717764142e-46
1.797875000000000000e+03 4.239705944272410224e-46
1.798000000000000000e+03 3.217234183042724628e-46
1.798125000000000000e+03 4.315628418661675208e-46
1.798250000000000000e+03 3.242325727051020513e-46
1.798375000000000000e+03 3.476576890944136265e-46
1.798500000000000000e+03 3.350883333461766029e-46
1.798625000000000000e+03 3.418198493039830184e-46
1.798750000000000000e+03 3.032529196279334776e-46
1.798875000000000000e+03 2.769626873647536811e-46
1.799000000000000000e+03 3.218394219232690712e-46
1.799125000000000000e+03 4.250814845578693507e-46
1.799250000000000000e+03 3.796570745589442337e-46
1.799375000000000000e+03 3.656310323553524278e-46
1.799500000000000000e+03 3.292638419439009992e-46
1.799625000000000000e+03 4.542867075337367739e-46
1.799750000000000000e+03 3.844679800448969779e-46
1.799875000000000000e+03 3.381132637740500312e-46
1.800000000000000000e+03 3.376894464354713819e-46
1.800125000000000000e+03 3.794788908359277618e-46
1.800250000000000000e+03 4.581759794949732218e-46
1.800375000000000000e+03 3.429615233450912300e-46
1.800500000000000000e+03 3.156414388497316417e-46
1.800625000000000000e+03 3.285326569531195856e-46
1.800750000000000000e+03 3.738801880188665613e-46
1.800875000000000000e+03 3.635834517433170539e-46
1.801000000000000000e+03 3.179889292942775379e-46
1.801125000000000000e+03 3.486703207037961976e-46
1.801250000000000000e+03 3.329770748849880211e-46
1.801375000000000000e+03 3.660446927542661901e-46
1.801500000000000000e+03 2.906620407178542382e-46
1.801625000000000000e+03 4.344883850222018009e-46
1.801750000000000000e+03 3.030977110718519340e-46
1.801875000000000000e+03 2.673527100234433481e-46
1.802000000000000000e+03 3.727898094602589355e-46
1.802125000000000000e+03 3.993803638329762790e-46
1.802250000000000000e+03 3.517132140385699573e-46
1.802375000000000000e+03 4.496189205752940945e-46
1.802500000000000000e+03 3.629248081248503809e-46
1.802625000000000000e+03 3.317276219250091445e-46
1.802750000000000000e+03 3.498086771809645710e-46
1.802875000000000000e+03 4.014290683467496212e-46
1.803000000000000000e+03 3.999327325516383203e-46
1.803125000000000000e+03 3.521097842406057255e-46
1.803250000000000000e+03 3.630941606096200205e-46
1.803375000000000000e+03 3.138885078526443356e-46
1.803500000000000000e+03 3.155487539128617324e-46
1.803625000000000000e+03 3.419889503490177808e-46
1.803750000000000000e+03 3.413054705922562405e-46
1.803875000000000000e+03 3.979119781857437885e-46
1.804000000000000000e+03 3.664899687091096009e-46
1.804125000000000000e+03 3.722143817164846585e-46
1.804250000000000000e+03 2.623709870970209544e-46
1.804375000000000000e+03 2.910746085019965660e-46
1.804500000000000000e+03 3.136963777920945788e-46
1.804625000000000000e+03 3.116978750665216804e-46
1.804750000000000000e+03 2.985070483986643839e-46
1.804875000000000000e+03 4.129519931929190790e-46
1.805000000000000000e+03 3.988344737204476190e-46
1.805125000000000000e+03 3.977503864799373172e-46
1.805250000000000000e+03 3.238906719709414109e-46
1.805375000000000000e+03 3.135912032167992317e-46
1.805500000000000000e+03 3.409803821533052424e-46
1.805625000000000000e+03 4.083230037791105017e-46
1.805750000000000000e+03 3.932786942452028926e-46
1.805875000000000000e+03 3.017057033855072631e-46
1.806000000000000000e+03 3.601416888159222676e-46
1.806125000000000000e+03 3.085795137122616062e-46
1.806250000000000000e+03 3.174269028312185469e-46
1.806375000000000000e+03 3.742405511512680240e-46
1.806500000000000000e+03 3.191386052661886367e-46
1.806625000000000000e+03 3.994371928456912564e-46
1.806750000000000000e+03 3.698614082324549265e-46
1.806875000000000000e+03 3.599759117931801790e-46
1.807000000000000000e+03 3.556063306047197352e-46
1.807125000000000000e+03 3.087782386589313031e-46
1.807250000000000000e+03 4.075147418793369763e-46
1.807375000000000000e+03 3.951261425010463387e-46
1.807500000000000000e+03 4.313703515024107543e-46
1.807625000000000000e+03 3.490712789848429329e-46
1.807750000000000000e+03 3.665204638612329655e-46
1.807875000000000000e+03 3.208126325219959899e-46
1.808000000000000000e+03 3.046694631913023037e-46
1.808125000000000000e+03 2.949109031492410677e-46
1.808250000000000000e+03 3.887674452049376194e-46
1.808375000000000000e+03 4.656611782615114520e-46
1.808500000000000000e+03 3.971906528058411463e-46
1.808625000000000000e+03 3.748426930235321118e-46
1.808750000000000000e+03 3.459197485100189550e-46
1.808875000000000000e+03 3.309033257620735744e-46
1.809000000000000000e+03 3.407511762236947724e-46
1.809125000000000000e+03 3.501179390013731737e-46
1.809250000000000000e+03 4.655193624993540896e-46
1.809375000000000000e+03 3.434195059765895912e-46
1.809500000000000000e+03 3.816610370150761879e-46
1.809625000000000000e+03 3.304071674976072968e-46
1.809750000000000000e+03 2.489950660665512872e-46
1.809875000000000000e+03 3.957126343494942645e-46
